University_ID,Region,Institution_Type,Student_Scale,Faculty_Scale,Education_Budget_wan,Per100_Computers,Network_Coverage_%,IT_Budget_Ratio_%,IT_Staff_Ratio_%,Info_System_Count,Data_Governance_Score,Online_Service_Rate_%,Digital_Literacy_Score,Cybersecurity_Investment_%,System_Uptime_%,Management_Status
UNI0000,Central,Vocational,19387.61,1952.02,61224.47,30.43,97.27,1.82,0.66,31.58,74.33,49.67,60.43,3.26,98.65,Suboptimal
UNI0001,East,Vocational,14097.21,2004.37,23358.96,44.08,98.46,6.92,0.71,57.62,69.63,72.77,70.17,11.47,97.92,Optimal
UNI0002,Central,Vocational,4799.38,1347.96,129614.71,37.88,100.0,3.44,0.37,37.28,54.88,48.29,74.76,16.07,97.72,Suboptimal
UNI0003,East,Undergraduate,26752.22,4157.96,107478.81,56.0,96.76,1.49,0.21,79.22,62.77,61.92,56.71,14.71,100.0,Optimal
UNI0004,West,Undergraduate,19787.94,2319.49,82181.03,58.78,100.0,5.13,0.31,54.77,87.6,41.44,80.85,14.52,99.06,Optimal
UNI0005,East,Undergraduate,24568.26,1392.52,205920.53,60.27,99.89,2.34,0.75,47.63,91.28,64.78,86.52,11.54,99.58,Optimal
UNI0006,East,Vocational,5207.56,200.0,147112.82,36.16,99.72,2.49,0.5,9.14,74.48,82.44,92.44,13.33,97.83,Optimal
UNI0007,East,Vocational,3000.0,1530.11,129177.74,31.69,98.94,0.93,0.09,11.33,47.18,33.12,41.84,5.94,97.98,Suboptimal
UNI0008,East,Vocational,10902.45,607.58,265562.59,55.79,98.2,2.33,0.73,56.31,70.72,42.48,76.51,12.02,99.1,Suboptimal
UNI0009,East,Undergraduate,13873.76,999.47,183992.09,42.96,99.23,3.91,0.45,42.39,61.32,46.68,63.62,13.97,96.79,Suboptimal
UNI0010,East,Vocational,22275.5,2648.13,254058.53,67.41,100.0,3.85,0.89,18.59,65.4,54.48,73.33,11.44,100.0,Optimal
UNI0011,East,Vocational,14620.54,587.27,79940.51,20.91,99.69,4.66,0.63,5.0,100.0,79.24,59.42,4.56,97.34,Suboptimal
UNI0012,East,Vocational,15687.17,754.42,10000.0,33.99,99.56,1.58,0.05,39.74,65.01,72.7,72.95,16.35,99.75,Optimal
UNI0013,East,Undergraduate,17815.73,3458.66,200999.36,47.0,99.27,2.57,1.03,63.13,94.1,90.08,91.19,17.99,100.0,Optimal
UNI0014,East,Undergraduate,10976.86,1154.73,114352.96,30.87,96.41,2.45,0.58,21.13,74.37,66.29,61.35,12.44,96.79,Suboptimal
UNI0015,East,Undergraduate,10247.33,1152.69,384212.15,75.88,96.57,7.15,0.57,90.03,51.0,53.06,90.6,5.55,95.93,Suboptimal
UNI0016,East,Undergraduate,5723.05,200.0,181022.65,42.9,97.34,2.8,0.18,73.08,44.66,44.45,46.0,5.32,97.94,Suboptimal
UNI0017,East,Vocational,4244.96,1382.34,10000.0,54.85,96.63,3.51,0.48,37.72,46.22,47.52,58.31,1.96,98.29,Suboptimal
UNI0018,East,Vocational,11497.7,200.0,10000.0,57.66,98.27,2.03,0.05,17.99,46.18,94.84,43.86,11.02,100.0,Suboptimal
UNI0019,East,Vocational,17927.96,326.78,39178.56,60.48,97.53,2.23,0.23,43.49,89.17,41.49,60.87,7.45,100.0,Optimal
UNI0020,West,Vocational,18422.46,601.21,143687.04,50.23,100.0,6.83,0.47,7.41,66.73,50.88,79.47,7.39,100.0,Suboptimal
UNI0021,West,Undergraduate,9437.73,2198.44,209483.24,68.21,96.67,4.55,0.49,98.5,70.7,53.53,88.1,23.08,97.63,Optimal
UNI0022,West,Vocational,14754.96,921.11,114174.28,44.99,95.41,2.01,0.52,41.88,67.08,55.4,51.21,12.47,97.55,Suboptimal
UNI0023,Central,Vocational,16769.49,200.0,10000.0,42.85,96.57,3.03,0.29,59.68,51.76,46.89,53.76,8.42,98.89,Suboptimal
UNI0024,Central,Vocational,3000.0,200.0,69954.59,43.25,97.08,0.98,0.89,22.72,87.19,81.25,85.48,14.25,98.74,Suboptimal
UNI0025,East,Vocational,19603.76,200.0,119710.12,42.05,97.65,2.0,0.58,18.7,58.83,53.82,81.43,19.55,97.88,Suboptimal
UNI0026,West,Undergraduate,21172.43,836.42,10000.0,52.31,98.47,1.85,0.48,74.21,63.46,65.68,84.01,16.27,96.95,Optimal
UNI0027,West,Vocational,8523.0,1123.3,88955.91,41.37,97.89,3.91,0.2,47.97,77.05,52.39,47.81,6.52,100.0,Suboptimal
UNI0028,West,Vocational,16770.42,2866.75,228613.43,54.03,99.57,1.84,0.51,65.28,63.55,47.11,74.28,15.15,99.25,Optimal
UNI0029,West,Vocational,19548.79,1266.55,252313.61,79.69,100.0,3.05,0.53,30.82,84.03,85.59,47.93,13.17,100.0,Suboptimal
UNI0030,East,Undergraduate,23522.9,2244.13,134162.97,38.41,99.33,3.6,0.55,82.7,21.72,49.88,43.15,6.09,97.64,Suboptimal
UNI0031,West,Undergraduate,29867.83,3283.73,139499.46,81.64,97.28,2.53,0.68,64.36,100.0,79.99,80.85,16.52,100.0,Optimal
UNI0032,West,Vocational,11739.78,1357.84,78993.56,44.99,97.4,2.13,0.53,36.56,65.95,73.43,86.42,12.99,100.0,Optimal
UNI0033,East,Undergraduate,3000.0,492.26,185013.25,52.18,97.13,2.48,0.4,34.65,62.5,34.45,60.38,10.17,97.17,Suboptimal
UNI0034,West,Undergraduate,18329.91,3757.85,242355.17,40.5,97.55,1.69,0.3,116.75,56.41,57.54,57.66,8.39,98.06,Suboptimal
UNI0035,East,Undergraduate,13200.74,1639.47,233812.16,51.83,98.94,4.53,0.57,71.84,64.18,63.4,83.87,20.27,98.36,Optimal
UNI0036,West,Vocational,12310.27,734.38,10000.0,35.01,95.29,2.86,0.48,5.0,51.16,58.71,59.57,7.45,98.16,Suboptimal
UNI0037,West,Undergraduate,23391.79,2701.12,189030.4,32.62,97.63,4.22,0.55,76.82,65.39,68.42,35.02,11.73,99.29,Suboptimal
UNI0038,East,Vocational,14387.01,2004.04,10000.0,74.96,99.15,4.08,0.55,68.32,74.38,70.38,57.89,6.0,100.0,Optimal
UNI0039,Central,Undergraduate,37166.63,3812.69,276151.5,58.55,100.0,3.1,0.9,76.59,91.42,97.32,100.0,22.75,100.0,Optimal
UNI0040,East,Undergraduate,24821.11,2052.98,63029.35,60.24,99.06,3.43,0.17,60.58,81.13,65.33,81.19,16.8,97.88,Optimal
UNI0041,West,Vocational,7231.16,648.15,105148.81,23.17,98.08,1.98,0.21,29.68,62.12,7.51,54.23,9.74,97.92,Suboptimal
UNI0042,West,Undergraduate,9026.99,2038.25,351272.48,20.91,96.18,2.55,0.96,47.7,52.51,38.22,67.64,6.06,97.97,Suboptimal
UNI0043,Central,Undergraduate,34828.9,3083.42,264844.96,55.59,100.0,4.11,0.11,89.85,69.8,86.25,100.0,18.21,99.84,Optimal
UNI0044,West,Vocational,9457.63,1489.93,30750.07,43.01,100.0,2.92,0.87,37.4,74.7,58.19,90.73,21.18,100.0,Optimal
UNI0045,East,Vocational,10382.54,535.92,108277.86,32.89,97.12,3.21,0.56,25.49,83.3,52.18,80.58,11.83,100.0,Suboptimal
UNI0046,East,Undergraduate,22053.45,2939.6,439371.67,71.6,100.0,4.57,0.39,98.94,76.34,78.75,63.69,15.89,100.0,Optimal
UNI0047,East,Vocational,25958.47,2056.49,240814.79,42.41,100.0,2.27,0.84,71.92,72.38,96.8,64.82,19.88,100.0,Optimal
UNI0048,East,Undergraduate,19540.94,1522.71,346336.05,61.44,99.94,3.73,0.88,74.45,71.17,46.27,51.97,7.61,99.65,Optimal
UNI0049,East,Vocational,3000.0,1271.43,10000.0,32.44,96.59,0.5,0.05,20.54,81.23,70.35,50.46,17.66,97.12,Suboptimal
UNI0050,East,Undergraduate,19368.28,4029.87,309864.5,28.91,99.33,3.45,0.88,109.97,66.5,83.31,80.6,22.93,100.0,Optimal
UNI0051,East,Vocational,10807.49,426.77,23760.69,36.74,95.97,1.55,0.34,11.73,71.76,55.84,100.0,18.94,100.0,Optimal
UNI0052,East,Undergraduate,8074.15,1698.25,29556.9,54.54,97.74,6.71,0.85,40.33,100.0,55.46,77.75,17.01,99.4,Optimal
UNI0053,West,Undergraduate,7092.65,2650.13,478440.64,46.39,96.89,4.85,0.59,90.93,71.04,88.37,68.24,2.3,99.82,Optimal
UNI0054,East,Undergraduate,26420.8,2883.46,271021.74,65.02,99.7,5.56,0.71,110.62,54.39,49.49,87.73,6.11,98.89,Optimal
UNI0055,West,Vocational,3000.0,200.0,119590.25,38.16,95.44,2.97,0.19,41.04,38.63,29.43,38.79,4.29,97.27,Suboptimal
UNI0056,East,Vocational,21208.52,1074.56,23335.03,38.55,99.44,2.9,0.43,40.93,32.23,67.31,61.42,1.01,99.16,Suboptimal
UNI0057,East,Undergraduate,32918.72,2651.34,77810.32,56.24,99.13,4.66,0.89,48.84,85.03,64.64,93.35,16.83,98.11,Optimal
UNI0058,Central,Undergraduate,8705.83,200.0,262754.17,46.78,96.43,1.67,0.43,69.37,67.13,76.94,66.43,1.0,97.41,Suboptimal
UNI0059,East,Undergraduate,33591.98,3418.33,260352.16,50.06,98.26,5.83,0.9,112.78,63.16,50.37,100.0,14.72,96.18,Optimal
UNI0060,East,Undergraduate,22368.17,2717.18,267150.0,55.42,98.54,5.03,0.65,89.85,100.0,76.06,95.6,13.3,98.46,Optimal
UNI0061,Central,Vocational,30248.92,1963.24,204030.8,70.8,100.0,4.54,0.46,76.03,82.52,93.46,81.9,13.09,99.99,Optimal
UNI0062,East,Undergraduate,15704.2,2624.49,217988.85,41.66,97.53,4.85,0.38,102.05,68.73,62.1,75.24,21.43,100.0,Optimal
UNI0063,East,Vocational,3000.0,792.02,24848.27,59.2,99.57,3.26,0.78,19.92,66.45,81.51,78.54,15.15,99.61,Optimal
UNI0064,Central,Undergraduate,20780.25,1205.84,197198.98,42.91,97.81,5.37,0.99,43.67,62.64,81.49,75.77,5.6,98.93,Optimal
UNI0065,East,Undergraduate,24141.93,200.0,17196.6,38.01,98.17,2.02,0.05,51.78,50.77,48.71,70.23,12.96,96.46,Suboptimal
UNI0066,West,Vocational,8316.43,1513.4,132994.4,38.6,97.2,4.91,0.52,13.88,61.32,93.45,61.89,12.04,99.64,Suboptimal
UNI0067,East,Vocational,11455.11,1299.85,120847.52,22.09,98.13,3.28,0.61,12.66,40.05,63.06,53.51,6.17,98.45,Optimal
UNI0068,West,Vocational,22791.19,2708.6,195225.94,53.37,100.0,3.73,0.45,87.46,89.94,67.8,63.0,25.29,100.0,Optimal
UNI0069,West,Undergraduate,25076.37,801.65,74367.37,55.59,97.6,1.14,0.31,32.32,36.96,34.21,43.1,4.62,97.54,Suboptimal
UNI0070,West,Undergraduate,26017.22,2653.62,420511.86,67.45,100.0,2.55,0.49,70.23,79.7,90.62,48.78,14.88,100.0,Optimal
UNI0071,West,Vocational,34174.15,200.0,10000.0,44.75,99.16,1.32,0.81,5.0,72.39,53.89,72.41,12.07,99.3,Suboptimal
UNI0072,East,Undergraduate,22322.56,2277.51,179383.91,50.45,97.55,4.72,1.27,95.96,76.97,53.5,71.01,16.08,98.99,Optimal
UNI0073,Central,Vocational,12297.74,400.55,10000.0,41.78,97.93,0.5,0.07,47.21,70.21,68.72,58.06,6.61,98.93,Optimal
UNI0074,East,Vocational,28276.15,2159.06,152098.27,59.84,100.0,5.41,0.35,83.15,100.0,60.58,98.03,12.46,100.0,Optimal
UNI0075,West,Vocational,11846.41,2918.95,281338.54,60.57,100.0,4.02,0.85,79.02,65.66,72.07,67.25,18.08,99.43,Optimal
UNI0076,Central,Undergraduate,14936.01,1792.54,270907.9,54.94,96.34,3.47,0.73,67.48,76.19,58.24,57.25,10.54,98.34,Suboptimal
UNI0077,East,Vocational,12684.33,200.0,10000.0,29.25,96.87,0.5,0.5,39.65,62.17,39.1,39.59,11.5,97.37,Suboptimal
UNI0078,West,Undergraduate,19514.86,666.99,180725.48,64.06,97.99,1.63,0.18,62.03,72.52,25.17,73.96,4.29,98.69,Optimal
UNI0079,East,Undergraduate,17158.66,1920.2,314808.6,37.68,97.26,1.55,0.91,72.62,78.56,72.01,86.38,15.41,96.62,Optimal
UNI0080,Central,Undergraduate,9921.76,3312.95,364745.84,70.98,99.25,4.67,0.32,66.7,85.34,72.19,87.91,3.27,95.92,Optimal
UNI0081,Central,Vocational,10486.44,1398.49,96905.28,51.31,96.84,1.09,0.58,54.55,24.98,26.66,69.14,2.02,95.79,Suboptimal
UNI0082,East,Undergraduate,25011.67,3159.01,181279.2,71.23,97.6,2.33,0.69,50.4,58.39,48.62,69.57,8.93,98.88,Suboptimal
UNI0083,Central,Undergraduate,18829.06,2154.28,272694.05,50.31,99.58,5.54,1.14,56.96,67.05,89.06,67.77,15.04,97.36,Optimal
UNI0084,West,Undergraduate,23820.41,2473.94,14166.54,86.42,96.95,4.56,0.85,79.22,80.2,83.82,58.66,12.39,98.73,Optimal
UNI0085,East,Undergraduate,12343.09,2114.05,153178.3,47.68,96.24,2.93,0.41,33.48,68.32,55.46,55.69,4.18,97.37,Suboptimal
UNI0086,Central,Undergraduate,13623.96,1215.06,267696.98,53.09,96.29,3.23,0.52,34.1,54.7,73.45,64.12,7.22,97.55,Suboptimal
UNI0087,East,Vocational,22195.19,1535.8,250957.15,65.45,100.0,5.19,0.69,52.91,74.27,88.39,61.0,20.6,100.0,Optimal
UNI0088,Central,Vocational,13887.36,276.47,99689.17,40.91,99.8,2.8,0.17,56.38,56.32,88.39,53.58,11.48,100.0,Optimal
UNI0089,East,Vocational,24763.55,200.0,10000.0,56.39,99.27,0.5,0.52,24.75,42.09,72.25,67.91,7.94,98.67,Optimal
UNI0090,West,Undergraduate,27960.79,2497.06,376349.5,49.02,97.47,4.94,1.11,88.27,62.91,38.91,81.52,14.06,100.0,Optimal
UNI0091,West,Vocational,7440.73,200.0,181550.41,60.99,97.27,2.84,0.32,33.92,70.22,55.44,62.82,19.52,99.37,Suboptimal
UNI0092,East,Undergraduate,40671.12,2663.36,309989.6,77.54,98.88,5.41,0.9,123.83,66.4,43.37,64.93,12.14,97.45,Optimal
UNI0093,East,Vocational,6368.84,1716.07,127510.97,48.92,97.83,2.29,1.1,43.49,63.51,59.98,87.88,1.0,97.31,Suboptimal
UNI0094,Central,Undergraduate,19572.72,1919.07,10000.0,44.25,98.51,2.67,0.91,76.08,85.9,47.61,38.99,8.94,98.71,Optimal
UNI0095,Central,Vocational,10248.36,492.15,208386.77,27.93,94.51,3.63,0.46,32.94,69.16,33.38,74.15,7.52,97.86,Suboptimal
UNI0096,East,Vocational,4214.83,1370.51,182788.32,24.29,100.0,2.33,0.55,22.81,90.2,83.61,84.56,5.72,99.22,Optimal
UNI0097,East,Vocational,22331.59,1604.38,236531.67,64.47,99.71,1.76,0.39,91.8,70.52,75.08,83.64,4.76,99.85,Optimal
UNI0098,East,Vocational,6498.93,490.79,10000.0,53.24,97.39,2.4,0.5,20.87,77.88,62.93,83.98,15.7,97.98,Suboptimal
UNI0099,West,Undergraduate,13117.15,2862.75,306361.73,36.85,98.37,4.46,0.9,84.13,79.31,80.18,74.7,15.81,97.21,Optimal
UNI0100,Central,Vocational,18400.8,395.22,116885.37,44.88,96.18,3.38,0.88,46.05,68.11,45.92,68.33,11.44,99.4,Suboptimal
UNI0101,West,Undergraduate,16316.89,3724.89,212215.98,44.87,98.18,4.11,0.78,96.14,100.0,65.23,61.26,11.01,96.95,Optimal
UNI0102,Central,Vocational,9892.93,1431.78,152000.32,58.45,98.82,4.16,0.71,33.95,69.7,57.85,65.07,17.22,98.96,Suboptimal
UNI0103,West,Vocational,21662.43,1123.66,115182.17,48.39,97.8,2.71,0.2,60.03,46.37,69.22,68.22,5.34,99.44,Suboptimal
UNI0104,East,Undergraduate,28643.58,2780.64,270262.53,86.86,98.98,5.59,1.08,123.76,93.34,81.36,87.82,11.08,99.56,Optimal
UNI0105,East,Vocational,14879.76,3028.96,295407.99,43.21,100.0,6.21,0.68,34.96,98.72,76.08,95.7,15.48,98.5,Optimal
UNI0106,West,Undergraduate,18589.53,2071.95,161232.62,52.15,100.0,2.57,0.78,63.56,66.72,51.97,88.15,2.51,99.05,Optimal
UNI0107,West,Vocational,25569.92,840.22,47115.6,41.03,100.0,4.08,0.36,66.08,28.5,19.39,53.41,3.93,100.0,Suboptimal
UNI0108,East,Vocational,11972.55,951.75,232691.93,68.71,100.0,2.22,0.72,85.29,74.99,74.86,73.87,12.61,98.17,Optimal
UNI0109,East,Undergraduate,10341.64,1283.09,48741.3,45.95,96.15,1.76,0.76,70.84,80.52,38.51,82.1,9.47,97.04,Suboptimal
UNI0110,Central,Undergraduate,3983.55,1873.47,239925.33,75.7,95.61,4.12,0.56,49.7,75.02,80.37,63.59,17.6,98.86,Optimal
UNI0111,East,Vocational,4594.54,1717.73,179511.32,45.69,99.12,2.46,0.74,37.07,79.76,56.91,62.35,12.58,98.02,Optimal
UNI0112,East,Undergraduate,15106.92,2058.98,60449.73,69.59,99.2,3.28,0.84,83.56,20.43,38.81,56.38,4.38,97.0,Suboptimal
UNI0113,West,Vocational,3000.0,200.0,172033.98,33.07,94.21,5.01,0.76,20.81,56.63,48.6,46.92,1.08,96.82,Suboptimal
UNI0114,East,Vocational,12905.11,532.92,142472.06,64.11,98.24,4.34,0.5,37.01,63.81,56.16,59.22,12.94,99.99,Suboptimal
UNI0115,Central,Vocational,3000.0,200.0,10000.0,10.0,93.74,0.5,0.1,5.0,76.82,58.67,43.57,1.0,95.02,Suboptimal
UNI0116,East,Vocational,5012.62,1140.53,167118.24,45.22,98.54,2.02,0.77,53.73,68.84,39.03,59.91,8.25,98.41,Suboptimal
UNI0117,East,Undergraduate,9280.73,2156.49,312064.51,33.93,97.85,2.7,0.66,97.09,50.94,62.15,55.31,10.31,95.77,Suboptimal
UNI0118,Central,Vocational,19255.5,2144.62,182100.91,53.6,98.04,5.26,0.19,76.25,93.42,60.92,93.33,18.04,100.0,Optimal
UNI0119,East,Undergraduate,35597.4,2806.41,372806.15,44.81,99.74,3.47,0.68,91.09,41.17,64.97,46.73,12.76,100.0,Suboptimal
UNI0120,Central,Vocational,10645.15,1744.74,188703.38,55.77,98.27,2.43,0.79,34.89,81.0,62.01,75.85,10.41,98.89,Suboptimal
UNI0121,East,Vocational,10613.59,919.72,68633.75,53.77,97.35,3.87,0.41,56.37,46.89,57.37,74.35,7.64,98.88,Suboptimal
UNI0122,West,Vocational,3000.0,200.0,10000.0,52.74,96.8,0.5,0.61,56.48,61.3,70.5,56.98,9.42,98.67,Suboptimal
UNI0123,Central,Vocational,3286.47,1142.8,156041.67,34.18,98.77,2.4,1.0,70.06,66.99,64.63,68.74,15.1,99.3,Suboptimal
UNI0124,West,Vocational,3000.0,636.03,221534.43,10.0,95.71,2.78,0.33,43.75,66.95,61.74,52.1,8.63,97.25,Suboptimal
UNI0125,East,Vocational,31723.87,1081.93,264952.43,70.97,100.0,4.25,0.51,54.81,100.0,85.12,73.8,13.21,100.0,Optimal
UNI0126,East,Undergraduate,12563.76,2712.37,251447.12,69.76,97.94,3.56,0.87,107.0,54.09,79.49,90.28,17.17,97.46,Optimal
UNI0127,East,Vocational,5679.28,319.81,104103.85,33.48,98.19,2.23,0.16,44.33,80.36,79.23,82.18,13.25,97.58,Optimal
UNI0128,Central,Undergraduate,22666.89,1189.19,188589.29,82.99,100.0,4.15,0.98,76.15,100.0,100.0,69.26,6.77,100.0,Optimal
UNI0129,East,Undergraduate,20228.16,1184.1,10000.0,53.52,98.89,2.27,0.29,60.56,52.52,32.02,44.45,3.35,96.78,Suboptimal
UNI0130,East,Vocational,3000.0,2071.74,179356.34,16.58,97.39,4.69,0.62,24.08,46.58,66.64,61.02,10.54,98.33,Suboptimal
UNI0131,East,Vocational,29631.74,200.0,10000.0,32.37,98.4,3.39,0.81,94.59,65.3,80.11,55.37,3.38,99.31,Optimal
UNI0132,East,Undergraduate,10903.57,1706.43,365494.34,51.0,95.19,2.05,0.75,47.49,82.33,70.45,65.35,9.41,97.51,Suboptimal
UNI0133,East,Vocational,13756.41,542.39,264487.84,48.92,98.69,5.49,0.72,33.13,74.86,89.23,69.91,10.09,99.77,Suboptimal
UNI0134,East,Vocational,3000.0,200.0,10000.0,53.25,97.79,1.16,0.21,22.88,45.16,71.73,48.22,1.46,97.48,Suboptimal
UNI0135,East,Undergraduate,17742.91,1273.99,182989.57,30.13,94.48,2.78,0.86,50.45,45.23,44.76,64.85,1.0,98.56,Suboptimal
UNI0136,Central,Vocational,18853.67,200.0,239133.82,43.75,96.2,1.33,0.21,42.74,62.25,31.77,80.17,1.0,100.0,Suboptimal
UNI0137,East,Undergraduate,34725.76,2288.54,288537.02,58.21,98.13,3.9,0.78,87.09,30.33,42.16,56.23,1.0,98.92,Suboptimal
UNI0138,East,Vocational,3000.0,1273.37,21462.61,36.56,96.1,1.29,0.22,5.0,32.08,44.78,80.54,11.96,95.88,Suboptimal
UNI0139,Central,Vocational,25357.18,1888.34,408413.36,50.16,99.74,2.85,0.14,32.26,67.35,100.0,94.82,19.67,99.55,Optimal
UNI0140,West,Vocational,17066.26,1815.08,110040.46,43.23,99.08,2.83,0.43,24.16,73.64,89.79,83.14,12.38,98.77,Optimal
UNI0141,East,Undergraduate,21142.5,475.02,209716.72,45.92,96.98,2.18,0.44,73.64,80.81,52.41,69.13,1.48,98.21,Optimal
UNI0142,Central,Vocational,11285.43,1175.72,50209.22,49.37,99.38,4.74,0.56,59.75,49.59,39.58,75.09,16.52,96.62,Suboptimal
UNI0143,West,Vocational,7257.76,1079.21,10000.0,43.2,97.07,1.13,0.25,26.42,72.0,46.85,64.4,7.82,98.71,Suboptimal
UNI0144,Central,Vocational,15579.91,1936.22,100686.05,55.03,97.89,3.33,0.71,52.73,71.63,27.34,56.32,3.87,97.9,Suboptimal
UNI0145,West,Vocational,19126.12,2133.71,71228.23,31.65,97.19,2.75,0.59,12.57,56.5,58.71,39.11,12.33,99.81,Suboptimal
UNI0146,West,Undergraduate,33054.05,3002.56,264641.54,34.66,99.1,3.54,0.59,59.1,31.78,24.01,52.52,11.61,98.36,Suboptimal
UNI0147,East,Undergraduate,13186.96,2331.46,25600.56,52.19,96.8,3.99,0.43,33.59,48.17,80.74,74.52,11.25,98.37,Optimal
UNI0148,East,Vocational,3000.0,2755.23,124491.52,20.34,95.17,0.85,0.16,36.91,54.73,51.76,51.24,5.59,95.86,Suboptimal
UNI0149,Central,Undergraduate,6966.68,2745.27,213851.11,57.05,99.07,5.06,0.86,90.18,100.0,47.73,90.2,7.32,99.44,Optimal
UNI0150,West,Undergraduate,4051.88,1587.96,246203.16,39.15,97.43,1.72,0.87,44.63,57.42,58.99,86.2,2.75,96.92,Suboptimal
UNI0151,Central,Vocational,11125.63,1384.75,218575.49,41.45,99.4,2.77,0.88,56.54,54.98,61.1,65.23,20.44,98.63,Optimal
UNI0152,East,Vocational,4964.3,200.0,10000.0,29.76,99.24,0.73,0.21,50.17,56.5,46.4,72.78,3.38,100.0,Optimal
UNI0153,Central,Vocational,11281.01,1070.16,10000.0,27.9,96.23,2.63,0.95,20.9,29.48,65.45,57.26,6.4,96.78,Suboptimal
UNI0154,East,Vocational,3000.0,200.0,156387.83,37.2,97.73,1.27,0.19,15.93,45.81,45.41,50.46,6.9,96.92,Suboptimal
UNI0155,West,Vocational,18295.31,1265.07,266562.21,62.3,100.0,5.85,0.46,69.68,63.74,82.93,77.21,13.71,99.13,Optimal
UNI0156,Central,Undergraduate,18999.89,2135.51,253669.79,63.67,97.76,4.03,0.36,75.43,100.0,58.46,60.24,10.06,98.69,Optimal
UNI0157,Central,Vocational,19223.29,2222.88,301079.16,37.31,96.64,4.2,0.39,26.29,34.46,48.12,39.17,4.6,98.47,Suboptimal
UNI0158,West,Vocational,3000.0,1048.68,10000.0,44.64,96.21,0.52,0.32,11.09,88.81,33.81,40.95,11.28,96.92,Suboptimal
UNI0159,Central,Undergraduate,17768.66,465.81,50177.54,38.35,95.11,3.11,0.32,39.25,38.57,52.31,49.68,1.97,99.59,Suboptimal
UNI0160,Central,Undergraduate,16709.13,3449.41,92300.31,20.37,97.7,5.06,0.42,61.99,88.48,67.16,100.0,13.58,99.24,Suboptimal
UNI0161,West,Vocational,19421.32,392.38,10000.0,51.09,100.0,2.91,0.08,19.82,65.38,72.54,40.94,1.0,97.94,Suboptimal
UNI0162,West,Undergraduate,21236.83,1592.54,210954.33,54.73,99.41,1.05,0.19,85.95,76.36,69.3,60.55,3.99,98.83,Optimal
UNI0163,West,Undergraduate,28069.68,1505.81,442271.25,60.77,98.42,4.01,0.63,85.37,86.46,90.1,75.22,9.91,99.43,Optimal
UNI0164,East,Undergraduate,5665.25,1544.65,215854.38,64.72,99.07,3.58,0.85,35.28,73.98,58.45,54.46,12.3,96.97,Suboptimal
UNI0165,Central,Vocational,3882.15,1351.21,156186.13,24.8,97.43,1.64,0.76,31.14,68.8,85.05,68.28,8.61,97.06,Suboptimal
UNI0166,East,Undergraduate,18346.88,2096.17,184960.88,59.25,94.57,6.26,1.02,104.35,72.85,44.94,69.01,15.93,97.03,Optimal
UNI0167,West,Undergraduate,8910.64,1583.5,70749.0,52.79,95.23,2.13,0.62,53.08,56.75,58.41,66.75,11.87,97.69,Suboptimal
UNI0168,Central,Undergraduate,18156.43,3230.4,215751.8,59.94,98.4,4.93,0.81,88.46,75.27,56.76,67.94,14.66,98.23,Optimal
UNI0169,East,Vocational,16419.81,200.0,10000.0,36.66,99.58,1.41,0.16,19.3,47.17,11.23,47.09,1.66,99.73,Suboptimal
UNI0170,East,Vocational,13819.9,334.5,10000.0,47.39,97.68,2.38,0.49,37.81,66.26,47.71,69.79,12.19,99.3,Suboptimal
UNI0171,East,Undergraduate,5791.83,3366.99,441896.74,60.75,97.65,5.41,0.63,70.6,65.75,76.28,65.71,10.63,97.05,Optimal
UNI0172,Central,Vocational,13878.87,1857.91,140855.39,59.32,99.48,3.14,0.59,10.97,48.88,63.88,97.17,21.99,99.12,Optimal
UNI0173,East,Vocational,34046.38,2102.6,238013.13,85.15,98.12,4.5,1.28,59.31,63.63,70.51,78.8,13.24,100.0,Optimal
UNI0174,East,Vocational,22183.84,2108.39,251342.91,58.12,98.87,1.61,0.51,37.41,84.85,79.36,70.78,16.19,99.72,Optimal
UNI0175,West,Vocational,20688.64,422.22,18634.58,39.73,100.0,4.95,1.13,62.83,36.14,65.86,37.95,11.38,98.48,Suboptimal
UNI0176,West,Vocational,11521.42,948.15,170960.31,50.53,99.76,3.85,0.44,48.01,92.47,79.18,78.66,10.37,100.0,Optimal
UNI0177,East,Vocational,3000.0,1957.1,230052.53,33.07,98.29,2.05,0.45,22.6,59.55,67.36,43.36,15.37,98.28,Suboptimal
UNI0178,East,Vocational,10123.37,1233.26,54652.72,26.26,100.0,0.5,0.5,36.71,100.0,82.96,86.88,23.52,98.24,Optimal
UNI0179,West,Undergraduate,19621.95,2225.44,506578.6,45.08,97.35,3.94,0.52,65.62,89.18,57.65,75.03,12.62,98.41,Optimal
UNI0180,Central,Vocational,3267.8,967.78,174062.08,27.88,95.24,2.54,0.67,39.85,59.43,74.94,76.73,7.26,95.67,Suboptimal
UNI0181,Central,Vocational,3000.0,200.0,112644.05,35.79,95.38,0.5,0.58,27.84,65.95,44.87,62.29,13.99,97.63,Suboptimal
UNI0182,East,Undergraduate,15718.23,1753.87,282867.01,74.36,100.0,3.87,0.98,33.34,88.13,56.5,67.74,10.71,98.77,Optimal
UNI0183,East,Vocational,3000.0,200.0,10000.0,29.25,96.75,0.5,0.1,5.0,64.2,55.72,58.27,14.6,97.77,Suboptimal
UNI0184,East,Undergraduate,22874.76,2601.94,236708.67,37.42,96.66,6.45,0.35,62.85,92.44,69.69,67.15,16.94,98.2,Optimal
UNI0185,Central,Vocational,9974.49,200.0,23402.2,17.96,97.79,3.88,0.45,6.88,75.79,46.08,69.41,4.46,96.47,Optimal
UNI0186,East,Vocational,3000.0,632.56,10000.0,28.32,93.53,1.32,0.49,12.86,32.41,77.72,59.64,11.31,97.23,Suboptimal
UNI0187,East,Undergraduate,27508.43,1124.12,145119.23,63.12,98.14,4.3,0.42,85.23,78.82,91.91,75.62,16.4,100.0,Optimal
UNI0188,Central,Undergraduate,34579.97,1102.15,193036.08,80.92,99.37,5.06,0.62,31.15,73.8,81.9,100.0,20.01,99.49,Optimal
UNI0189,West,Undergraduate,11952.23,2602.26,327813.99,54.05,100.0,2.23,0.39,50.21,36.02,29.99,63.5,7.79,97.0,Suboptimal
UNI0190,West,Undergraduate,16664.9,3601.29,258396.62,65.72,99.62,2.13,0.55,67.01,82.73,42.67,59.37,18.84,99.85,Optimal
UNI0191,Central,Undergraduate,30468.65,3645.78,459382.26,57.34,98.4,1.17,0.88,97.15,42.2,51.83,66.01,6.5,99.41,Suboptimal
UNI0192,Central,Undergraduate,16437.23,3005.22,62424.48,72.87,99.09,4.6,1.07,122.56,66.78,82.62,62.91,9.74,99.43,Optimal
UNI0193,East,Undergraduate,27111.14,3351.09,287952.34,54.98,100.0,4.61,0.78,102.01,86.56,95.12,100.0,19.05,100.0,Optimal
UNI0194,East,Undergraduate,18358.87,2234.91,212178.72,75.17,100.0,4.32,0.58,88.26,51.5,36.96,76.22,10.62,99.48,Suboptimal
UNI0195,Central,Vocational,3000.0,1731.44,294594.1,39.04,97.84,2.95,0.25,50.49,91.32,63.08,33.12,12.48,97.51,Suboptimal
UNI0196,East,Vocational,9766.28,247.69,31214.5,26.43,98.05,1.46,0.78,28.15,73.02,57.74,79.9,12.68,98.52,Suboptimal
UNI0197,Central,Vocational,3000.0,910.92,10000.0,44.41,96.37,0.71,0.36,17.78,23.19,40.27,45.77,2.9,99.33,Suboptimal
UNI0198,West,Undergraduate,18796.05,381.82,181216.36,68.67,99.08,1.88,0.14,36.24,73.68,95.06,67.08,10.6,100.0,Optimal
UNI0199,West,Vocational,14847.47,200.0,10000.0,32.18,99.04,0.94,0.19,15.35,84.2,68.14,58.32,9.53,96.69,Suboptimal
UNI0200,East,Vocational,27011.84,1745.56,10000.0,67.3,96.1,2.33,0.46,53.92,97.4,87.54,93.42,8.07,100.0,Optimal
UNI0201,East,Vocational,9850.68,200.0,216879.84,21.1,97.46,2.1,0.14,8.38,43.34,43.86,42.3,10.94,98.02,Suboptimal
UNI0202,East,Undergraduate,19130.44,782.2,45660.52,25.47,94.93,2.02,0.54,51.82,54.89,61.89,80.0,10.32,97.42,Suboptimal
UNI0203,East,Vocational,20667.53,2323.03,221813.94,53.66,99.97,3.03,0.97,28.92,45.8,42.71,42.38,6.27,100.0,Suboptimal
UNI0204,East,Undergraduate,11293.78,2832.93,157936.62,39.31,95.36,4.17,0.57,62.52,47.44,60.09,65.87,10.26,97.29,Suboptimal
UNI0205,East,Undergraduate,3847.34,392.93,109407.14,41.93,95.99,2.35,0.28,81.1,69.43,70.33,90.62,11.64,98.02,Optimal
UNI0206,West,Undergraduate,32758.22,1544.9,204519.51,56.91,100.0,6.03,0.64,81.1,51.0,53.66,84.55,9.66,98.1,Optimal
UNI0207,Central,Vocational,3883.43,200.0,10000.0,38.56,98.25,2.59,0.36,9.59,51.86,65.14,63.44,10.26,98.84,Suboptimal
UNI0208,West,Undergraduate,21820.79,1202.31,293093.8,35.68,96.61,4.08,0.62,50.94,69.52,22.83,64.57,15.89,97.75,Suboptimal
UNI0209,East,Vocational,17990.58,200.0,186697.08,52.67,99.64,1.86,0.37,39.41,53.17,44.8,54.55,10.1,98.43,Suboptimal
UNI0210,East,Vocational,3000.0,200.0,126142.53,29.02,98.96,2.96,0.47,47.36,60.94,61.23,44.28,4.83,99.69,Suboptimal
UNI0211,East,Undergraduate,28581.03,3364.49,142750.61,62.92,99.0,4.06,0.38,79.26,85.73,74.01,55.85,6.99,98.82,Optimal
UNI0212,East,Undergraduate,34714.7,2150.47,356675.61,44.65,97.62,4.98,0.55,70.51,96.24,69.99,58.75,14.67,99.12,Optimal
UNI0213,East,Undergraduate,32739.5,2559.75,324555.22,41.81,98.1,6.04,0.76,44.37,68.13,52.2,56.67,12.69,98.96,Optimal
UNI0214,West,Undergraduate,25716.59,1588.63,190798.33,78.6,100.0,3.08,1.06,80.83,80.22,59.85,93.5,14.6,100.0,Optimal
UNI0215,East,Undergraduate,15362.02,2917.21,282076.65,75.14,98.34,4.75,0.93,66.81,70.92,71.75,52.62,13.94,97.85,Optimal
UNI0216,East,Vocational,19936.05,2972.07,217391.79,70.67,99.62,4.42,0.64,42.22,63.32,89.58,86.61,15.76,100.0,Optimal
UNI0217,Central,Vocational,10374.65,299.83,98865.07,49.09,99.08,3.49,0.58,74.07,42.97,67.94,45.7,18.01,100.0,Suboptimal
UNI0218,Central,Vocational,21878.39,2237.13,130327.68,40.04,100.0,2.34,0.44,5.0,64.95,72.42,52.21,4.04,97.44,Suboptimal
UNI0219,Central,Vocational,16563.68,672.19,10000.0,41.02,98.55,1.61,0.55,5.0,99.56,79.87,69.62,27.12,97.74,Optimal
UNI0220,East,Vocational,6448.45,1578.39,362264.66,69.73,99.55,3.15,0.75,61.04,69.32,67.06,72.85,21.9,100.0,Optimal
UNI0221,West,Vocational,10575.61,1064.19,10000.0,10.35,100.0,1.93,0.71,27.12,48.75,24.67,68.35,18.79,97.99,Suboptimal
UNI0222,East,Vocational,3784.46,789.33,87561.92,29.88,99.14,1.27,0.05,17.36,48.06,41.98,63.97,2.46,97.93,Suboptimal
UNI0223,East,Undergraduate,19254.3,4089.69,328515.76,60.84,99.85,4.26,0.62,92.33,65.72,66.18,62.14,10.43,98.14,Optimal
UNI0224,Central,Vocational,12197.68,701.6,70158.95,29.39,97.55,1.08,0.34,28.2,76.57,59.57,100.0,13.64,100.0,Optimal
UNI0225,West,Vocational,21708.81,2138.88,117430.28,52.62,97.93,4.54,0.81,40.53,71.18,66.39,65.05,14.03,97.22,Optimal
UNI0226,East,Vocational,22292.72,715.81,215605.16,55.7,96.58,3.11,1.05,30.49,96.32,50.28,70.5,13.68,100.0,Suboptimal
UNI0227,Central,Vocational,14917.54,2121.57,144838.31,42.16,100.0,3.87,0.21,54.86,74.39,72.84,77.64,19.0,98.51,Suboptimal
UNI0228,East,Undergraduate,14824.63,1087.27,72656.94,46.8,97.5,2.86,0.55,68.54,55.12,84.41,60.62,14.29,96.17,Suboptimal
UNI0229,East,Undergraduate,11553.63,1350.91,10602.19,37.55,94.69,2.42,0.37,60.19,77.73,79.91,68.85,11.88,96.64,Optimal
UNI0230,East,Undergraduate,3000.0,4180.51,215881.75,48.54,98.86,3.06,0.65,56.36,95.24,62.75,86.78,9.92,97.58,Optimal
UNI0231,Central,Undergraduate,30131.42,643.35,127850.4,79.96,100.0,5.17,1.18,92.07,48.17,50.46,79.63,13.12,99.57,Optimal
UNI0232,East,Undergraduate,37838.4,2852.98,471517.05,65.95,98.93,3.91,1.01,106.71,88.56,92.87,100.0,12.95,98.5,Optimal
UNI0233,Central,Undergraduate,9655.1,2269.6,320514.17,57.97,96.56,3.94,0.26,72.16,60.51,70.46,57.03,8.57,97.95,Suboptimal
UNI0234,East,Vocational,3000.0,200.0,113016.75,32.86,97.34,0.5,0.46,5.68,84.16,76.19,80.4,6.04,96.32,Suboptimal
UNI0235,West,Vocational,7803.96,200.0,146633.28,25.29,98.56,2.42,0.56,12.13,65.31,47.05,62.89,8.08,97.23,Suboptimal
UNI0236,West,Undergraduate,28668.04,3345.16,336927.62,64.27,99.59,4.66,1.04,90.59,72.0,47.85,79.11,7.31,99.96,Suboptimal
UNI0237,East,Vocational,3000.0,200.0,10000.0,28.39,97.05,0.79,0.05,5.0,58.63,44.74,43.39,6.27,97.43,Suboptimal
UNI0238,East,Vocational,8260.86,1913.08,10000.0,69.22,100.0,2.78,0.67,54.87,50.2,76.01,48.69,4.11,96.9,Suboptimal
UNI0239,East,Undergraduate,20194.23,1598.08,167589.2,78.88,98.63,2.0,0.71,78.2,81.51,49.04,79.05,10.93,100.0,Optimal
UNI0240,West,Undergraduate,23234.11,3280.48,347016.16,51.2,96.01,2.45,0.75,43.98,65.84,38.29,61.79,7.65,98.52,Suboptimal
UNI0241,East,Undergraduate,9539.37,2138.62,171555.17,68.78,98.7,5.63,0.3,76.89,69.86,87.49,62.67,7.93,97.84,Optimal
UNI0242,Central,Undergraduate,10903.72,2014.39,135929.62,40.55,95.77,2.06,0.31,54.51,57.27,51.81,74.33,4.85,96.4,Suboptimal
UNI0243,East,Undergraduate,47569.57,2792.56,321709.31,67.59,99.23,2.83,1.25,140.39,82.83,77.44,100.0,19.24,100.0,Optimal
UNI0244,West,Vocational,11879.13,1881.19,152532.15,50.19,100.0,3.63,0.88,60.34,82.5,44.33,67.25,16.48,98.14,Optimal
UNI0245,Central,Vocational,13521.48,1652.47,232337.44,24.86,99.28,1.84,0.61,58.06,57.56,61.87,41.84,10.41,98.36,Suboptimal
UNI0246,Central,Undergraduate,27790.77,2321.62,59370.81,35.42,99.06,4.35,0.87,88.32,48.67,48.29,51.79,7.93,98.66,Suboptimal
UNI0247,West,Undergraduate,25088.56,1584.66,126572.97,57.38,98.15,3.5,0.82,68.53,82.9,38.04,62.27,7.9,99.54,Optimal
UNI0248,East,Vocational,10461.46,1440.03,370528.52,42.47,99.21,4.18,1.01,96.43,69.19,64.21,77.65,14.8,100.0,Optimal
UNI0249,West,Undergraduate,12776.95,3280.43,278864.99,37.26,97.56,4.75,0.63,72.21,68.63,58.8,64.97,8.51,98.62,Optimal
UNI0250,East,Undergraduate,24168.06,2381.87,307960.32,55.74,98.62,5.56,1.0,94.35,39.27,35.66,69.31,2.37,100.0,Optimal
UNI0251,Central,Vocational,26386.98,1086.49,211099.95,41.52,99.91,0.96,0.09,5.89,55.02,25.43,52.98,2.58,97.63,Suboptimal
UNI0252,West,Undergraduate,14396.05,1674.82,128184.27,64.21,98.94,2.77,0.89,72.16,56.75,59.45,70.33,13.05,100.0,Optimal
UNI0253,Central,Undergraduate,17218.85,3207.44,355362.0,55.72,97.15,2.01,0.45,44.86,45.75,67.66,66.59,13.56,95.35,Suboptimal
UNI0254,Central,Vocational,12870.1,200.0,12421.2,32.55,99.31,5.06,0.47,20.39,69.64,44.72,83.25,16.04,100.0,Suboptimal
UNI0255,East,Vocational,21483.96,530.73,190175.56,65.85,97.16,2.41,0.47,36.98,62.8,69.2,91.78,19.48,98.7,Optimal
UNI0256,East,Vocational,25547.11,715.55,10000.0,68.96,99.86,4.71,0.65,40.36,79.14,100.0,89.73,13.1,100.0,Optimal
UNI0257,East,Vocational,8910.45,366.33,44481.81,33.84,97.55,2.07,0.21,7.8,81.75,100.0,78.48,16.21,100.0,Optimal
UNI0258,Central,Vocational,12221.2,1538.01,196302.09,55.64,98.17,2.08,0.44,61.69,44.02,58.65,66.17,15.24,100.0,Suboptimal
UNI0259,Central,Vocational,12120.24,1006.96,83734.07,34.77,100.0,2.94,0.56,52.29,46.43,68.84,73.64,13.07,99.07,Suboptimal
UNI0260,East,Vocational,15857.28,200.0,176705.91,28.04,95.41,2.12,0.56,67.15,36.02,45.72,51.18,10.56,99.03,Suboptimal
UNI0261,East,Vocational,13533.6,1031.89,222166.8,73.8,98.06,3.98,0.75,76.72,87.11,39.54,64.36,12.82,97.71,Optimal
UNI0262,East,Vocational,12150.79,200.0,10000.0,47.82,99.4,3.79,0.2,42.49,78.3,29.75,57.94,11.5,97.43,Suboptimal
UNI0263,East,Undergraduate,6252.43,2340.59,271073.19,40.51,96.4,2.52,0.22,86.35,100.0,54.28,67.27,11.38,98.0,Optimal
UNI0264,East,Undergraduate,31896.15,2733.7,125015.28,52.03,98.25,1.92,0.41,77.42,52.2,28.2,47.89,7.76,98.2,Optimal
UNI0265,West,Vocational,11384.24,596.59,52514.56,53.46,100.0,1.05,0.13,22.6,58.71,65.44,100.0,8.01,98.25,Optimal
UNI0266,Central,Undergraduate,31045.34,3720.39,465330.35,50.6,99.94,3.04,1.41,103.71,79.29,62.72,53.03,13.01,100.0,Optimal
UNI0267,East,Undergraduate,25939.44,3020.35,86085.35,56.8,98.81,2.61,0.82,73.8,67.64,73.34,61.92,11.29,100.0,Optimal
UNI0268,Central,Vocational,12845.25,505.85,125851.6,54.11,98.45,2.42,0.15,114.99,49.02,58.45,68.17,6.25,97.87,Suboptimal
UNI0269,West,Vocational,7611.94,242.89,43157.45,38.29,100.0,1.64,0.87,64.56,78.74,83.77,69.38,18.11,100.0,Optimal
UNI0270,East,Vocational,3000.0,2677.18,194192.57,68.33,100.0,3.35,1.14,78.79,99.47,70.15,83.6,11.54,98.1,Optimal
UNI0271,East,Vocational,17613.7,200.0,57162.74,20.67,97.94,1.71,0.05,28.84,20.08,53.01,59.95,7.94,96.55,Suboptimal
UNI0272,East,Vocational,8864.2,924.39,25091.6,36.67,98.38,2.39,0.28,53.43,62.34,50.52,85.62,8.18,97.29,Suboptimal
UNI0273,East,Vocational,10931.06,324.05,10000.0,22.23,98.61,2.43,0.05,34.02,15.79,40.45,37.99,1.0,98.42,Suboptimal
UNI0274,West,Undergraduate,13021.12,1870.98,364660.49,44.36,98.62,3.61,0.71,95.98,76.36,91.87,92.08,10.31,98.26,Optimal
UNI0275,West,Vocational,3000.0,1009.77,132171.82,50.29,96.38,3.57,0.55,43.63,52.26,50.42,27.48,6.85,98.34,Suboptimal
UNI0276,East,Vocational,18258.62,2135.66,10000.0,56.02,99.38,2.98,0.62,32.36,77.17,51.93,54.98,1.0,98.63,Suboptimal
UNI0277,Central,Undergraduate,29808.54,2625.13,264892.0,62.91,98.2,2.52,0.08,73.37,50.58,58.77,67.22,7.92,99.5,Optimal
UNI0278,East,Undergraduate,18502.6,3032.34,210371.65,41.18,95.93,1.74,0.38,90.47,71.93,40.02,98.56,11.44,99.76,Optimal
UNI0279,Central,Vocational,16066.14,362.01,10000.0,31.79,97.24,1.6,0.28,14.82,45.46,37.5,58.92,7.82,97.58,Suboptimal
UNI0280,West,Undergraduate,17805.43,1767.84,10000.0,51.82,96.93,3.48,0.74,75.11,39.4,52.08,41.35,6.49,99.13,Suboptimal
UNI0281,East,Undergraduate,20495.31,200.0,272628.04,64.58,98.32,2.91,0.09,83.78,70.32,81.18,74.31,4.79,97.92,Optimal
UNI0282,East,Vocational,23233.2,1042.73,10000.0,32.52,99.9,4.81,0.12,34.01,38.72,33.58,62.09,8.5,99.0,Suboptimal
UNI0283,Central,Vocational,3000.0,200.0,10000.0,11.65,99.98,1.39,0.37,5.0,90.38,67.0,63.66,7.06,95.79,Suboptimal
UNI0284,West,Undergraduate,28503.4,868.46,318248.13,39.21,94.68,3.77,0.43,64.62,83.29,76.32,61.15,22.09,100.0,Optimal
UNI0285,East,Undergraduate,24789.97,1205.22,204674.04,77.06,99.19,3.01,0.41,46.85,45.23,42.01,55.38,11.55,99.81,Suboptimal
UNI0286,East,Vocational,3000.0,928.02,10000.0,25.13,96.9,4.99,0.11,65.45,35.21,45.75,66.76,9.3,96.7,Suboptimal
UNI0287,East,Vocational,21206.84,200.0,116060.64,44.96,98.19,2.47,0.52,23.0,67.34,82.64,74.02,10.22,98.33,Optimal
UNI0288,Central,Undergraduate,29861.79,3214.41,414616.51,67.61,100.0,0.92,0.16,77.63,66.47,75.65,96.39,12.87,100.0,Optimal
UNI0289,Central,Vocational,8308.74,1695.72,270282.96,54.16,98.21,3.97,0.52,43.71,38.19,51.81,57.26,6.83,96.99,Suboptimal
UNI0290,West,Undergraduate,31618.54,2263.9,384689.74,44.88,98.14,3.09,0.96,73.31,48.98,48.07,80.02,12.16,98.12,Suboptimal
UNI0291,West,Vocational,15969.32,2396.28,167293.55,51.44,97.62,1.26,0.72,32.0,58.58,55.66,67.85,11.46,97.33,Suboptimal
UNI0292,West,Vocational,30602.82,3138.23,169355.42,46.86,100.0,6.29,0.66,67.85,75.86,53.11,61.55,11.59,99.11,Optimal
UNI0293,West,Vocational,3000.0,748.93,10000.0,53.5,98.5,3.72,0.14,13.84,35.59,34.02,61.05,6.36,97.09,Suboptimal
UNI0294,East,Vocational,17026.88,1054.89,221769.62,28.16,99.24,2.92,0.63,84.66,67.26,46.29,46.98,8.48,99.04,Suboptimal
UNI0295,Central,Vocational,18372.32,200.0,10000.0,52.6,98.72,1.2,0.05,25.81,73.3,72.78,71.26,16.14,100.0,Optimal
UNI0296,East,Undergraduate,24821.79,1502.1,213786.06,81.74,100.0,4.52,0.77,85.13,79.23,50.21,66.95,8.28,97.67,Optimal
UNI0297,East,Vocational,10620.77,504.78,10000.0,44.56,97.96,1.29,0.33,25.6,49.46,55.41,68.43,4.57,97.41,Suboptimal
UNI0298,West,Undergraduate,17934.88,796.56,184150.16,52.16,98.65,2.69,0.4,66.95,74.11,57.86,80.52,19.47,97.16,Optimal
UNI0299,Central,Undergraduate,31261.01,2522.38,316708.88,51.6,98.87,3.75,1.07,120.5,97.14,75.81,84.06,20.75,98.35,Optimal
UNI0300,West,Undergraduate,17478.9,2782.53,219866.98,43.83,98.5,3.82,0.54,63.73,92.25,35.33,61.5,19.93,99.71,Optimal
UNI0301,East,Vocational,14521.6,200.0,202716.3,48.15,97.19,1.69,0.16,52.64,81.54,82.87,75.24,11.85,96.72,Optimal
UNI0302,Central,Undergraduate,26026.01,1243.83,136322.76,60.01,95.65,4.69,0.55,43.53,69.56,70.83,48.24,20.74,97.19,Suboptimal
UNI0303,Central,Vocational,8126.02,370.72,10000.0,43.54,96.0,4.01,0.45,60.15,37.83,41.04,75.33,9.28,98.65,Suboptimal
UNI0304,East,Vocational,24055.7,1396.11,227396.91,60.82,99.23,3.51,0.59,50.73,60.8,73.76,67.09,16.85,100.0,Optimal
UNI0305,East,Vocational,20626.26,657.75,191832.17,42.81,97.78,3.0,0.47,12.03,45.94,35.7,45.05,8.52,99.18,Suboptimal
UNI0306,Central,Vocational,15229.61,854.95,26124.31,48.1,96.21,3.8,0.25,17.13,49.75,51.28,48.46,10.38,97.17,Suboptimal
UNI0307,East,Vocational,8411.51,474.32,121252.19,44.31,98.11,3.02,0.27,58.6,72.73,58.95,77.65,12.34,98.13,Suboptimal
UNI0308,West,Undergraduate,19416.06,1147.23,168298.43,38.69,98.81,5.79,0.58,42.82,65.16,50.41,68.55,6.32,96.73,Suboptimal
UNI0309,East,Vocational,4409.27,200.0,10000.0,13.98,97.01,0.5,0.05,18.78,63.84,63.83,52.02,13.39,97.44,Suboptimal
UNI0310,East,Vocational,30834.88,908.42,119210.07,65.57,97.88,4.07,0.76,34.64,91.9,61.7,72.65,13.04,100.0,Optimal
UNI0311,West,Undergraduate,36564.21,1451.19,226280.47,73.34,98.57,2.84,0.58,57.56,71.93,52.78,52.73,13.28,99.99,Optimal
UNI0312,East,Vocational,12068.9,1368.76,162557.82,46.15,98.97,2.12,0.45,35.13,59.06,83.88,74.34,18.41,99.59,Suboptimal
UNI0313,West,Undergraduate,40244.62,3351.23,366816.09,73.51,96.96,7.5,1.16,77.24,77.91,69.77,96.05,19.03,98.62,Optimal
UNI0314,Central,Undergraduate,3000.0,2378.18,85915.01,52.71,98.31,5.92,0.67,55.76,76.79,52.4,98.66,12.46,99.06,Suboptimal
UNI0315,East,Vocational,9822.83,200.0,92079.54,37.66,99.2,2.26,0.08,44.4,61.93,40.1,44.71,1.0,98.23,Suboptimal
UNI0316,Central,Vocational,17699.0,362.52,223446.18,74.37,99.91,4.35,0.05,50.83,63.69,75.87,73.41,9.42,98.47,Optimal
UNI0317,Central,Vocational,20829.1,843.13,19009.01,45.87,97.75,0.76,0.05,19.98,62.08,75.01,71.33,10.22,96.12,Optimal
UNI0318,West,Undergraduate,33734.22,2668.09,186656.07,77.05,100.0,3.61,0.85,74.43,100.0,65.65,68.74,17.76,100.0,Optimal
UNI0319,West,Undergraduate,23116.43,1878.41,378052.55,66.17,99.2,3.04,0.99,98.37,82.83,54.44,66.17,20.2,100.0,Optimal
UNI0320,Central,Undergraduate,6052.09,735.39,10000.0,57.58,96.21,0.5,0.05,39.16,50.52,83.68,45.49,17.55,98.12,Suboptimal
UNI0321,Central,Undergraduate,9486.75,2282.23,99375.65,35.9,96.31,4.72,0.6,44.28,29.61,44.85,66.15,6.33,98.7,Suboptimal
UNI0322,East,Vocational,7861.17,2737.41,119130.46,51.6,97.04,3.53,0.75,32.47,91.39,23.99,91.69,21.31,98.41,Suboptimal
UNI0323,Central,Undergraduate,20928.74,2997.81,188373.91,58.17,96.66,4.66,1.16,110.28,59.76,68.2,99.76,14.17,100.0,Optimal
UNI0324,West,Undergraduate,14936.34,3098.58,217018.43,59.78,98.51,2.91,0.91,60.37,60.7,49.55,66.78,7.83,97.92,Suboptimal
UNI0325,Central,Vocational,30763.86,972.53,232413.49,88.7,100.0,4.54,1.06,75.59,94.22,71.47,79.93,10.56,100.0,Optimal
UNI0326,Central,Undergraduate,19348.17,2175.74,57441.93,44.1,98.67,2.01,0.78,75.64,50.96,83.09,73.93,6.24,96.53,Optimal
UNI0327,East,Undergraduate,15965.05,2264.39,237951.17,66.23,100.0,3.31,0.87,73.99,59.51,54.93,91.13,7.47,98.78,Optimal
UNI0328,West,Vocational,3000.0,1087.09,10000.0,51.85,97.96,1.35,0.36,45.51,43.42,70.67,66.93,14.21,98.17,Suboptimal
UNI0329,West,Undergraduate,22364.98,3389.78,428058.74,46.11,99.59,5.11,0.84,101.26,88.53,59.47,65.83,11.99,100.0,Optimal
UNI0330,East,Undergraduate,25657.17,2222.54,234845.12,71.86,97.1,1.58,0.31,83.16,100.0,62.54,73.76,12.63,100.0,Optimal
UNI0331,East,Vocational,14479.42,774.88,171478.97,49.7,99.06,2.38,0.6,57.27,60.37,60.92,80.33,12.93,98.51,Optimal
UNI0332,Central,Undergraduate,28364.11,2038.76,361637.08,55.71,100.0,2.58,1.03,129.48,86.29,79.49,77.13,17.13,99.88,Optimal
UNI0333,Central,Vocational,27553.42,2959.65,241481.83,66.06,100.0,2.98,1.01,25.33,68.48,58.8,71.12,1.04,98.84,Optimal
UNI0334,Central,Vocational,19661.94,1165.08,162135.43,36.5,100.0,2.12,0.31,12.64,60.67,65.07,79.86,18.54,96.09,Optimal
UNI0335,East,Vocational,32181.44,875.68,10000.0,46.74,97.88,3.4,0.57,19.57,41.44,50.71,45.8,15.5,98.14,Suboptimal
UNI0336,East,Vocational,43625.94,1570.21,329715.81,55.9,100.0,3.96,0.69,92.39,100.0,76.86,70.43,16.81,100.0,Optimal
UNI0337,Central,Undergraduate,14345.63,2869.98,415988.13,74.53,98.43,3.93,1.03,106.3,54.43,69.36,76.53,20.03,100.0,Optimal
UNI0338,Central,Vocational,3000.0,272.91,94087.73,39.61,98.6,3.38,0.32,7.44,60.72,91.3,53.29,1.0,98.4,Suboptimal
UNI0339,Central,Vocational,3205.79,592.59,10000.0,40.39,97.24,1.44,0.45,13.93,37.24,19.51,36.0,4.03,98.35,Optimal
UNI0340,Central,Vocational,13043.71,200.0,10000.0,48.63,98.11,5.84,0.49,16.42,80.06,100.0,57.38,16.31,97.94,Suboptimal
UNI0341,Central,Vocational,6357.27,200.0,10000.0,32.78,96.89,1.08,0.05,18.66,57.49,23.29,34.57,4.42,96.8,Suboptimal
UNI0342,West,Undergraduate,27994.5,2013.46,325779.46,80.58,98.21,4.65,0.72,101.49,55.29,83.28,82.93,14.42,99.96,Optimal
UNI0343,Central,Vocational,9218.87,200.0,280775.12,35.43,98.93,4.71,0.95,75.38,49.47,68.23,68.43,15.96,98.06,Optimal
UNI0344,Central,Vocational,5240.94,1426.95,255028.61,25.9,98.02,3.3,0.46,65.21,47.75,51.14,76.0,15.51,99.76,Suboptimal
UNI0345,Central,Undergraduate,14046.45,1867.88,274256.92,60.63,96.27,4.44,0.44,75.83,93.05,94.28,64.8,16.12,96.11,Optimal
UNI0346,East,Undergraduate,6939.27,869.88,276690.49,10.0,93.27,1.43,0.41,42.25,57.22,31.26,77.2,6.61,96.23,Suboptimal
UNI0347,East,Vocational,18867.73,1217.01,221448.4,65.07,97.89,3.61,0.17,61.05,80.5,86.89,81.07,9.74,99.67,Optimal
UNI0348,Central,Undergraduate,13641.81,4431.03,305929.43,50.17,95.77,5.1,1.28,145.43,66.67,66.25,95.5,13.43,98.79,Optimal
UNI0349,West,Vocational,3224.19,602.68,229370.76,17.44,96.05,1.89,0.65,5.0,92.95,53.52,76.44,13.87,97.59,Suboptimal
UNI0350,Central,Undergraduate,21599.86,2212.38,97258.12,38.0,97.22,2.03,0.83,100.81,70.45,42.69,57.27,7.7,98.61,Suboptimal
UNI0351,East,Undergraduate,16189.04,3201.85,169678.63,29.99,97.65,6.76,0.85,96.14,100.0,81.0,100.0,19.87,98.46,Optimal
UNI0352,Central,Undergraduate,31915.23,3230.9,239355.92,64.67,98.14,4.91,1.15,100.99,40.39,53.29,82.93,13.49,97.59,Optimal
UNI0353,East,Vocational,12933.94,2677.46,189038.44,42.44,100.0,3.12,1.19,80.1,77.9,50.83,68.1,12.7,99.65,Optimal
UNI0354,Central,Undergraduate,6787.9,1747.97,115281.19,51.42,95.52,2.25,0.35,85.9,53.64,57.35,49.25,13.28,98.16,Suboptimal
UNI0355,West,Undergraduate,19127.71,2153.59,238293.98,44.86,99.48,1.04,0.82,65.91,51.01,69.86,85.46,6.65,98.77,Optimal
UNI0356,Central,Undergraduate,29352.83,1091.63,329790.81,58.64,99.39,5.72,0.69,81.99,67.48,56.85,76.7,21.38,99.6,Optimal
UNI0357,Central,Undergraduate,8636.4,3044.35,137072.86,51.32,96.37,2.55,0.39,63.71,62.39,43.31,63.38,15.73,97.26,Suboptimal
UNI0358,East,Undergraduate,27358.47,3303.76,225269.94,57.24,98.72,3.53,0.22,94.52,61.38,42.1,74.4,18.39,96.8,Optimal
UNI0359,East,Vocational,32284.63,1342.04,10000.0,70.2,99.21,2.28,0.57,46.02,66.02,87.11,68.33,12.67,100.0,Optimal
UNI0360,West,Vocational,12637.56,441.74,15318.63,46.79,98.46,3.41,0.58,13.27,54.87,66.62,54.78,11.12,100.0,Suboptimal
UNI0361,Central,Undergraduate,37090.08,3670.87,265305.53,63.84,100.0,5.4,0.72,86.6,97.88,67.05,100.0,13.4,100.0,Optimal
UNI0362,Central,Undergraduate,8993.87,2012.48,197384.91,56.41,96.41,5.44,0.73,86.12,63.87,78.36,89.38,9.9,98.43,Optimal
UNI0363,East,Undergraduate,18126.14,2101.26,148263.45,39.52,96.05,3.93,0.38,60.51,60.98,92.15,73.23,10.99,97.31,Suboptimal
UNI0364,East,Vocational,14285.6,773.3,330150.92,50.57,100.0,2.34,0.72,51.53,85.38,40.74,64.27,8.16,99.42,Optimal
UNI0365,East,Vocational,27838.36,4820.75,353307.89,55.3,100.0,5.86,1.4,123.57,47.1,58.4,66.92,12.03,100.0,Optimal
UNI0366,East,Vocational,8438.93,200.0,10000.0,46.41,98.7,3.55,0.3,5.0,44.99,10.23,41.25,1.0,100.0,Suboptimal
UNI0367,East,Vocational,12952.91,1073.07,20710.8,51.76,100.0,2.17,0.69,43.87,69.41,72.72,89.21,13.11,100.0,Optimal
UNI0368,West,Vocational,3000.0,200.0,153246.23,39.5,98.94,0.5,0.28,20.73,55.02,40.77,56.33,13.04,97.43,Suboptimal
UNI0369,Central,Undergraduate,18204.52,1925.25,354952.01,59.37,94.86,1.89,0.68,111.23,78.43,74.13,96.2,25.91,98.35,Optimal
UNI0370,East,Vocational,27632.59,691.86,156847.52,48.48,96.97,4.73,0.49,41.71,64.8,79.32,83.33,10.65,98.84,Optimal
UNI0371,East,Undergraduate,18279.62,2813.16,48928.22,45.1,98.5,1.96,0.42,76.95,100.0,63.68,67.98,9.78,98.67,Optimal
UNI0372,East,Vocational,30855.37,693.08,128722.05,54.06,97.65,3.07,0.6,44.59,51.08,51.75,67.12,9.97,97.71,Suboptimal
UNI0373,West,Vocational,3166.18,2419.28,201244.12,24.66,98.18,3.6,0.76,57.5,38.42,53.03,43.77,11.23,98.3,Optimal
UNI0374,East,Vocational,21295.73,648.61,154172.97,50.16,97.64,3.46,0.44,89.01,59.66,43.83,77.58,8.43,96.25,Suboptimal
UNI0375,West,Undergraduate,20610.98,2349.51,226355.97,70.86,99.08,3.89,0.47,61.93,83.08,81.65,83.75,23.34,98.72,Optimal
UNI0376,West,Undergraduate,12828.1,1185.79,97691.71,47.64,95.92,3.42,0.45,39.96,76.81,51.93,56.94,11.37,100.0,Suboptimal
UNI0377,East,Undergraduate,16023.2,2999.91,225602.21,56.17,99.56,4.37,0.96,101.23,46.13,44.0,65.24,1.0,98.25,Suboptimal
UNI0378,Central,Undergraduate,28406.24,2406.85,113684.4,68.45,94.86,2.89,0.87,78.08,97.41,83.5,71.88,14.92,99.86,Optimal
UNI0379,West,Undergraduate,22046.77,2022.82,276273.76,59.45,100.0,2.69,0.72,49.75,90.4,87.26,81.59,10.23,97.87,Optimal
UNI0380,East,Undergraduate,4809.12,2806.67,372518.82,54.44,99.88,2.85,0.87,83.99,82.03,58.94,53.33,14.51,96.3,Optimal
UNI0381,East,Vocational,3893.93,2050.44,135932.15,39.75,98.39,4.32,0.59,74.24,92.9,93.37,72.73,12.7,97.91,Optimal
UNI0382,West,Vocational,5102.86,200.0,10000.0,56.21,96.65,0.58,0.16,22.32,64.01,69.38,82.38,17.09,100.0,Suboptimal
UNI0383,West,Vocational,13389.02,705.83,58771.84,33.58,98.33,1.39,0.05,11.24,57.64,51.37,56.28,10.15,96.45,Suboptimal
UNI0384,Central,Undergraduate,28466.06,3278.3,443757.13,39.65,98.16,4.06,0.46,75.35,59.91,30.56,63.68,4.04,100.0,Suboptimal
UNI0385,Central,Vocational,14761.74,200.0,235999.41,51.67,97.39,3.16,0.6,51.84,71.04,93.26,69.02,21.39,100.0,Optimal
UNI0386,East,Vocational,12400.76,1248.74,161096.89,55.4,100.0,2.39,0.39,47.61,61.74,100.0,87.16,9.09,99.69,Optimal
UNI0387,West,Vocational,15784.21,1026.68,36701.84,33.58,97.03,3.58,0.36,21.8,39.25,85.36,54.52,11.47,97.81,Suboptimal
UNI0388,Central,Undergraduate,29810.31,4131.63,294154.36,82.22,99.81,3.78,0.59,71.32,76.48,72.65,75.08,16.71,100.0,Optimal
UNI0389,East,Undergraduate,27623.72,2551.45,344310.84,59.99,99.61,3.97,0.34,83.06,52.14,61.52,46.6,10.22,99.98,Optimal
UNI0390,Central,Vocational,15900.08,1242.07,180431.96,47.13,98.74,4.31,0.71,56.95,56.68,73.4,57.86,4.34,100.0,Suboptimal
UNI0391,West,Vocational,4849.18,732.22,10000.0,52.1,99.72,3.43,0.12,54.48,72.98,70.57,73.94,11.12,98.29,Optimal
UNI0392,West,Undergraduate,22452.28,1063.2,208405.15,37.12,97.7,5.37,0.35,33.14,76.72,90.4,100.0,19.74,99.44,Optimal
UNI0393,East,Vocational,20676.79,1227.07,244434.01,83.58,99.65,3.03,0.67,53.89,64.53,66.57,61.74,16.88,99.63,Optimal
UNI0394,East,Undergraduate,33572.45,1542.52,78224.41,69.89,100.0,3.28,0.57,80.14,76.63,100.0,73.54,13.75,100.0,Optimal
UNI0395,West,Vocational,9953.72,2681.47,72459.67,65.5,100.0,4.7,0.9,47.3,69.51,75.67,52.82,3.34,100.0,Optimal
UNI0396,West,Vocational,19476.61,1173.39,109192.31,52.39,99.53,3.8,0.15,5.41,77.69,63.94,72.92,13.08,100.0,Suboptimal
UNI0397,Central,Vocational,12891.69,200.0,10000.0,14.06,97.68,1.35,0.34,6.62,100.0,97.24,100.0,22.0,96.77,Optimal
UNI0398,Central,Vocational,17328.79,1775.34,10000.0,38.05,99.44,4.37,0.48,61.83,54.88,46.37,9.94,2.79,99.29,Suboptimal
UNI0399,Central,Vocational,7405.27,899.57,10000.0,24.56,96.2,4.62,0.23,5.0,54.25,49.96,65.53,9.4,98.69,Suboptimal
UNI0400,East,Vocational,6098.72,2192.25,197391.26,49.29,98.78,3.73,0.5,35.73,67.05,59.62,86.33,12.71,98.24,Suboptimal
UNI0401,East,Vocational,22010.68,985.52,237415.37,35.02,98.79,5.08,0.69,89.13,81.05,69.68,66.86,18.33,100.0,Optimal
UNI0402,East,Undergraduate,26889.06,427.23,473246.24,54.03,100.0,6.48,1.14,140.54,100.0,72.62,97.11,15.38,98.57,Optimal
UNI0403,East,Undergraduate,17552.61,2444.08,235847.81,65.43,100.0,6.48,0.49,72.12,100.0,78.69,100.0,20.52,99.13,Optimal
UNI0404,West,Vocational,18241.0,200.0,10000.0,52.01,97.67,2.6,0.2,5.0,46.65,33.28,60.3,16.37,97.94,Suboptimal
UNI0405,East,Vocational,3000.0,1442.07,10000.0,55.11,100.0,4.35,0.4,48.47,90.82,53.68,64.34,6.46,99.15,Optimal
UNI0406,East,Undergraduate,15718.62,2102.21,92675.92,31.24,96.04,1.59,0.76,10.45,67.45,65.32,82.91,5.12,97.48,Suboptimal
UNI0407,Central,Vocational,5917.85,1215.24,83289.96,21.01,96.91,2.06,0.28,5.0,42.69,66.57,65.75,8.03,97.77,Suboptimal
UNI0408,East,Vocational,3000.0,2429.49,179333.3,41.41,98.07,2.59,0.79,51.92,62.71,74.39,66.68,15.73,98.57,Optimal
UNI0409,East,Vocational,4622.05,2005.4,127749.22,48.73,97.51,0.9,0.46,14.48,86.75,70.07,78.29,13.74,96.33,Suboptimal
UNI0410,Central,Vocational,8355.47,1863.13,87201.82,44.12,99.0,0.5,0.61,22.45,72.97,36.66,80.56,16.28,96.69,Suboptimal
UNI0411,East,Vocational,11925.42,2160.6,232396.75,25.68,99.02,3.61,0.61,13.62,37.78,36.08,57.92,1.0,97.64,Suboptimal
UNI0412,Central,Vocational,16650.73,2383.55,134492.14,47.68,99.81,3.86,0.69,49.11,44.55,53.49,68.57,11.84,100.0,Suboptimal
UNI0413,West,Vocational,14843.32,1801.88,334933.63,62.75,100.0,3.02,0.41,86.28,46.54,74.17,73.56,1.0,100.0,Optimal
UNI0414,East,Vocational,18411.81,200.0,32198.46,37.52,97.86,4.85,0.14,30.5,45.33,41.29,52.92,14.38,97.41,Optimal
UNI0415,West,Vocational,18112.72,3520.03,164082.38,70.5,98.28,2.6,0.91,56.76,71.82,46.23,87.54,18.19,100.0,Optimal
UNI0416,West,Undergraduate,23330.62,2418.55,210050.73,62.77,97.29,4.26,0.96,62.74,58.52,91.77,63.31,11.73,98.33,Optimal
UNI0417,West,Vocational,15287.36,2223.91,207775.49,36.41,97.88,2.91,1.12,33.4,66.39,56.0,72.01,2.98,98.23,Suboptimal
UNI0418,Central,Vocational,19181.89,200.0,10000.0,17.28,98.71,1.92,0.05,5.0,74.79,30.09,67.2,6.77,99.41,Suboptimal
UNI0419,Central,Undergraduate,21929.15,2736.18,177572.38,41.53,98.19,4.43,0.72,85.39,88.59,61.49,53.56,15.03,98.54,Optimal
UNI0420,Central,Undergraduate,17758.63,345.49,58677.93,46.97,97.1,4.64,0.45,47.13,100.0,79.65,97.89,18.36,98.8,Optimal
UNI0421,Central,Vocational,10357.15,750.53,162658.61,51.31,100.0,3.89,0.34,36.48,39.5,52.65,70.33,19.78,100.0,Suboptimal
UNI0422,East,Vocational,6289.99,871.12,211199.87,36.09,99.96,3.57,0.36,48.41,87.75,57.16,82.49,9.1,98.36,Optimal
UNI0423,West,Undergraduate,31606.55,2902.77,368278.68,62.35,99.12,2.77,0.86,102.52,72.86,50.72,81.66,21.27,99.47,Optimal
UNI0424,Central,Vocational,10887.47,1931.33,188100.14,19.46,100.0,4.43,0.37,53.08,75.89,61.59,73.36,4.89,98.35,Suboptimal
UNI0425,West,Undergraduate,3000.0,1475.66,333373.35,73.43,100.0,2.69,0.71,76.67,99.56,78.17,88.03,12.56,98.98,Optimal
UNI0426,East,Vocational,18975.85,1205.14,125642.04,47.12,100.0,2.41,0.59,21.79,85.26,37.86,79.12,8.21,97.58,Suboptimal
UNI0427,East,Undergraduate,31422.58,3755.16,372184.23,65.78,99.96,4.21,1.1,109.69,46.63,83.12,100.0,16.27,100.0,Optimal
UNI0428,Central,Undergraduate,13785.65,3957.59,294541.58,55.94,97.73,4.03,0.81,55.65,52.62,33.38,65.99,3.59,99.49,Suboptimal
UNI0429,Central,Vocational,14787.31,1019.0,10000.0,29.26,98.94,1.65,0.44,10.16,75.02,60.95,78.77,20.35,98.68,Suboptimal
UNI0430,East,Undergraduate,30359.7,1931.3,227092.5,78.55,98.87,3.66,0.66,104.78,61.49,91.08,79.63,18.15,100.0,Optimal
UNI0431,East,Vocational,11772.03,200.0,10000.0,51.98,100.0,3.69,0.13,28.47,74.9,63.08,65.01,10.39,98.61,Suboptimal
UNI0432,East,Undergraduate,33729.47,3814.27,227714.72,79.46,100.0,2.53,0.85,88.16,100.0,82.32,71.92,16.12,98.71,Optimal
UNI0433,Central,Vocational,3000.0,1218.8,10000.0,25.41,98.63,2.46,0.14,44.37,57.17,24.51,54.99,3.95,96.53,Suboptimal
UNI0434,East,Vocational,13018.77,795.13,10000.0,65.55,98.84,1.43,0.46,34.57,82.57,63.72,65.21,17.8,98.82,Optimal
UNI0435,West,Vocational,26581.7,989.43,275522.31,61.09,100.0,5.59,0.61,44.88,86.29,78.59,74.32,15.31,100.0,Optimal
UNI0436,East,Vocational,3138.7,200.0,90116.19,71.76,99.12,1.05,0.26,26.9,55.05,45.02,67.29,11.02,97.64,Suboptimal
UNI0437,East,Undergraduate,32031.3,3296.75,313330.34,58.56,100.0,4.66,0.61,90.53,97.62,93.15,82.43,21.75,100.0,Optimal
UNI0438,East,Vocational,21985.19,2315.48,497940.38,59.38,99.78,3.01,0.7,51.33,48.79,100.0,65.93,12.67,99.74,Optimal
UNI0439,Central,Vocational,24640.4,227.47,98715.82,47.43,99.81,5.54,0.55,38.59,99.55,97.81,89.19,25.37,100.0,Optimal
UNI0440,Central,Vocational,19102.83,1421.38,130703.72,57.53,97.77,2.97,0.29,38.69,58.49,43.9,57.67,9.85,97.31,Suboptimal
UNI0441,Central,Vocational,3000.0,200.0,162847.16,46.54,97.78,2.45,0.33,5.0,66.89,91.46,78.62,17.54,98.45,Optimal
UNI0442,West,Undergraduate,4895.22,2404.71,233301.06,31.45,97.92,3.42,0.05,49.77,60.28,52.02,50.4,4.91,97.0,Suboptimal
UNI0443,East,Undergraduate,16138.28,1888.25,239972.81,11.47,98.53,1.59,0.12,57.07,84.06,8.78,46.25,4.48,96.9,Optimal
UNI0444,Central,Undergraduate,24099.49,1586.46,308239.11,91.18,100.0,2.64,0.78,65.78,51.09,44.88,53.94,8.66,98.92,Optimal
UNI0445,East,Vocational,12518.08,1491.14,66408.12,53.56,98.44,2.77,0.44,42.39,62.98,22.73,55.43,17.27,97.32,Suboptimal
UNI0446,East,Undergraduate,40543.22,2393.24,388199.9,29.38,99.47,1.59,0.48,85.47,87.19,50.28,56.56,7.87,99.31,Optimal
UNI0447,Central,Vocational,21313.01,2189.72,242034.67,63.7,98.6,1.33,0.76,31.23,51.94,62.61,58.35,15.64,100.0,Suboptimal
UNI0448,East,Undergraduate,27129.96,2601.04,195044.38,67.33,96.96,3.28,0.62,101.55,75.24,51.38,92.99,14.9,98.0,Optimal
UNI0449,Central,Undergraduate,24400.3,1614.08,179529.96,40.45,97.91,1.39,0.33,52.19,71.6,51.29,97.35,10.26,97.7,Optimal
UNI0450,Central,Vocational,16889.72,493.58,10000.0,44.74,100.0,2.17,0.23,69.68,66.55,32.2,73.67,2.97,99.6,Optimal
UNI0451,Central,Vocational,33393.3,1137.8,236432.99,49.94,99.27,3.48,0.9,27.77,62.94,56.41,58.63,2.12,99.42,Optimal
UNI0452,Central,Undergraduate,8770.65,3247.83,223801.89,60.82,100.0,4.18,0.64,35.02,55.97,49.47,74.34,9.82,96.15,Suboptimal
UNI0453,Central,Undergraduate,14795.45,2618.39,469693.3,53.51,97.94,6.97,0.95,113.16,81.63,84.69,75.82,11.84,99.34,Optimal
UNI0454,East,Vocational,8543.94,1728.85,113799.59,69.08,99.32,3.29,0.66,56.09,75.4,74.53,69.41,10.69,100.0,Optimal
UNI0455,East,Undergraduate,28579.65,650.39,10000.0,62.76,96.36,2.61,0.05,76.58,80.17,89.64,90.47,12.5,97.41,Optimal
UNI0456,East,Vocational,16688.23,200.0,355376.85,41.17,97.87,2.97,0.36,48.06,65.1,37.87,81.22,15.77,100.0,Suboptimal
UNI0457,Central,Vocational,13364.36,1475.24,148399.49,35.69,97.93,3.81,0.68,97.42,39.93,89.63,44.78,16.86,100.0,Suboptimal
UNI0458,West,Vocational,8945.17,1275.51,10000.0,48.4,97.0,3.42,0.48,37.29,82.69,61.88,87.94,11.68,99.72,Suboptimal
UNI0459,East,Undergraduate,36239.94,1752.04,301963.94,70.37,97.88,4.24,1.06,86.69,78.97,68.8,75.8,15.56,100.0,Optimal
UNI0460,Central,Undergraduate,18190.82,1782.69,528561.08,47.01,97.58,5.86,0.76,83.71,96.16,100.0,81.19,18.56,96.82,Optimal
UNI0461,West,Vocational,22660.08,811.43,22435.05,54.2,97.62,2.95,0.58,40.3,88.02,47.3,84.53,16.76,98.55,Optimal
UNI0462,West,Undergraduate,25110.05,2837.97,280471.16,73.33,98.73,6.08,0.98,100.09,100.0,60.4,97.2,15.88,100.0,Optimal
UNI0463,Central,Vocational,8715.04,200.96,105179.0,40.56,97.79,2.85,0.49,55.51,69.86,38.32,74.8,13.55,96.89,Suboptimal
UNI0464,Central,Undergraduate,19504.98,1208.88,134195.54,45.89,95.56,3.1,0.76,92.25,50.93,21.05,66.05,7.82,97.86,Suboptimal
UNI0465,Central,Vocational,6298.98,1547.38,122095.8,50.11,98.48,3.57,0.64,5.0,62.82,32.71,82.91,9.55,99.37,Suboptimal
UNI0466,West,Vocational,10626.72,1630.22,285929.55,72.23,99.76,3.05,0.07,43.32,39.64,58.42,71.29,9.37,99.17,Suboptimal
UNI0467,East,Undergraduate,19219.19,2431.91,211241.73,48.68,100.0,2.35,0.72,60.79,84.68,45.69,81.39,1.92,99.91,Optimal
UNI0468,West,Vocational,29827.81,1401.55,150799.31,75.43,100.0,3.88,0.91,62.26,83.91,92.52,100.0,22.75,100.0,Optimal
UNI0469,East,Vocational,12139.51,619.13,10000.0,58.96,97.45,0.96,0.48,22.85,76.85,73.27,58.98,1.43,97.84,Suboptimal
UNI0470,West,Undergraduate,30094.24,2940.69,347390.45,44.36,98.02,4.19,0.7,96.24,60.78,64.63,44.16,10.73,100.0,Optimal
UNI0471,East,Vocational,17152.67,200.0,10000.0,58.43,98.54,2.46,0.52,29.07,41.19,68.24,92.95,7.06,100.0,Optimal
UNI0472,East,Vocational,10184.97,445.15,44495.09,58.02,100.0,0.5,0.11,15.21,80.37,71.25,47.25,14.53,99.07,Optimal
UNI0473,East,Vocational,23962.25,1960.26,326989.66,29.18,99.14,2.12,0.8,9.47,5.88,74.89,51.74,8.41,100.0,Optimal
UNI0474,East,Undergraduate,31321.06,1622.71,486252.54,70.36,99.16,6.41,0.56,116.96,92.22,68.78,88.72,18.5,98.94,Optimal
UNI0475,East,Undergraduate,37105.24,2522.51,219412.15,62.14,100.0,3.59,0.47,46.64,85.4,83.78,76.23,16.82,99.0,Optimal
UNI0476,East,Undergraduate,37973.62,3879.15,418134.98,65.38,99.9,4.86,0.95,83.42,43.53,67.49,69.54,9.78,98.95,Optimal
UNI0477,Central,Undergraduate,12815.02,1386.41,282515.19,39.29,97.41,2.01,0.36,101.63,70.68,55.14,73.15,14.62,96.66,Suboptimal
UNI0478,East,Vocational,20291.6,1416.77,169737.41,70.78,99.34,4.32,0.86,46.76,55.34,35.96,73.33,14.01,99.4,Optimal
UNI0479,West,Undergraduate,31581.4,3065.14,334340.43,62.27,98.93,3.8,0.61,70.99,83.96,73.93,96.1,14.23,100.0,Optimal
UNI0480,West,Undergraduate,12290.33,1517.72,342714.71,49.1,99.91,2.01,0.54,65.48,92.88,60.16,82.24,7.46,99.9,Optimal
UNI0481,Central,Vocational,6320.86,200.0,10000.0,44.55,96.27,2.18,0.4,5.0,38.37,51.35,35.82,1.0,98.69,Suboptimal
UNI0482,East,Vocational,3570.89,631.52,115394.43,43.32,99.49,2.01,0.27,5.0,82.06,64.75,81.13,16.89,98.66,Suboptimal
UNI0483,East,Vocational,14178.3,2003.4,211928.46,37.71,98.5,2.23,1.19,48.44,66.53,26.3,85.2,6.9,99.33,Suboptimal
UNI0484,West,Vocational,10016.22,1553.52,103433.12,40.82,95.92,1.44,0.29,31.81,94.53,62.62,62.85,9.49,99.21,Suboptimal
UNI0485,East,Undergraduate,3000.0,1229.16,200633.26,40.94,95.23,3.06,0.06,70.05,84.25,52.68,72.46,10.97,98.02,Suboptimal
UNI0486,East,Undergraduate,22967.79,2307.96,298367.07,61.69,98.67,3.22,0.58,63.31,63.83,68.75,90.65,12.32,98.52,Optimal
UNI0487,West,Vocational,6382.99,1137.46,48488.82,52.13,97.76,1.73,0.34,33.99,61.75,73.86,70.15,10.91,97.88,Suboptimal
UNI0488,West,Vocational,11507.11,200.0,84939.49,33.62,97.86,0.5,0.12,5.0,38.32,48.21,52.16,10.02,98.99,Suboptimal
UNI0489,East,Vocational,32824.73,200.0,171636.3,50.48,100.0,4.24,0.79,46.08,49.05,42.8,52.1,7.88,99.53,Optimal
UNI0490,Central,Undergraduate,24874.27,2657.69,154953.79,44.08,96.41,5.35,0.74,69.06,96.92,64.45,89.81,13.89,98.27,Optimal
UNI0491,Central,Undergraduate,14915.73,1566.13,94349.52,57.16,98.88,4.2,0.46,69.29,81.07,91.17,92.01,16.39,98.57,Optimal
UNI0492,West,Undergraduate,23610.98,3315.55,223553.98,50.46,99.18,5.41,0.36,78.7,45.67,40.79,71.35,8.86,98.6,Suboptimal
UNI0493,East,Undergraduate,22623.31,1341.33,289305.94,56.91,99.17,4.76,0.44,67.3,72.06,70.45,53.05,12.89,97.34,Optimal
UNI0494,East,Undergraduate,22810.63,1683.42,113151.34,64.42,99.98,3.4,0.54,59.87,77.2,61.65,87.0,2.68,98.88,Optimal
UNI0495,Central,Vocational,3000.0,840.11,118325.42,41.9,94.58,2.26,0.05,52.0,65.79,60.79,57.36,6.65,98.4,Suboptimal
UNI0496,East,Vocational,6137.97,350.6,64424.01,44.89,96.66,1.08,0.23,13.91,55.31,28.75,49.42,6.12,100.0,Suboptimal
UNI0497,Central,Undergraduate,26670.9,2274.9,472786.75,64.87,100.0,5.97,1.28,120.94,93.88,74.71,66.52,12.42,99.32,Optimal
UNI0498,East,Undergraduate,18612.45,517.28,194155.94,31.98,96.49,4.68,0.79,102.47,55.41,60.87,80.45,7.92,98.42,Optimal
UNI0499,West,Vocational,12762.11,1732.49,10000.0,33.51,100.0,1.79,0.37,5.0,30.9,43.06,68.25,7.91,98.62,Suboptimal
UNI0500,West,Vocational,23167.69,1310.81,222000.72,52.62,96.33,3.76,0.29,41.95,73.42,68.54,48.06,12.18,99.86,Suboptimal
UNI0501,Central,Undergraduate,22787.34,2373.13,156064.1,45.06,100.0,1.85,0.49,35.74,41.31,51.84,60.88,5.16,97.65,Suboptimal
UNI0502,West,Undergraduate,20379.86,2492.71,161937.17,32.93,96.92,2.37,0.48,33.06,68.95,64.81,82.73,12.59,99.5,Suboptimal
UNI0503,East,Undergraduate,20494.45,2821.79,324162.98,72.18,100.0,4.84,0.77,95.25,95.16,82.41,78.69,9.39,100.0,Optimal
UNI0504,Central,Vocational,15998.05,1366.21,238272.69,53.61,100.0,4.38,0.84,67.28,54.57,77.96,93.77,19.49,100.0,Optimal
UNI0505,East,Vocational,6975.19,1356.03,10000.0,44.73,98.58,2.68,0.69,46.2,79.77,85.11,73.57,12.68,100.0,Optimal
UNI0506,West,Undergraduate,18445.3,3542.84,400592.79,65.45,99.91,3.66,0.77,58.91,59.26,80.84,90.01,10.97,99.44,Optimal
UNI0507,West,Vocational,3000.0,1305.36,86129.62,61.51,99.59,3.54,0.68,52.08,39.53,52.22,50.42,3.4,100.0,Suboptimal
UNI0508,West,Undergraduate,9917.64,3425.21,370685.51,19.13,98.94,1.26,0.48,41.66,48.15,76.95,74.11,8.86,97.77,Suboptimal
UNI0509,West,Undergraduate,40868.98,1118.95,115335.97,73.82,99.81,2.97,0.95,78.6,71.59,76.96,48.44,7.2,97.61,Optimal
UNI0510,West,Vocational,13975.52,200.0,97048.99,60.65,98.72,1.19,0.22,21.74,59.18,51.04,83.17,5.27,99.05,Optimal
UNI0511,East,Vocational,18770.81,2148.66,126080.92,71.12,96.66,3.56,0.55,72.95,92.76,57.98,76.51,14.89,100.0,Optimal
UNI0512,West,Vocational,19419.56,676.47,10000.0,27.72,99.01,4.68,0.86,42.22,74.08,64.18,79.65,17.36,100.0,Optimal
UNI0513,Central,Undergraduate,8421.49,3893.87,314075.83,83.62,100.0,4.43,0.59,82.54,63.87,71.79,76.37,13.25,100.0,Optimal
UNI0514,East,Undergraduate,21104.8,2660.62,10000.0,36.1,99.16,2.28,0.19,64.52,57.54,36.34,55.97,6.77,97.33,Suboptimal
UNI0515,Central,Undergraduate,26299.39,2913.81,141926.83,35.73,99.03,2.15,0.42,59.78,84.28,62.67,100.0,13.85,100.0,Optimal
UNI0516,East,Undergraduate,21808.17,3163.01,378813.5,67.58,98.95,3.27,1.07,84.37,100.0,66.17,86.41,17.55,99.53,Optimal
UNI0517,East,Vocational,5749.28,1109.83,148031.04,62.24,100.0,6.48,0.21,69.31,58.13,40.58,79.97,11.04,98.45,Suboptimal
UNI0518,East,Vocational,7981.2,200.0,10000.0,45.07,98.81,2.96,0.49,21.29,47.92,34.47,48.86,9.48,97.43,Suboptimal
UNI0519,East,Vocational,17704.4,1746.72,122160.38,32.99,96.93,2.6,0.22,38.82,39.08,50.7,60.96,5.48,95.87,Suboptimal
UNI0520,Central,Undergraduate,21222.36,1030.05,210200.68,68.65,99.45,1.29,0.63,92.3,82.15,50.28,50.21,7.73,99.43,Optimal
UNI0521,West,Vocational,4346.35,1729.67,10000.0,49.69,100.0,0.9,0.26,36.43,80.62,54.9,70.5,8.16,98.69,Suboptimal
UNI0522,Central,Vocational,37554.99,2356.64,326447.79,40.91,100.0,4.17,0.95,56.27,67.7,47.59,62.76,16.19,99.24,Optimal
UNI0523,Central,Undergraduate,7480.23,1983.97,101605.68,62.81,97.07,2.92,0.63,74.33,47.66,46.07,100.0,10.06,97.42,Suboptimal
UNI0524,East,Undergraduate,14072.6,2024.51,125257.5,49.37,97.91,3.11,0.75,53.86,50.02,33.77,74.89,6.78,97.69,Suboptimal
UNI0525,Central,Vocational,5803.74,1280.48,170527.32,61.45,100.0,3.0,0.76,36.92,63.1,84.66,86.51,14.72,99.73,Suboptimal
UNI0526,East,Vocational,9820.11,630.02,10000.0,61.58,100.0,3.35,0.43,11.62,72.6,78.66,56.9,1.82,97.85,Suboptimal
UNI0527,West,Vocational,16669.66,2924.35,373135.11,87.91,98.04,2.06,0.65,91.15,73.93,60.7,79.51,12.34,98.91,Optimal
UNI0528,East,Undergraduate,18569.65,2939.66,171709.62,39.86,96.22,1.96,0.65,105.46,84.82,41.57,80.39,3.69,98.26,Optimal
UNI0529,Central,Undergraduate,28467.52,2270.41,314898.39,52.4,97.19,3.53,0.78,59.24,53.37,70.7,52.83,4.18,97.87,Suboptimal
UNI0530,West,Vocational,5197.45,637.4,194127.47,47.81,96.7,2.39,0.25,60.16,30.22,68.04,57.54,4.23,98.91,Suboptimal
UNI0531,Central,Vocational,3000.0,1553.82,23099.1,37.49,94.98,1.95,0.41,59.11,100.0,90.4,81.15,8.11,97.88,Optimal
UNI0532,West,Undergraduate,31793.17,857.35,217107.15,77.23,100.0,4.17,0.68,61.29,69.42,93.13,66.04,12.78,100.0,Optimal
UNI0533,East,Vocational,8432.46,1191.51,72390.2,10.0,95.88,1.91,0.35,5.0,71.67,22.49,52.68,8.73,97.98,Suboptimal
UNI0534,West,Undergraduate,12151.01,1749.68,176144.53,36.81,95.26,2.43,0.21,78.9,58.65,82.08,64.23,8.58,98.57,Suboptimal
UNI0535,Central,Undergraduate,18464.55,1474.84,128590.3,46.54,94.82,4.21,0.5,72.5,42.63,52.56,49.77,8.14,98.71,Suboptimal
UNI0536,West,Vocational,10552.62,1543.94,10000.0,43.07,99.72,2.75,0.71,25.31,50.92,50.62,26.49,1.0,99.43,Suboptimal
UNI0537,Central,Undergraduate,23434.57,2164.95,379052.16,47.62,98.75,4.52,0.58,75.49,28.03,62.63,38.84,9.9,98.25,Suboptimal
UNI0538,West,Vocational,12057.73,548.48,20298.28,59.03,98.36,0.5,0.74,33.16,57.36,66.94,64.18,1.0,100.0,Suboptimal
UNI0539,West,Undergraduate,33650.35,3098.91,289596.13,57.41,99.09,3.27,0.74,139.26,76.08,69.69,73.04,5.15,99.84,Optimal
UNI0540,East,Vocational,21025.64,503.41,119569.34,36.36,98.02,4.51,0.33,39.69,67.04,45.7,95.93,8.81,96.69,Suboptimal
UNI0541,West,Undergraduate,27358.66,2559.58,180573.62,63.31,98.86,2.27,0.62,73.32,91.68,67.61,87.62,18.61,97.24,Optimal
UNI0542,Central,Undergraduate,17350.92,285.06,327730.75,55.37,94.94,2.02,0.28,91.27,82.41,68.01,43.46,8.1,98.43,Optimal
UNI0543,Central,Vocational,17939.43,1577.03,132438.06,69.88,97.54,3.36,0.73,77.05,69.88,44.97,65.88,10.14,100.0,Optimal
UNI0544,West,Vocational,3000.0,1229.23,85589.16,41.08,95.8,3.25,0.5,68.92,55.98,100.0,93.17,23.04,97.19,Suboptimal
UNI0545,East,Undergraduate,27558.81,2036.41,241413.97,67.19,99.14,3.48,0.94,72.93,74.07,58.29,91.4,22.16,97.93,Optimal
UNI0546,Central,Vocational,20510.06,2669.32,219309.34,56.41,100.0,7.1,1.22,74.33,94.87,54.78,80.34,11.01,99.35,Optimal
UNI0547,East,Vocational,15160.14,1339.03,80880.78,50.03,100.0,3.9,0.21,7.66,61.65,57.65,75.49,10.5,100.0,Suboptimal
UNI0548,East,Vocational,12627.93,2152.88,89385.27,34.25,95.05,2.45,0.48,48.76,95.65,38.42,70.81,10.78,95.89,Suboptimal
UNI0549,West,Vocational,12783.22,1368.99,250392.87,43.45,99.62,1.24,0.19,40.4,96.06,52.04,90.68,12.66,98.24,Optimal
UNI0550,East,Vocational,3000.0,556.83,65187.49,39.13,96.08,2.28,0.75,35.67,49.55,63.67,42.9,9.4,96.48,Suboptimal
UNI0551,East,Undergraduate,24600.93,2236.93,177982.74,58.38,100.0,2.38,0.51,106.53,48.24,30.65,40.69,15.12,99.63,Optimal
UNI0552,East,Vocational,17124.14,915.98,227495.48,41.89,100.0,5.86,0.27,63.36,58.67,86.73,84.32,1.0,99.24,Optimal
UNI0553,Central,Vocational,25671.98,1101.98,10000.0,54.32,100.0,3.97,1.1,72.11,87.49,61.72,69.5,10.93,99.53,Optimal
UNI0554,West,Undergraduate,23634.45,2368.21,367235.62,31.27,99.02,4.32,0.49,73.92,33.86,34.06,67.95,13.96,98.1,Suboptimal
UNI0555,West,Vocational,14515.52,771.77,210718.06,49.08,99.81,3.13,0.09,65.15,63.08,61.98,26.66,11.22,100.0,Suboptimal
UNI0556,East,Vocational,13346.92,1703.34,294762.08,53.76,98.97,4.03,0.18,37.52,27.14,12.78,80.43,10.12,100.0,Suboptimal
UNI0557,Central,Undergraduate,13321.52,2021.3,302927.89,64.34,96.13,0.61,0.63,91.55,73.72,67.64,95.26,6.55,98.79,Optimal
UNI0558,Central,Vocational,18028.71,1638.76,182523.31,67.74,98.12,2.12,0.6,66.99,37.46,52.92,43.55,12.83,100.0,Suboptimal
UNI0559,Central,Undergraduate,30918.56,1701.91,436351.55,53.54,100.0,5.76,0.65,98.4,86.9,52.86,75.69,18.31,100.0,Optimal
UNI0560,East,Vocational,9167.23,945.7,10000.0,39.88,99.85,3.54,0.15,5.0,36.23,29.85,53.87,5.81,97.04,Optimal
UNI0561,East,Vocational,6359.94,718.05,78404.48,40.14,97.08,1.82,0.55,68.16,82.25,83.29,50.3,7.63,98.54,Suboptimal
UNI0562,Central,Vocational,21152.5,200.0,40300.87,46.24,97.94,0.5,0.68,38.89,45.21,49.75,62.82,8.98,100.0,Suboptimal
UNI0563,Central,Undergraduate,10440.07,3483.95,370704.58,43.86,95.26,3.92,0.75,89.46,56.51,65.51,82.36,5.16,95.88,Suboptimal
UNI0564,Central,Undergraduate,39517.7,2799.8,159400.65,52.0,99.01,4.36,0.56,82.86,68.69,75.2,96.64,12.74,98.32,Optimal
UNI0565,Central,Vocational,20504.97,2587.92,106661.4,73.37,100.0,4.38,0.68,73.22,82.37,50.84,56.52,17.74,98.17,Optimal
UNI0566,West,Vocational,6028.49,1153.42,93892.72,44.43,100.0,2.62,0.61,62.73,71.16,54.35,52.19,15.19,99.54,Suboptimal
UNI0567,Central,Vocational,12960.17,1165.77,196111.73,49.28,100.0,1.22,0.94,38.04,100.0,53.04,92.3,16.52,100.0,Optimal
UNI0568,East,Vocational,13995.35,845.84,34929.16,10.0,98.48,2.65,0.25,52.62,65.11,32.04,55.03,2.36,98.92,Suboptimal
UNI0569,West,Vocational,8955.05,1201.73,110686.91,54.88,98.62,2.13,0.62,15.02,80.69,50.02,72.49,9.57,98.55,Suboptimal
UNI0570,West,Undergraduate,13443.15,3012.1,361321.88,75.08,100.0,2.99,0.58,84.95,66.73,18.97,58.02,8.32,99.95,Optimal
UNI0571,East,Vocational,14618.53,1040.68,225126.05,50.01,99.02,0.93,0.14,49.03,76.15,70.34,43.83,5.55,100.0,Optimal
UNI0572,Central,Vocational,5845.97,1924.28,44352.36,22.82,95.94,2.65,0.05,10.65,61.07,38.93,62.02,11.07,97.53,Suboptimal
UNI0573,East,Undergraduate,9093.94,1861.76,203376.12,62.12,100.0,4.43,0.92,71.94,51.09,57.86,83.83,10.16,99.65,Optimal
UNI0574,Central,Vocational,3000.0,281.57,311349.97,39.69,96.28,2.61,0.93,39.36,58.36,70.03,73.91,12.29,100.0,Suboptimal
UNI0575,East,Vocational,19096.62,200.0,63649.67,56.78,99.19,2.38,0.28,26.72,38.26,30.77,70.12,6.39,99.88,Suboptimal
UNI0576,Central,Vocational,7264.87,200.0,212614.12,37.13,98.89,2.7,0.5,53.83,79.66,48.59,71.77,16.19,98.63,Optimal
UNI0577,East,Vocational,3197.49,623.78,280446.04,62.02,97.96,2.34,0.06,45.45,82.49,69.76,52.94,11.55,100.0,Suboptimal
UNI0578,Central,Vocational,3000.0,200.0,69851.52,28.35,99.14,2.29,0.41,5.0,77.54,94.22,52.8,2.75,95.8,Suboptimal
UNI0579,West,Vocational,3000.0,1797.17,32167.87,79.65,100.0,3.97,0.56,56.06,64.53,79.02,94.75,10.1,98.9,Optimal
UNI0580,East,Vocational,12749.05,200.0,10000.0,56.19,98.74,2.88,0.05,11.48,55.44,48.7,51.43,4.65,97.61,Suboptimal
UNI0581,West,Vocational,8530.27,1909.37,99054.58,59.8,100.0,4.56,0.61,39.73,64.36,44.09,39.82,6.42,98.97,Suboptimal
UNI0582,West,Undergraduate,16027.03,1949.07,268997.35,40.95,96.98,3.1,0.27,44.41,74.46,55.95,72.77,15.38,99.34,Optimal
UNI0583,West,Undergraduate,17310.68,2060.2,260201.47,55.98,97.07,6.74,0.75,70.03,55.95,72.73,49.48,10.03,98.97,Optimal
UNI0584,East,Undergraduate,21493.44,1290.06,393211.04,66.54,100.0,4.8,0.28,52.07,100.0,100.0,88.37,18.77,98.61,Optimal
UNI0585,West,Vocational,6180.71,2067.97,134106.74,19.02,100.0,2.18,0.56,66.51,45.13,63.45,66.59,12.03,99.52,Suboptimal
UNI0586,East,Undergraduate,13526.63,1608.37,278749.87,49.94,98.08,4.74,0.69,54.9,66.59,80.74,66.92,11.25,98.9,Optimal
UNI0587,East,Undergraduate,17719.74,1803.04,45124.33,49.75,97.33,0.52,0.05,38.67,74.25,38.77,51.02,11.5,96.46,Optimal
UNI0588,West,Vocational,3364.9,275.05,137559.94,28.85,96.95,2.15,0.54,5.04,58.36,67.8,73.28,3.27,97.52,Suboptimal
UNI0589,Central,Vocational,8155.53,1740.09,112233.97,39.4,99.18,5.09,0.77,50.25,63.59,46.1,63.47,9.5,98.61,Suboptimal
UNI0590,Central,Undergraduate,20318.74,2568.1,136807.19,79.74,100.0,7.46,0.66,108.94,73.66,67.8,48.36,8.19,100.0,Optimal
UNI0591,East,Vocational,7943.07,200.0,10000.0,28.22,100.0,0.89,0.16,16.76,60.56,63.23,77.89,8.43,100.0,Optimal
UNI0592,West,Undergraduate,27415.44,3045.44,271102.32,54.73,99.18,5.65,1.08,80.28,81.83,66.01,68.88,12.09,98.6,Optimal
UNI0593,Central,Undergraduate,17643.8,3352.95,203301.89,40.75,99.35,4.52,0.8,68.09,68.37,42.65,50.63,9.93,96.16,Suboptimal
UNI0594,Central,Vocational,32643.43,1473.13,155976.46,66.59,100.0,5.94,1.02,37.35,62.48,61.17,81.53,9.51,98.7,Optimal
UNI0595,West,Vocational,11657.67,2275.19,10000.0,15.97,97.48,1.49,0.51,45.2,53.49,59.07,82.38,11.74,97.09,Suboptimal
UNI0596,East,Vocational,3000.0,200.0,10000.0,22.9,94.11,3.91,0.05,5.0,7.03,24.51,30.21,1.0,97.53,Suboptimal
UNI0597,East,Undergraduate,29639.52,2568.28,207230.77,40.03,100.0,3.87,0.87,55.35,82.45,71.43,53.68,13.0,99.05,Optimal
UNI0598,Central,Undergraduate,9911.6,1393.25,77781.71,32.49,97.13,1.36,0.36,68.56,71.11,68.91,47.51,1.04,95.63,Suboptimal
UNI0599,West,Vocational,20218.52,1947.27,61639.32,67.68,100.0,3.38,0.4,80.62,84.79,85.3,74.24,17.4,100.0,Optimal
UNI0600,East,Vocational,23207.42,406.91,31261.5,57.77,97.54,1.86,0.73,34.19,65.84,63.38,79.29,2.49,99.9,Optimal
UNI0601,East,Vocational,9391.23,1242.15,24615.62,43.51,100.0,3.65,0.65,47.3,47.54,47.38,80.44,1.0,100.0,Suboptimal
UNI0602,East,Vocational,13012.74,606.28,102714.26,53.64,98.99,0.51,0.05,5.0,27.6,52.56,67.91,19.11,96.98,Optimal
UNI0603,West,Vocational,20358.46,1554.09,153654.68,43.14,96.89,3.59,0.42,7.41,56.29,61.12,70.95,4.79,100.0,Suboptimal
UNI0604,East,Undergraduate,15273.68,1635.49,247009.82,58.49,95.06,3.24,0.59,15.22,35.25,50.93,63.6,7.07,97.42,Suboptimal
UNI0605,Central,Vocational,12283.35,2404.0,418478.76,49.16,100.0,6.29,0.45,69.28,72.08,70.96,59.23,3.46,98.89,Optimal
UNI0606,West,Vocational,3000.0,1993.79,278366.89,10.0,99.29,5.12,0.59,59.38,82.02,44.13,45.04,7.81,98.64,Suboptimal
UNI0607,East,Undergraduate,9317.03,4272.05,387853.61,74.06,98.82,6.6,1.53,108.59,61.84,94.81,77.37,12.35,98.78,Optimal
UNI0608,Central,Vocational,31936.12,1942.8,246028.97,48.43,100.0,3.2,0.59,53.61,50.07,55.33,72.8,9.64,99.48,Optimal
UNI0609,Central,Vocational,19873.87,3005.52,139815.96,51.89,100.0,3.41,0.73,61.23,40.78,51.49,51.85,2.26,100.0,Suboptimal
UNI0610,West,Vocational,11284.71,1636.88,176323.9,55.71,99.5,1.32,1.01,74.97,68.62,54.91,85.13,9.47,97.21,Suboptimal
UNI0611,East,Vocational,18730.26,1783.5,98104.18,35.6,98.42,2.91,0.29,35.94,68.63,93.6,65.45,13.5,100.0,Optimal
UNI0612,East,Vocational,3000.0,200.0,10000.0,36.65,98.78,1.86,0.24,5.0,32.03,20.86,52.07,6.19,98.38,Suboptimal
UNI0613,East,Vocational,10143.66,2804.66,268815.79,53.16,99.92,4.59,1.17,21.31,87.49,57.79,71.92,13.89,98.83,Optimal
UNI0614,Central,Vocational,9769.85,1114.28,176134.66,57.83,100.0,2.16,0.79,88.03,100.0,83.28,92.07,17.09,100.0,Optimal
UNI0615,West,Vocational,3000.0,1304.32,231517.01,35.95,97.07,2.47,1.01,20.94,91.13,72.04,80.9,12.68,99.04,Suboptimal
UNI0616,East,Vocational,3000.0,200.0,104134.34,55.97,96.45,1.75,0.15,5.0,64.21,51.2,66.84,17.13,98.17,Suboptimal
UNI0617,East,Undergraduate,3494.97,2128.18,121100.51,33.4,97.46,2.61,0.95,66.45,72.93,60.06,77.48,11.24,97.04,Suboptimal
UNI0618,West,Undergraduate,22520.64,1123.5,244652.9,37.99,98.71,3.23,0.41,21.04,80.56,78.25,72.75,19.82,99.61,Optimal
UNI0619,East,Vocational,8947.99,874.27,10000.0,50.98,100.0,3.45,0.56,56.85,56.55,60.35,36.96,13.71,97.85,Suboptimal
UNI0620,East,Vocational,15955.76,200.0,173479.91,49.5,99.46,1.8,0.37,11.41,67.15,70.91,49.15,1.0,98.67,Suboptimal
UNI0621,Central,Vocational,12704.75,1987.94,10000.0,31.51,96.7,2.12,0.4,54.84,63.0,51.01,49.33,7.42,96.32,Suboptimal
UNI0622,East,Undergraduate,24301.07,2358.52,258405.6,75.46,98.01,4.63,0.59,86.61,71.14,99.12,95.67,13.87,99.88,Optimal
UNI0623,East,Vocational,5744.56,200.0,46299.46,42.54,97.75,3.22,0.39,44.9,84.01,66.87,76.78,10.16,98.13,Suboptimal
UNI0624,Central,Undergraduate,21441.96,3062.65,347396.94,55.38,98.43,3.39,0.26,79.48,79.17,63.99,59.59,6.97,97.34,Optimal
UNI0625,East,Undergraduate,23541.26,1442.75,195081.09,67.74,100.0,6.87,0.47,55.66,60.96,35.24,30.01,10.68,98.72,Suboptimal
UNI0626,Central,Undergraduate,34733.0,3273.12,88513.27,72.54,98.85,3.57,0.98,66.85,68.02,67.69,80.22,4.39,99.66,Optimal
UNI0627,Central,Vocational,27869.69,925.93,10000.0,52.51,98.48,3.39,0.57,17.4,86.18,72.64,79.3,14.02,99.55,Optimal
UNI0628,Central,Vocational,28946.4,1161.47,34481.26,34.7,100.0,1.43,0.48,73.78,64.66,76.12,67.73,6.2,97.7,Optimal
UNI0629,East,Vocational,3000.0,830.99,10000.0,42.23,98.84,1.5,0.08,5.0,45.92,56.83,44.61,7.5,96.52,Suboptimal
UNI0630,West,Vocational,3000.0,200.0,10000.0,35.01,95.85,2.09,0.24,14.57,84.12,71.49,95.61,12.4,97.91,Suboptimal
UNI0631,East,Vocational,11493.5,2269.51,91151.34,53.17,100.0,3.0,0.94,93.36,75.39,51.43,63.72,17.37,100.0,Optimal
UNI0632,West,Vocational,17773.16,3001.39,288906.97,44.93,97.45,4.35,0.46,73.62,68.28,54.77,72.89,14.58,100.0,Optimal
UNI0633,East,Undergraduate,3000.0,1370.04,169696.11,13.5,95.54,5.36,0.45,50.92,48.74,54.05,71.24,9.53,96.47,Suboptimal
UNI0634,West,Vocational,3000.0,200.0,226389.95,14.01,97.62,1.34,0.33,43.54,44.29,82.17,77.64,17.06,99.6,Optimal
UNI0635,East,Vocational,16388.24,330.12,14260.74,25.94,97.47,2.78,0.4,20.93,56.92,47.96,57.31,14.11,97.73,Suboptimal
UNI0636,East,Vocational,12166.04,1669.81,190789.34,59.07,100.0,3.98,0.13,58.34,60.86,61.36,68.04,7.86,96.01,Suboptimal
UNI0637,Central,Vocational,3000.0,200.0,39805.22,62.19,98.84,2.52,0.12,44.55,72.1,72.38,70.71,7.33,100.0,Optimal
UNI0638,East,Vocational,3000.0,1180.0,10000.0,41.0,98.47,0.64,0.41,24.86,29.18,18.93,43.4,5.32,98.6,Suboptimal
UNI0639,East,Vocational,16972.92,200.0,73114.58,36.67,98.44,3.9,0.71,44.68,64.16,45.75,76.63,3.41,99.42,Suboptimal
UNI0640,Central,Vocational,7791.6,1703.21,131833.93,39.25,99.49,2.56,0.3,66.2,62.44,63.52,41.49,3.54,99.16,Suboptimal
UNI0641,West,Vocational,8246.0,914.81,93714.11,53.05,97.61,3.53,0.19,15.95,78.22,41.1,53.48,14.74,98.36,Suboptimal
UNI0642,East,Vocational,3000.0,2442.76,62173.45,25.16,96.01,3.19,0.6,67.25,71.4,28.89,82.29,11.26,98.43,Suboptimal
UNI0643,West,Vocational,3000.0,525.96,10000.0,47.58,96.47,1.59,0.12,5.0,38.01,25.48,43.75,1.79,96.35,Suboptimal
UNI0644,West,Undergraduate,24889.97,1846.42,283882.68,67.27,97.39,3.97,0.83,108.55,59.69,61.33,55.41,19.88,97.1,Optimal
UNI0645,West,Vocational,10009.92,200.0,85298.02,63.44,96.59,1.25,0.32,13.25,52.78,52.26,84.11,3.96,98.2,Suboptimal
UNI0646,Central,Vocational,9429.23,1163.68,175673.43,50.14,97.95,4.73,0.23,32.85,23.28,59.68,62.52,12.46,97.86,Suboptimal
UNI0647,Central,Vocational,4318.0,1364.32,117997.45,35.17,97.23,3.13,0.93,82.39,77.35,29.21,44.12,2.93,96.98,Suboptimal
UNI0648,Central,Vocational,19340.85,1693.8,10000.0,44.65,97.59,2.24,0.7,67.16,58.44,64.19,81.74,18.33,98.67,Optimal
UNI0649,Central,Undergraduate,20408.7,1733.57,319843.92,58.17,100.0,5.57,0.52,98.25,83.33,57.22,66.61,8.09,99.18,Suboptimal
UNI0650,West,Undergraduate,26311.73,2784.85,110878.91,42.49,100.0,2.55,0.47,27.04,54.12,64.18,63.94,7.98,97.47,Optimal
UNI0651,East,Undergraduate,15892.29,2772.57,319422.22,40.57,94.42,2.84,0.47,65.67,38.0,35.0,28.37,1.0,97.99,Suboptimal
UNI0652,East,Undergraduate,23822.97,2154.0,252574.96,56.0,99.74,4.35,0.84,77.87,70.84,80.94,78.52,23.28,97.3,Optimal
UNI0653,East,Vocational,16846.19,3212.34,194916.46,39.7,100.0,4.91,0.53,45.56,59.62,41.45,67.74,4.99,97.69,Suboptimal
UNI0654,West,Undergraduate,5717.08,330.64,116994.38,51.48,95.97,1.72,0.49,55.89,68.33,57.85,62.78,11.99,95.63,Suboptimal
UNI0655,East,Undergraduate,16138.76,2118.87,146877.86,40.94,99.05,4.42,0.87,52.75,69.48,51.04,48.37,8.73,99.28,Optimal
UNI0656,Central,Vocational,7549.47,607.27,108014.15,46.58,100.0,2.41,0.45,30.82,55.29,57.24,58.43,7.35,96.88,Suboptimal
UNI0657,West,Undergraduate,21317.73,3247.37,177677.11,62.91,96.04,3.45,0.57,31.78,81.27,79.25,73.64,4.3,98.95,Suboptimal
UNI0658,West,Vocational,3000.0,200.0,10000.0,61.23,98.79,3.72,0.73,73.19,57.12,56.45,67.62,10.95,98.57,Optimal
UNI0659,East,Undergraduate,33612.84,1542.91,271196.39,71.97,100.0,5.1,0.57,76.58,100.0,78.38,79.44,14.7,100.0,Optimal
UNI0660,West,Vocational,18419.54,681.8,307559.65,57.39,97.64,0.68,0.39,36.03,50.2,67.16,92.92,13.44,100.0,Optimal
UNI0661,West,Vocational,8334.33,2669.43,279348.3,29.87,97.99,3.79,0.83,37.4,57.38,72.08,74.89,21.68,98.5,Suboptimal
UNI0662,East,Undergraduate,26617.75,3076.51,283080.54,71.62,98.36,2.53,0.67,106.4,49.52,47.44,36.71,9.7,100.0,Optimal
UNI0663,West,Undergraduate,23430.79,3024.39,479690.7,79.04,100.0,6.26,0.52,65.98,100.0,51.65,74.8,15.56,100.0,Optimal
UNI0664,East,Vocational,3000.0,1395.03,10000.0,14.36,99.26,1.96,0.3,6.52,71.64,55.69,62.13,7.75,99.56,Suboptimal
UNI0665,Central,Vocational,19427.94,690.88,311795.96,72.9,99.53,4.0,0.82,29.1,64.26,82.38,93.17,8.27,98.66,Optimal
UNI0666,Central,Vocational,14115.42,1068.37,18077.33,33.78,98.22,1.21,0.88,34.19,71.07,32.03,59.37,7.44,96.32,Suboptimal
UNI0667,East,Vocational,3000.0,1428.21,184384.86,37.47,94.24,2.17,0.09,32.46,70.24,36.12,62.29,6.51,97.29,Optimal
UNI0668,East,Undergraduate,19831.83,2322.89,470970.17,61.48,100.0,4.19,0.55,69.4,79.38,58.89,100.0,12.52,99.52,Optimal
UNI0669,East,Undergraduate,20896.18,1520.56,53263.58,56.64,98.27,6.75,0.54,104.14,92.87,73.87,69.34,12.72,96.82,Optimal
UNI0670,East,Vocational,5065.75,898.24,180524.1,38.41,97.8,3.64,0.76,15.54,62.52,21.44,74.39,1.96,98.49,Suboptimal
UNI0671,Central,Vocational,24022.21,1837.34,101388.24,35.45,100.0,4.64,0.76,27.82,76.16,77.4,75.36,18.94,96.13,Optimal
UNI0672,East,Undergraduate,15939.4,1398.54,68033.13,49.4,97.36,4.72,0.74,29.06,28.16,40.89,48.92,4.73,99.43,Suboptimal
UNI0673,East,Vocational,14580.17,2043.52,180806.79,46.47,100.0,3.7,0.79,32.67,72.49,7.89,45.97,4.83,99.8,Suboptimal
UNI0674,Central,Vocational,3000.0,301.04,10000.0,23.98,98.75,2.07,0.05,5.0,34.43,16.64,63.46,1.0,97.39,Suboptimal
UNI0675,Central,Vocational,20489.49,1732.83,225052.21,38.54,99.52,3.67,0.46,73.44,56.44,64.93,81.67,11.4,99.51,Optimal
UNI0676,Central,Undergraduate,18037.94,2374.87,129028.52,42.18,99.28,3.92,0.47,51.47,70.53,44.35,87.29,9.66,99.34,Optimal
UNI0677,West,Undergraduate,12302.15,2648.46,281513.88,42.38,96.12,0.89,0.61,78.14,72.46,88.66,92.27,8.57,98.76,Optimal
UNI0678,East,Undergraduate,21682.21,3326.84,350800.31,53.0,97.34,3.54,0.48,50.68,51.54,59.59,70.9,9.84,98.15,Suboptimal
UNI0679,West,Undergraduate,13497.62,2481.53,272879.45,29.57,98.05,3.97,0.54,50.84,74.7,67.03,52.22,6.92,98.29,Suboptimal
UNI0680,East,Vocational,3000.0,820.99,67761.14,61.58,97.78,2.89,0.65,65.49,79.05,42.82,45.82,13.84,97.82,Suboptimal
UNI0681,Central,Undergraduate,11962.19,1679.31,171201.27,40.74,95.92,0.6,0.42,83.12,51.49,81.16,100.0,12.7,97.46,Optimal
UNI0682,West,Vocational,16425.51,2418.46,38658.57,48.17,98.03,3.75,0.95,84.07,75.8,68.44,85.97,16.72,100.0,Optimal
UNI0683,West,Vocational,11453.61,1612.26,15327.98,49.19,99.2,1.25,0.55,11.77,66.4,64.72,74.98,13.4,98.78,Suboptimal
UNI0684,Central,Vocational,17382.06,2016.67,111817.69,69.67,100.0,5.69,0.47,26.37,67.83,70.52,95.41,13.96,99.8,Optimal
UNI0685,Central,Vocational,3000.0,200.0,203907.39,22.59,98.59,3.05,0.6,88.25,100.0,70.78,63.41,10.4,97.13,Optimal
UNI0686,East,Vocational,3000.0,200.0,71429.68,61.75,94.96,0.5,0.05,22.9,48.5,67.28,29.67,13.29,100.0,Suboptimal
UNI0687,Central,Undergraduate,20005.0,2885.84,249867.06,77.04,100.0,3.04,0.05,38.93,92.04,64.63,47.41,5.44,100.0,Optimal
UNI0688,West,Undergraduate,32393.43,3089.44,302383.26,70.65,99.77,5.55,0.98,111.43,72.22,61.01,69.16,12.66,98.87,Optimal
UNI0689,West,Undergraduate,3000.0,2047.55,141391.71,75.05,99.93,3.72,0.86,72.71,86.23,69.35,67.52,3.51,100.0,Optimal
UNI0690,Central,Undergraduate,17889.64,3233.64,443901.81,56.44,98.92,3.4,0.83,99.56,67.35,82.17,92.33,11.17,98.09,Optimal
UNI0691,East,Vocational,3000.0,2080.6,10000.0,37.95,95.99,1.6,0.28,5.0,45.07,46.34,65.88,10.45,98.59,Suboptimal
UNI0692,Central,Undergraduate,25364.72,4004.58,366286.24,59.0,99.66,4.43,0.57,86.93,84.35,100.0,51.57,18.12,100.0,Optimal
UNI0693,East,Undergraduate,35448.29,3170.74,253147.73,67.45,97.95,3.55,1.0,100.18,96.41,67.6,100.0,18.13,100.0,Optimal
UNI0694,East,Undergraduate,23806.77,1854.2,333843.45,54.1,99.86,2.78,0.88,70.83,89.43,79.65,82.03,14.97,99.76,Optimal
UNI0695,East,Vocational,5469.31,200.0,10000.0,35.59,96.16,2.15,0.4,53.19,49.76,40.03,66.72,9.08,98.03,Suboptimal
UNI0696,Central,Vocational,18871.64,200.0,225059.66,55.32,97.13,1.77,0.55,20.06,92.97,76.86,90.52,13.1,96.71,Optimal
UNI0697,East,Undergraduate,22498.74,3163.06,430187.42,70.23,99.87,5.5,0.7,85.04,45.24,46.39,61.9,5.46,98.53,Optimal
UNI0698,East,Undergraduate,19286.03,2926.78,315983.03,45.16,100.0,4.75,0.37,104.97,64.87,41.76,60.14,8.62,98.0,Optimal
UNI0699,East,Undergraduate,30352.13,3385.95,284419.41,68.83,99.91,2.96,0.8,58.39,57.79,45.01,55.03,14.08,99.04,Optimal
UNI0700,West,Vocational,13330.82,1519.18,52746.84,30.47,97.24,2.16,0.36,46.87,98.39,73.29,60.19,11.63,97.96,Suboptimal
UNI0701,Central,Vocational,7388.29,705.76,349915.13,10.0,96.18,2.24,0.34,48.77,70.84,77.68,64.35,13.61,98.72,Suboptimal
UNI0702,East,Vocational,21440.32,1601.7,130027.85,54.18,99.7,4.48,1.19,70.64,78.48,75.45,51.43,12.6,99.87,Optimal
UNI0703,East,Vocational,22785.33,1197.91,287843.74,78.03,100.0,4.51,0.72,58.38,33.18,63.7,87.13,11.61,100.0,Optimal
UNI0704,Central,Vocational,19281.53,777.93,116348.35,46.72,97.53,3.37,0.05,21.06,62.4,65.06,56.51,2.71,98.84,Suboptimal
UNI0705,East,Vocational,3934.94,203.46,84793.91,29.96,98.75,3.43,0.35,44.42,71.19,68.93,100.0,11.52,97.3,Optimal
UNI0706,Central,Undergraduate,25344.91,3134.3,199962.2,48.38,98.55,4.86,0.31,61.6,55.36,55.18,72.43,12.73,97.32,Suboptimal
UNI0707,East,Vocational,7362.49,200.0,51049.24,50.98,100.0,3.11,0.47,13.23,80.0,68.21,71.16,16.25,99.6,Suboptimal
UNI0708,West,Undergraduate,38736.13,2412.81,323612.54,75.09,100.0,2.77,0.45,106.95,55.8,71.43,87.41,10.0,100.0,Optimal
UNI0709,East,Undergraduate,17367.95,695.62,266106.74,24.13,97.92,1.87,0.77,56.24,53.64,28.79,46.26,1.0,96.91,Suboptimal
UNI0710,Central,Vocational,4118.83,1415.26,381302.81,43.12,96.3,5.12,0.48,17.57,74.65,56.62,69.36,1.0,98.79,Suboptimal
UNI0711,East,Vocational,14597.64,420.65,127681.63,45.49,99.26,2.71,0.21,14.1,41.03,76.65,88.07,14.73,99.25,Optimal
UNI0712,West,Vocational,12515.95,1252.15,213089.43,38.03,99.81,4.0,0.68,37.15,63.81,31.45,80.67,14.62,99.67,Suboptimal
UNI0713,West,Vocational,9398.51,200.0,124572.51,24.42,97.49,3.17,0.41,30.43,55.85,49.96,78.86,1.0,96.45,Suboptimal
UNI0714,Central,Undergraduate,6765.44,1333.55,305982.89,33.08,98.37,2.62,0.38,26.73,26.41,5.0,70.48,7.15,97.7,Suboptimal
UNI0715,Central,Undergraduate,26170.69,2630.01,248290.95,65.66,99.55,5.47,0.87,106.46,97.88,77.29,77.74,13.79,98.09,Optimal
UNI0716,East,Undergraduate,36230.12,3037.15,336915.37,69.5,99.46,4.68,0.94,127.88,89.85,73.18,96.67,19.86,98.46,Optimal
UNI0717,West,Undergraduate,25072.08,3865.08,67807.99,49.15,100.0,5.14,0.79,80.98,100.0,98.46,87.39,12.21,97.41,Optimal
UNI0718,Central,Undergraduate,15361.56,2676.29,333651.43,52.31,98.46,3.62,0.82,54.49,74.48,83.68,61.57,12.72,99.04,Optimal
UNI0719,East,Undergraduate,12256.11,2937.94,359726.03,48.88,97.5,3.16,1.02,64.85,60.65,82.08,69.05,10.32,97.59,Optimal
UNI0720,Central,Vocational,10602.8,1051.86,50417.4,43.81,96.29,1.66,0.48,56.79,59.97,30.96,54.4,3.6,96.74,Suboptimal
UNI0721,Central,Vocational,20279.87,836.64,292402.93,70.48,98.57,3.37,0.67,13.04,85.51,44.96,82.8,14.5,100.0,Optimal
UNI0722,West,Vocational,3888.75,200.0,10000.0,13.62,96.89,3.03,0.77,5.0,30.99,13.56,44.29,7.17,98.34,Suboptimal
UNI0723,Central,Vocational,27678.08,3840.83,176143.64,60.24,100.0,3.79,0.74,31.57,66.21,71.14,56.63,1.34,100.0,Optimal
UNI0724,Central,Vocational,26474.95,1447.57,192204.05,58.76,98.84,2.4,0.69,61.43,31.14,46.17,65.68,16.06,99.39,Suboptimal
UNI0725,Central,Vocational,3000.0,1019.1,218888.99,44.68,95.01,2.92,0.12,78.66,100.0,74.72,80.24,12.36,98.11,Optimal
UNI0726,East,Vocational,3000.0,200.0,10000.0,48.97,97.7,0.98,0.07,5.0,55.78,23.01,32.79,1.0,98.74,Suboptimal
UNI0727,East,Vocational,10441.37,200.0,136738.1,36.84,97.7,4.9,0.49,60.67,15.78,27.49,67.09,7.1,97.41,Suboptimal
UNI0728,East,Undergraduate,15297.57,1357.9,282401.82,61.23,97.86,4.6,0.72,57.35,77.7,70.97,60.66,14.04,97.57,Optimal
UNI0729,West,Vocational,26680.17,3226.45,199738.03,39.97,100.0,2.1,0.75,24.58,54.69,81.9,84.74,9.55,100.0,Optimal
UNI0730,East,Undergraduate,28522.44,3017.18,339860.49,57.53,98.72,4.04,0.85,116.16,65.35,33.48,70.78,3.49,98.91,Optimal
UNI0731,East,Undergraduate,15753.27,3075.53,260193.1,43.24,99.63,2.27,0.73,108.53,85.6,49.11,87.28,10.58,97.81,Optimal
UNI0732,East,Undergraduate,23722.17,1299.75,101685.99,52.25,98.0,1.46,0.25,66.7,64.15,63.57,64.34,7.11,98.45,Optimal
UNI0733,East,Undergraduate,27838.13,526.51,420063.79,44.86,100.0,3.88,0.82,86.31,85.96,59.69,56.64,16.51,100.0,Optimal
UNI0734,Central,Vocational,15682.47,200.0,58730.14,56.51,98.46,3.61,0.43,37.25,67.08,54.25,80.89,10.97,99.35,Suboptimal
UNI0735,East,Vocational,16052.35,1307.4,71957.12,66.84,98.98,2.89,0.52,38.42,58.5,62.52,50.69,12.08,99.1,Optimal
UNI0736,East,Vocational,16339.67,546.71,147206.96,34.13,97.25,1.45,0.22,31.6,86.46,42.22,73.5,13.1,98.86,Suboptimal
UNI0737,West,Undergraduate,24017.14,1928.2,140640.52,56.77,97.26,0.81,0.37,81.75,50.62,39.14,76.25,13.83,96.93,Suboptimal
UNI0738,East,Vocational,7036.05,950.5,172820.14,57.26,98.41,2.76,0.32,84.86,73.99,77.3,65.56,9.4,99.55,Optimal
UNI0739,East,Vocational,4192.76,1876.27,43836.9,37.39,96.09,3.83,0.61,34.69,66.37,48.95,65.31,10.11,97.5,Suboptimal
UNI0740,East,Undergraduate,18527.44,1395.45,429615.77,71.12,98.69,1.57,0.66,66.55,67.38,66.79,65.13,3.52,97.35,Optimal
UNI0741,West,Vocational,3000.0,354.49,210100.59,31.1,97.02,3.14,0.2,16.38,62.82,20.95,51.37,8.33,96.02,Suboptimal
UNI0742,East,Undergraduate,17642.9,2482.28,241411.89,66.11,100.0,3.24,0.7,99.23,54.89,45.22,66.71,14.57,98.23,Optimal
UNI0743,West,Undergraduate,34427.74,2487.79,358942.95,57.57,98.34,4.78,0.67,138.92,74.39,53.37,99.21,20.17,97.6,Optimal
UNI0744,West,Vocational,17702.84,529.33,123138.31,52.65,100.0,2.84,0.67,68.6,48.67,26.52,58.15,9.83,98.22,Suboptimal
UNI0745,Central,Undergraduate,12302.3,1656.72,174737.72,57.04,100.0,2.06,0.62,85.6,42.18,60.31,92.52,5.58,98.5,Suboptimal
UNI0746,East,Vocational,9084.37,2441.02,106225.55,51.52,100.0,3.47,0.4,59.68,78.25,57.15,80.23,7.51,99.89,Optimal
UNI0747,Central,Undergraduate,15900.92,3639.33,304633.44,41.38,100.0,3.89,1.04,115.94,58.2,63.46,77.01,8.53,98.31,Optimal
UNI0748,Central,Vocational,10901.92,1666.53,10000.0,33.54,98.17,1.85,0.6,87.4,47.46,62.69,44.0,10.47,98.78,Suboptimal
UNI0749,East,Undergraduate,10616.81,736.34,153474.71,56.67,97.52,0.5,0.06,18.06,92.71,57.09,71.39,9.08,99.88,Optimal
UNI0750,Central,Vocational,3549.43,200.0,104850.47,64.92,99.57,4.62,0.53,56.4,66.95,30.44,68.81,9.78,95.87,Suboptimal
UNI0751,East,Vocational,21575.76,2944.79,264751.2,63.08,99.41,4.6,0.59,17.64,79.92,72.41,96.68,22.64,100.0,Optimal
UNI0752,East,Vocational,3000.0,1003.71,10000.0,69.68,96.27,3.22,0.31,42.49,33.95,31.89,56.6,11.13,99.38,Suboptimal
UNI0753,East,Vocational,6154.53,920.73,37136.7,45.57,98.95,3.42,0.05,47.79,80.74,56.04,80.64,13.92,99.16,Suboptimal
UNI0754,East,Vocational,5853.37,478.38,151828.94,45.76,97.5,3.9,0.46,24.12,66.48,27.04,71.24,9.26,96.26,Suboptimal
UNI0755,East,Vocational,17791.2,200.0,169077.4,65.14,97.81,2.58,0.7,5.0,50.2,55.33,67.72,5.68,99.27,Suboptimal
UNI0756,Central,Undergraduate,26537.64,3031.04,392363.7,79.47,98.55,2.38,0.69,78.8,55.2,74.92,67.85,16.04,98.36,Optimal
UNI0757,West,Vocational,24927.71,2569.68,226458.68,62.99,98.56,4.81,0.41,63.11,100.0,89.29,81.01,23.37,97.63,Optimal
UNI0758,East,Vocational,3000.0,342.58,59916.83,29.85,98.27,2.94,0.9,36.7,46.46,45.0,69.81,1.74,100.0,Suboptimal
UNI0759,Central,Vocational,20631.27,1094.58,242770.44,59.27,99.09,3.46,0.95,46.81,62.64,71.62,68.27,12.02,98.59,Optimal
UNI0760,Central,Undergraduate,3000.0,2969.78,17629.95,56.38,100.0,4.28,0.49,51.58,53.4,45.09,75.84,3.87,99.67,Suboptimal
UNI0761,East,Undergraduate,33192.18,1624.36,431616.53,56.49,97.09,3.95,0.58,71.79,78.78,67.51,98.43,15.78,99.95,Optimal
UNI0762,East,Undergraduate,17986.43,3632.1,269311.65,53.57,100.0,4.53,0.23,59.98,84.02,85.85,74.92,19.64,99.04,Optimal
UNI0763,East,Undergraduate,35653.74,1119.65,323627.88,31.76,96.67,1.08,0.48,65.2,70.0,44.95,82.31,7.44,97.77,Optimal
UNI0764,East,Vocational,11377.81,753.39,17447.08,45.07,100.0,4.18,0.19,41.23,57.71,37.77,71.09,5.6,99.28,Suboptimal
UNI0765,East,Vocational,14440.79,1610.65,59192.77,16.62,96.4,3.83,0.81,21.43,55.34,14.3,61.2,1.0,98.25,Suboptimal
UNI0766,East,Vocational,17242.49,742.37,136933.34,37.3,97.58,4.28,0.73,46.15,54.42,62.54,52.67,4.25,98.84,Suboptimal
UNI0767,Central,Undergraduate,25431.29,3631.4,341735.2,76.61,100.0,5.65,0.82,98.06,100.0,69.24,79.62,21.02,100.0,Optimal
UNI0768,East,Vocational,9192.81,1355.38,87149.7,38.45,100.0,3.28,0.15,65.72,46.68,27.87,55.41,9.41,99.87,Suboptimal
UNI0769,East,Vocational,3000.0,1029.05,11217.72,10.0,96.22,1.66,0.53,38.95,77.26,63.97,87.47,12.39,96.11,Suboptimal
UNI0770,East,Vocational,21002.17,1543.21,84935.91,38.39,96.88,4.38,0.61,33.65,44.09,45.04,56.03,5.24,100.0,Suboptimal
UNI0771,Central,Undergraduate,30633.28,3122.12,251441.56,80.11,100.0,6.86,1.06,137.55,55.0,57.66,75.31,11.77,100.0,Optimal
UNI0772,East,Undergraduate,6635.09,2552.04,308721.98,47.41,97.24,4.94,0.56,56.1,34.43,65.26,47.48,7.89,96.82,Suboptimal
UNI0773,Central,Undergraduate,33591.21,2475.06,186548.7,52.66,100.0,4.84,0.89,91.4,79.32,62.51,63.73,14.06,98.41,Optimal
UNI0774,East,Vocational,3000.0,1641.93,10000.0,12.41,95.77,3.07,0.3,43.81,71.93,23.07,48.7,13.66,95.92,Suboptimal
UNI0775,East,Vocational,13086.75,1836.62,66193.54,36.29,100.0,2.47,0.2,72.76,37.83,62.78,62.62,4.43,97.87,Suboptimal
UNI0776,West,Undergraduate,19583.56,1646.56,216849.37,57.83,99.61,4.73,0.83,100.72,50.5,42.78,47.73,8.51,97.38,Suboptimal
UNI0777,East,Undergraduate,3000.0,276.98,277927.81,31.85,96.78,0.5,0.71,69.18,61.04,94.5,50.43,3.04,96.57,Suboptimal
UNI0778,East,Vocational,6957.79,1473.69,100722.11,42.73,98.6,1.96,0.51,19.71,50.33,36.05,29.34,1.0,98.02,Suboptimal
UNI0779,East,Undergraduate,38677.22,2573.77,409745.3,64.72,100.0,3.65,0.94,93.77,75.6,46.32,100.0,19.65,100.0,Optimal
UNI0780,West,Vocational,10992.41,694.23,133921.78,50.48,98.11,1.95,0.83,40.62,42.21,81.86,64.85,17.31,99.29,Suboptimal
UNI0781,Central,Undergraduate,16463.46,2481.86,155516.26,56.25,95.81,2.71,0.16,36.27,52.58,38.67,56.79,7.87,98.94,Suboptimal
UNI0782,Central,Vocational,7585.8,397.56,314856.34,34.58,97.58,1.39,0.19,33.63,67.3,54.68,45.94,9.36,96.96,Suboptimal
UNI0783,West,Vocational,5847.38,338.2,10000.0,22.39,96.79,4.83,0.27,67.18,77.02,69.44,86.36,20.41,96.42,Suboptimal
UNI0784,East,Undergraduate,13941.07,1409.68,117971.73,55.34,100.0,1.27,0.56,71.99,63.39,34.1,85.83,11.06,96.75,Suboptimal
UNI0785,West,Undergraduate,33236.85,1353.26,224736.98,68.28,99.63,2.89,0.65,121.45,73.07,48.64,89.77,20.47,100.0,Optimal
UNI0786,East,Vocational,17615.38,1086.49,163310.46,76.94,100.0,1.56,0.21,15.21,62.23,81.19,53.95,8.94,100.0,Optimal
UNI0787,Central,Vocational,3000.0,200.0,10000.0,22.87,94.26,2.28,0.3,17.15,68.45,33.91,74.04,11.87,97.37,Suboptimal
UNI0788,East,Undergraduate,28896.37,2099.65,353538.76,50.33,99.09,5.38,0.75,92.37,61.15,99.58,91.36,13.76,98.34,Optimal
UNI0789,East,Vocational,14891.72,200.0,10000.0,38.61,97.16,1.9,0.34,26.52,59.63,65.77,77.53,14.07,97.08,Suboptimal
UNI0790,West,Undergraduate,3000.0,325.04,135861.55,50.74,95.55,3.3,0.26,35.15,56.78,45.83,64.42,1.0,96.58,Optimal
UNI0791,East,Undergraduate,12047.75,1443.57,300020.83,44.17,100.0,2.62,0.2,88.42,61.0,47.17,77.98,10.62,100.0,Optimal
UNI0792,West,Undergraduate,25625.06,2583.96,410502.13,76.46,100.0,4.75,0.81,96.14,54.82,100.0,75.46,11.5,99.4,Optimal
UNI0793,East,Undergraduate,3397.49,1985.42,218962.81,41.43,95.58,3.23,1.0,44.14,52.1,43.06,76.79,10.86,98.42,Suboptimal
UNI0794,Central,Undergraduate,34434.97,2134.01,274503.86,91.45,99.09,3.83,0.64,87.55,71.01,64.5,76.49,25.47,100.0,Optimal
UNI0795,West,Undergraduate,18343.37,3563.65,105496.95,60.94,100.0,4.3,0.76,84.69,74.86,69.68,36.15,13.24,100.0,Optimal
UNI0796,East,Vocational,20665.97,740.99,10000.0,25.83,100.0,0.85,0.33,43.84,100.0,47.95,60.76,15.89,98.43,Optimal
UNI0797,West,Undergraduate,11933.3,2256.66,356318.08,47.79,99.26,5.38,0.68,26.55,58.56,32.78,53.02,11.1,98.47,Suboptimal
UNI0798,Central,Vocational,3300.4,1961.62,67503.54,48.78,94.34,3.41,0.44,46.45,40.11,50.04,63.68,1.0,97.21,Optimal
UNI0799,Central,Vocational,17681.15,581.39,111873.51,40.96,99.83,0.6,0.32,40.64,52.37,58.43,68.78,6.84,98.89,Optimal
UNI0800,East,Undergraduate,18602.94,2381.81,283796.18,54.52,97.61,2.88,0.6,56.46,73.71,95.93,77.95,14.23,98.36,Optimal
UNI0801,Central,Vocational,18865.44,2272.34,369513.58,62.64,100.0,4.95,0.97,93.22,81.49,96.65,98.0,2.73,100.0,Optimal
UNI0802,Central,Undergraduate,30654.36,2328.1,69750.8,54.07,97.84,2.88,0.47,89.02,94.71,41.45,70.95,11.77,100.0,Optimal
UNI0803,Central,Undergraduate,18541.68,1999.42,354927.31,55.4,99.56,1.75,0.41,84.33,88.59,76.97,44.29,10.15,97.18,Optimal
UNI0804,East,Undergraduate,10680.05,2003.79,253556.63,41.96,97.38,4.1,0.83,80.18,70.84,39.89,69.59,3.37,96.55,Suboptimal
UNI0805,East,Vocational,3853.57,1383.41,83911.44,70.7,98.55,2.7,0.7,55.12,68.23,47.31,62.56,7.17,99.2,Suboptimal
UNI0806,West,Undergraduate,29579.76,843.6,232743.41,47.83,100.0,4.71,0.74,79.33,85.51,47.54,52.21,15.2,100.0,Optimal
UNI0807,East,Vocational,15182.34,2279.13,212470.92,48.46,96.76,1.94,0.74,18.4,70.3,60.1,72.23,1.0,99.25,Suboptimal
UNI0808,Central,Vocational,20858.26,2690.82,169521.53,53.54,100.0,5.59,0.45,33.12,65.03,40.95,55.84,11.56,97.69,Suboptimal
UNI0809,West,Vocational,7283.49,703.5,29201.49,41.08,96.56,2.94,0.43,31.64,56.39,16.86,53.39,14.31,99.46,Suboptimal
UNI0810,East,Vocational,3000.0,1567.37,10000.0,26.2,96.49,3.28,0.42,71.73,37.02,84.93,90.1,11.55,100.0,Suboptimal
UNI0811,East,Vocational,3000.0,2894.72,124821.48,43.23,100.0,5.25,0.74,83.37,87.28,76.19,71.55,18.0,98.78,Optimal
UNI0812,Central,Vocational,30228.58,299.72,210703.62,47.87,99.96,1.38,0.66,80.04,59.37,41.76,49.46,3.86,97.66,Suboptimal
UNI0813,East,Vocational,16839.2,1762.13,10000.0,38.09,98.33,2.48,1.02,13.93,20.22,33.19,79.3,3.52,99.06,Suboptimal
UNI0814,Central,Undergraduate,24422.95,2396.32,290623.62,34.38,97.47,6.53,0.99,81.51,98.3,96.35,80.33,15.19,99.07,Optimal
UNI0815,Central,Vocational,10544.43,2215.14,287531.96,44.68,96.57,1.79,0.45,69.0,58.82,55.75,49.16,8.33,99.69,Suboptimal
UNI0816,Central,Vocational,3000.0,441.53,88692.08,28.46,96.29,2.3,0.54,15.44,61.54,30.41,33.29,2.45,98.56,Suboptimal
UNI0817,East,Undergraduate,14551.32,3334.87,362771.57,61.8,98.85,3.82,0.26,70.7,76.8,43.1,76.25,12.04,98.39,Suboptimal
UNI0818,Central,Undergraduate,27452.16,2526.17,190487.74,42.61,97.2,6.07,0.88,81.59,45.47,66.57,46.7,6.19,97.21,Suboptimal
UNI0819,Central,Vocational,16008.52,2200.49,10000.0,41.52,99.06,1.97,0.55,69.39,55.63,43.0,42.74,3.8,97.04,Suboptimal
UNI0820,East,Vocational,5235.29,204.64,123389.33,44.37,98.88,0.97,0.39,17.27,39.5,49.74,51.0,1.77,100.0,Suboptimal
UNI0821,Central,Vocational,11667.6,3188.44,230633.89,46.31,100.0,7.82,0.86,86.65,61.84,76.95,95.06,17.03,100.0,Optimal
UNI0822,West,Vocational,3558.92,1203.33,175048.16,27.99,97.06,1.0,0.19,42.01,57.2,46.68,65.52,1.0,98.04,Suboptimal
UNI0823,Central,Vocational,21146.05,2386.45,245415.01,61.71,99.81,4.45,0.71,30.37,68.8,59.82,73.77,4.34,100.0,Optimal
UNI0824,Central,Undergraduate,34240.81,2417.8,588773.99,38.86,98.45,2.82,0.49,75.65,94.47,60.47,74.23,6.96,98.46,Optimal
UNI0825,East,Vocational,7688.41,567.13,60216.46,49.5,97.93,2.31,0.74,32.38,73.25,82.08,71.87,15.81,96.43,Suboptimal
UNI0826,East,Vocational,3000.0,200.0,93676.83,33.01,97.87,1.3,0.74,46.88,53.48,76.3,74.41,14.44,96.43,Suboptimal
UNI0827,East,Vocational,3447.86,1927.36,30133.0,14.76,95.94,2.51,0.96,79.4,64.26,71.95,81.26,10.86,97.38,Suboptimal
UNI0828,East,Vocational,24841.28,1624.42,333334.86,57.26,100.0,5.58,0.59,60.82,72.59,62.06,86.45,17.64,100.0,Optimal
UNI0829,West,Undergraduate,15230.37,2606.94,225500.53,62.4,97.53,0.81,0.37,54.75,53.99,68.18,56.03,10.06,99.36,Suboptimal
UNI0830,East,Vocational,17010.59,1129.12,10000.0,43.91,98.38,4.21,0.27,89.0,75.45,36.53,67.16,11.14,100.0,Optimal
UNI0831,West,Undergraduate,27205.56,3501.62,261356.14,55.91,99.67,5.51,0.54,70.19,74.4,85.31,74.31,15.1,98.11,Optimal
UNI0832,East,Undergraduate,29743.85,2902.94,390008.61,75.16,98.45,4.42,0.46,49.68,58.46,49.07,75.66,11.8,99.18,Optimal
UNI0833,East,Undergraduate,13026.33,200.0,334250.98,80.65,99.62,3.47,0.47,95.98,56.0,83.16,68.23,9.89,98.55,Optimal
UNI0834,East,Undergraduate,16992.88,3091.69,159497.77,68.93,96.46,4.64,0.99,84.81,81.53,83.7,75.51,5.53,97.23,Optimal
UNI0835,East,Vocational,9232.88,1511.16,158227.58,41.46,98.15,5.75,0.55,67.68,70.6,73.8,84.16,20.07,100.0,Optimal
UNI0836,West,Vocational,11347.37,1516.73,235131.06,41.98,96.5,0.5,0.61,76.78,55.92,39.33,55.18,5.57,98.11,Suboptimal
UNI0837,West,Vocational,25349.89,1844.45,138081.94,61.08,100.0,4.38,0.91,23.01,79.46,65.45,59.0,17.55,100.0,Optimal
UNI0838,West,Vocational,3711.55,761.99,34507.27,49.75,99.29,1.09,0.35,18.9,74.96,45.41,59.37,3.7,98.39,Suboptimal
UNI0839,East,Vocational,23025.0,303.85,144826.37,29.49,99.86,3.21,0.63,5.0,70.17,86.04,67.61,11.38,98.25,Suboptimal
UNI0840,West,Vocational,14413.22,200.0,10000.0,33.85,99.69,2.14,0.15,45.74,58.14,55.83,64.36,3.82,99.06,Suboptimal
UNI0841,East,Vocational,3000.0,466.53,10000.0,16.71,98.16,3.5,0.3,24.95,57.28,34.49,65.81,16.16,98.39,Suboptimal
UNI0842,West,Vocational,3000.0,200.0,10000.0,33.29,96.76,0.5,0.36,5.0,59.34,75.67,85.35,8.52,100.0,Optimal
UNI0843,Central,Undergraduate,17935.86,1494.55,331984.9,55.28,98.14,1.42,0.65,83.31,75.96,77.59,75.52,8.89,100.0,Optimal
UNI0844,East,Vocational,24669.16,200.0,146515.04,44.15,99.99,2.17,0.68,29.38,59.45,66.92,51.38,21.43,98.8,Optimal
UNI0845,East,Undergraduate,28886.4,1377.28,352648.11,43.4,100.0,5.78,0.53,57.05,84.8,61.97,63.74,17.23,98.34,Optimal
UNI0846,East,Vocational,15237.07,200.0,10000.0,43.45,95.4,1.83,0.05,5.0,85.68,40.06,81.78,13.21,97.94,Suboptimal
UNI0847,East,Vocational,8833.05,629.74,117134.05,46.1,99.82,2.43,0.24,25.05,33.9,21.17,42.7,1.0,100.0,Suboptimal
UNI0848,West,Undergraduate,20058.69,1227.97,110834.07,38.81,95.87,3.3,0.27,15.91,40.67,56.33,58.36,1.0,99.89,Suboptimal
UNI0849,West,Undergraduate,15897.45,2200.39,350861.52,62.2,99.89,3.83,0.54,89.72,80.51,52.35,100.0,20.6,98.64,Optimal
UNI0850,West,Undergraduate,19782.5,403.56,200484.61,30.19,97.64,2.85,0.25,74.26,34.94,55.5,57.83,1.0,98.76,Suboptimal
UNI0851,East,Vocational,7005.72,671.12,261169.91,56.05,97.59,2.2,0.41,52.85,91.73,67.8,57.3,10.43,98.57,Optimal
UNI0852,Central,Undergraduate,26979.99,2585.36,369069.24,87.61,100.0,4.86,1.3,89.1,84.16,97.38,68.88,11.39,100.0,Optimal
UNI0853,East,Vocational,10094.1,1240.45,106665.07,22.42,94.63,3.19,0.34,54.64,44.0,59.51,66.04,3.26,97.09,Suboptimal
UNI0854,Central,Vocational,7453.74,200.0,87276.49,29.46,98.52,0.67,0.34,5.0,33.99,24.04,73.39,1.64,98.61,Suboptimal
UNI0855,East,Vocational,33907.26,1941.46,290165.01,58.23,100.0,3.49,0.9,54.7,46.62,31.96,77.14,5.53,99.45,Suboptimal
UNI0856,East,Vocational,3000.0,200.0,10000.0,27.23,98.38,1.8,0.19,18.88,95.66,63.03,75.76,9.86,98.54,Suboptimal
UNI0857,Central,Undergraduate,36148.11,1726.67,40699.42,46.84,99.98,1.78,0.5,33.59,87.49,74.95,60.62,9.3,96.59,Optimal
UNI0858,East,Undergraduate,17138.51,2726.46,344414.3,69.94,98.49,3.32,0.75,83.39,41.18,61.17,66.95,13.91,98.75,Suboptimal
UNI0859,Central,Undergraduate,24944.79,2910.1,142400.86,64.91,97.12,4.57,0.9,46.6,78.36,65.47,39.34,1.09,98.03,Optimal
UNI0860,Central,Vocational,25096.35,2125.49,10000.0,68.89,98.31,2.47,0.66,30.59,75.93,64.86,80.12,15.91,99.25,Optimal
UNI0861,East,Vocational,8750.87,200.0,28920.97,48.45,100.0,2.87,0.22,9.21,80.54,63.48,71.67,12.03,99.59,Suboptimal
UNI0862,West,Vocational,18911.1,878.81,138787.22,33.51,100.0,2.8,0.72,38.01,32.78,30.21,85.71,11.05,99.02,Suboptimal
UNI0863,Central,Vocational,19007.81,860.11,10000.0,37.67,100.0,1.74,0.11,41.76,79.33,85.55,90.99,12.93,96.29,Optimal
UNI0864,West,Vocational,5604.52,988.53,66272.01,44.48,98.44,1.63,0.38,46.14,62.97,45.49,95.84,9.1,98.46,Suboptimal
UNI0865,Central,Vocational,19871.1,2297.32,104905.21,52.89,100.0,3.98,0.49,40.04,69.5,22.89,84.31,12.4,100.0,Suboptimal
UNI0866,Central,Undergraduate,20917.03,3441.64,178701.07,58.32,100.0,4.69,0.84,74.02,60.61,88.13,81.47,9.49,100.0,Optimal
UNI0867,Central,Undergraduate,21607.49,2438.97,435515.25,67.46,97.93,2.53,1.11,74.85,83.18,79.3,84.02,6.47,97.66,Optimal
UNI0868,West,Undergraduate,22182.78,1663.73,234631.1,47.07,96.8,3.81,0.4,93.9,66.66,63.43,75.23,9.58,99.61,Optimal
UNI0869,Central,Undergraduate,21490.04,1116.6,303028.23,53.77,96.02,4.87,0.58,28.92,77.92,18.3,36.72,6.72,99.08,Suboptimal
UNI0870,East,Undergraduate,24405.04,1812.2,90733.6,39.33,99.14,2.61,0.32,90.13,53.26,58.43,61.4,1.85,99.13,Optimal
UNI0871,East,Undergraduate,18546.55,1844.62,87372.87,60.02,99.41,2.67,0.99,63.52,71.72,65.78,69.86,6.63,97.29,Optimal
UNI0872,Central,Vocational,3000.0,200.0,88166.37,10.0,97.76,3.21,0.38,40.72,58.03,39.01,48.65,7.82,96.29,Suboptimal
UNI0873,East,Undergraduate,14150.54,1125.22,371272.42,49.5,98.26,1.69,0.49,75.7,63.86,57.16,34.79,1.48,98.82,Suboptimal
UNI0874,East,Undergraduate,29403.19,2786.89,171665.38,73.33,95.9,3.24,0.76,97.11,48.67,75.28,87.51,10.25,98.93,Optimal
UNI0875,East,Undergraduate,29747.19,3839.77,290788.46,60.78,97.72,3.04,0.79,115.76,74.34,65.37,72.15,4.77,98.8,Optimal
UNI0876,Central,Vocational,9885.67,1270.62,10000.0,24.44,98.03,3.17,0.19,5.0,63.4,18.49,83.66,2.96,97.1,Suboptimal
UNI0877,East,Vocational,14297.84,545.17,10000.0,18.77,96.63,1.89,0.7,56.54,60.28,54.94,88.1,17.3,98.39,Suboptimal
UNI0878,Central,Undergraduate,31175.61,3606.76,333021.59,65.28,99.37,4.31,1.0,89.95,68.52,91.76,91.76,16.95,99.63,Optimal
UNI0879,West,Undergraduate,18401.01,1945.67,121404.37,63.06,99.08,2.09,0.69,51.75,100.0,63.8,86.64,5.44,98.45,Optimal
UNI0880,West,Undergraduate,14673.11,2880.91,197895.52,33.11,96.7,6.08,0.72,135.12,70.68,71.82,69.07,17.42,97.73,Optimal
UNI0881,East,Undergraduate,26749.69,1534.53,31743.45,64.73,99.09,1.87,0.33,73.81,63.24,49.22,64.38,10.66,98.48,Optimal
UNI0882,Central,Undergraduate,21079.63,1986.78,43731.12,42.59,98.99,2.02,0.62,64.87,82.8,60.11,72.05,2.97,99.7,Optimal
UNI0883,Central,Vocational,26756.88,1125.92,94673.61,59.45,98.31,0.77,0.56,51.0,59.69,80.83,56.53,4.9,98.03,Optimal
UNI0884,Central,Vocational,10427.58,2276.19,301855.21,45.89,100.0,5.5,0.95,71.24,72.88,88.88,95.26,15.1,100.0,Optimal
UNI0885,Central,Vocational,18628.78,458.65,156728.3,54.0,98.77,3.89,0.32,33.22,85.61,100.0,91.64,11.55,99.74,Optimal
UNI0886,East,Vocational,19342.22,227.24,10000.0,48.11,95.73,4.16,0.59,24.59,79.62,77.09,80.6,10.42,98.68,Optimal
UNI0887,West,Vocational,11908.04,994.26,163621.84,63.44,100.0,1.19,0.19,41.26,53.87,58.34,40.25,7.08,99.88,Optimal
UNI0888,East,Undergraduate,8400.41,2333.03,279678.08,43.76,95.57,3.16,0.46,57.15,100.0,64.59,84.78,13.75,97.92,Optimal
UNI0889,West,Vocational,3000.0,226.69,29516.74,23.21,98.06,4.97,0.37,30.64,54.15,28.33,51.21,7.88,96.26,Suboptimal
UNI0890,Central,Vocational,13919.74,200.0,54989.54,43.54,96.82,2.34,0.16,54.21,64.16,39.71,85.64,18.42,99.73,Suboptimal
UNI0891,East,Vocational,3000.0,200.0,10000.0,57.14,97.68,0.5,0.05,5.0,59.65,58.14,39.52,1.0,94.71,Suboptimal
UNI0892,Central,Undergraduate,14085.97,2959.55,248770.05,65.65,98.64,3.63,1.01,114.02,40.62,53.85,82.0,8.89,100.0,Suboptimal
UNI0893,East,Vocational,21801.35,200.0,256405.48,47.53,100.0,3.62,0.81,42.19,93.69,70.61,82.47,13.73,98.92,Optimal
UNI0894,West,Vocational,22708.73,2764.4,298972.75,48.77,99.85,4.64,1.23,88.07,63.71,76.72,72.6,17.88,100.0,Optimal
UNI0895,Central,Vocational,27312.71,1663.5,175030.68,51.72,99.25,3.5,0.83,83.07,91.67,72.91,93.53,18.08,100.0,Optimal
UNI0896,East,Undergraduate,22411.65,2180.93,267365.65,56.73,98.09,2.8,0.77,101.63,99.53,77.41,94.45,11.59,97.71,Optimal
UNI0897,East,Undergraduate,39573.5,3552.77,187368.63,49.29,98.54,4.07,0.77,127.51,69.21,81.92,84.93,16.21,98.84,Optimal
UNI0898,West,Vocational,13570.36,1530.23,72547.66,34.99,94.5,1.04,0.19,5.0,56.43,44.99,51.81,5.71,98.22,Suboptimal
UNI0899,East,Vocational,6272.24,2033.18,46906.61,62.35,97.63,1.95,0.76,53.59,59.04,73.23,73.53,8.89,97.52,Suboptimal
UNI0900,West,Undergraduate,25499.82,2185.7,277811.23,58.97,100.0,5.48,0.92,67.34,88.21,61.58,81.12,16.14,98.63,Optimal
UNI0901,West,Undergraduate,3000.0,200.0,395796.31,11.84,92.25,1.73,0.54,50.01,58.49,70.83,75.82,16.54,95.52,Suboptimal
UNI0902,Central,Undergraduate,29055.98,845.91,207116.42,100.53,100.0,3.63,0.54,72.48,73.16,50.17,77.48,15.16,99.26,Optimal
UNI0903,East,Vocational,6509.92,2411.66,474240.3,74.97,99.19,3.7,0.79,49.61,62.34,58.81,68.22,11.59,99.08,Optimal
UNI0904,Central,Vocational,8257.29,2130.54,155332.71,49.06,100.0,3.03,0.34,21.42,62.55,64.42,68.44,14.68,99.46,Suboptimal
UNI0905,West,Undergraduate,36962.95,2598.52,292359.67,90.76,99.33,5.73,0.9,103.99,61.88,71.77,58.84,15.86,100.0,Optimal
UNI0906,East,Undergraduate,17322.48,1532.47,99897.13,46.78,98.05,2.51,0.91,81.88,72.08,75.31,49.74,21.09,98.13,Optimal
UNI0907,East,Vocational,6536.21,1110.67,395781.78,58.71,100.0,5.08,0.37,45.65,73.16,67.39,76.59,16.43,99.33,Optimal
UNI0908,East,Vocational,3000.0,200.0,82258.09,33.77,97.51,2.94,0.84,21.86,50.26,86.38,31.9,11.25,97.89,Suboptimal
UNI0909,East,Undergraduate,43938.77,3282.98,211861.42,51.71,98.96,3.87,0.87,67.26,67.83,72.54,78.85,3.9,98.04,Optimal
UNI0910,Central,Vocational,14085.36,1233.34,84036.88,76.64,98.51,2.32,0.4,22.86,58.96,59.49,76.67,7.83,97.69,Suboptimal
UNI0911,Central,Undergraduate,16727.79,2360.7,320538.55,41.18,98.43,5.45,0.78,78.99,91.84,64.89,70.47,10.41,100.0,Optimal
UNI0912,Central,Vocational,22932.35,3466.35,146470.58,62.04,99.66,3.4,0.45,59.16,83.93,86.82,98.56,20.94,100.0,Optimal
UNI0913,East,Undergraduate,38929.74,835.81,237556.38,62.24,100.0,1.93,0.47,93.88,95.19,84.06,76.77,9.61,98.19,Optimal
UNI0914,East,Vocational,16793.02,1750.11,310536.52,52.53,99.24,4.63,0.6,25.71,35.11,34.95,68.09,12.01,100.0,Suboptimal
UNI0915,East,Vocational,3000.0,1249.64,119645.23,59.37,100.0,3.72,0.73,68.78,81.72,81.88,51.67,14.76,98.89,Optimal
UNI0916,West,Vocational,42519.79,893.98,160937.68,63.7,100.0,4.0,0.28,65.88,80.0,46.94,42.81,14.06,100.0,Optimal
UNI0917,Central,Undergraduate,6853.89,1500.87,125667.64,55.75,99.78,0.5,0.38,29.45,79.59,84.34,79.5,13.7,98.58,Optimal
UNI0918,East,Vocational,11032.78,1812.02,66928.22,52.47,100.0,2.79,0.23,71.42,52.53,71.79,68.44,6.5,98.65,Optimal
UNI0919,West,Undergraduate,13010.1,1841.86,320897.28,55.68,98.17,4.81,0.33,61.86,70.7,71.45,87.42,7.62,98.09,Optimal
UNI0920,East,Vocational,12322.31,754.55,10000.0,54.44,100.0,3.05,0.21,56.97,76.74,23.73,65.18,13.57,99.9,Optimal
UNI0921,East,Undergraduate,20947.44,2169.57,27551.77,35.87,96.24,4.67,1.1,75.35,53.97,37.76,77.19,11.36,99.38,Suboptimal
UNI0922,East,Vocational,3000.0,200.0,63218.13,64.31,94.64,1.32,0.45,39.42,64.89,57.05,67.89,2.49,96.7,Optimal
UNI0923,West,Vocational,3290.48,1115.0,34970.88,38.84,99.63,2.83,0.51,64.38,71.77,23.11,67.0,12.21,97.76,Suboptimal
UNI0924,Central,Vocational,14164.93,966.64,10000.0,38.08,96.88,2.62,0.42,32.35,62.56,70.37,75.86,26.51,99.01,Optimal
UNI0925,Central,Vocational,6652.35,2083.38,22716.44,39.53,99.11,4.36,0.82,81.4,75.81,89.54,64.47,13.95,98.53,Optimal
UNI0926,East,Vocational,3000.0,882.91,276783.48,32.5,96.68,5.22,0.74,45.38,65.37,76.5,44.56,17.89,98.15,Suboptimal
UNI0927,East,Undergraduate,25953.24,1592.91,223156.23,75.65,97.89,4.53,0.63,46.84,92.86,58.03,63.7,1.0,98.8,Optimal
UNI0928,Central,Vocational,10280.66,1367.25,29113.9,45.09,97.71,3.09,0.7,24.17,76.38,72.75,82.59,11.25,100.0,Optimal
UNI0929,East,Vocational,3000.0,1588.91,285061.47,44.2,98.44,3.6,0.42,31.87,41.38,52.4,48.91,11.94,99.71,Suboptimal
UNI0930,West,Vocational,3000.0,1435.26,112389.93,20.91,96.82,0.97,0.43,5.0,65.55,43.68,81.65,12.78,97.74,Suboptimal
UNI0931,West,Undergraduate,29527.39,1946.12,340263.74,81.95,99.01,2.38,0.67,69.99,64.82,87.71,69.2,11.81,100.0,Optimal
UNI0932,East,Vocational,23683.17,2589.96,48844.91,68.97,98.99,2.03,0.44,69.12,52.22,97.13,72.71,15.1,99.43,Optimal
UNI0933,Central,Vocational,5512.92,1005.1,18072.64,46.87,100.0,2.02,0.59,66.62,52.39,74.97,74.14,16.44,98.89,Suboptimal
UNI0934,West,Vocational,3000.0,472.77,109284.71,45.16,99.1,1.42,0.05,60.81,60.1,44.41,52.13,18.24,97.09,Suboptimal
UNI0935,Central,Undergraduate,27983.76,3424.96,314002.22,74.27,99.04,4.12,0.73,102.23,93.91,80.51,70.17,17.48,97.69,Optimal
UNI0936,Central,Undergraduate,9575.32,2821.25,353885.19,31.8,98.64,2.27,0.59,61.77,88.47,87.84,41.2,9.97,97.49,Suboptimal
UNI0937,West,Undergraduate,24614.66,2267.4,113010.36,79.45,98.65,4.1,0.68,74.65,50.53,79.37,81.21,9.35,98.71,Optimal
UNI0938,East,Undergraduate,44969.7,2130.94,398170.71,83.4,100.0,4.63,0.79,111.52,77.96,100.0,88.27,16.14,100.0,Optimal
UNI0939,West,Vocational,7934.93,200.0,22482.26,31.25,97.8,0.5,0.21,13.94,52.11,35.51,55.31,6.96,99.05,Suboptimal
UNI0940,East,Undergraduate,6935.75,1323.49,283570.45,33.31,98.42,4.95,0.36,65.44,22.49,60.07,88.16,7.59,97.87,Suboptimal
UNI0941,Central,Undergraduate,28297.78,4018.93,256864.89,74.68,98.14,2.92,1.23,69.78,89.23,96.64,81.16,16.52,98.41,Optimal
UNI0942,West,Undergraduate,16535.7,2491.62,248868.52,52.59,98.63,4.55,0.71,56.27,82.68,80.69,66.16,5.93,97.6,Optimal
UNI0943,Central,Vocational,3000.0,200.0,10000.0,37.79,100.0,0.5,0.2,44.02,47.58,52.95,42.03,10.19,99.38,Suboptimal
UNI0944,Central,Vocational,19036.48,533.71,110534.96,52.11,99.58,3.33,0.74,10.7,40.21,77.25,76.05,10.64,100.0,Optimal
UNI0945,Central,Vocational,23542.49,669.95,28256.83,44.59,99.96,2.02,0.8,5.0,68.97,48.14,100.0,12.71,100.0,Suboptimal
UNI0946,East,Vocational,14594.86,1414.03,128585.4,55.84,98.94,3.48,0.82,77.87,79.95,88.98,100.0,17.3,100.0,Suboptimal
UNI0947,East,Vocational,12150.34,1431.85,143124.81,44.4,99.41,5.88,0.42,45.33,87.35,78.36,94.02,9.55,98.23,Optimal
UNI0948,East,Vocational,22678.51,1719.8,29656.68,38.43,95.41,2.38,0.96,47.21,73.01,84.75,68.52,11.35,99.14,Suboptimal
UNI0949,Central,Undergraduate,29490.78,1416.97,157076.41,83.68,100.0,2.41,0.8,106.15,92.22,100.0,100.0,18.15,97.78,Optimal
UNI0950,East,Undergraduate,19423.51,2432.18,10000.0,53.13,98.44,2.0,0.05,13.69,69.57,50.54,70.36,13.49,98.81,Optimal
UNI0951,East,Vocational,7174.02,200.0,243107.79,47.36,96.51,2.06,0.43,5.0,68.96,83.39,46.94,8.39,98.91,Suboptimal
UNI0952,West,Undergraduate,20932.57,697.25,134738.04,100.2,100.0,3.28,0.5,58.45,63.79,84.51,73.5,14.89,97.57,Optimal
UNI0953,East,Vocational,23054.37,2489.92,151119.66,55.26,98.37,2.21,0.54,32.27,62.96,64.97,78.37,12.72,99.78,Optimal
UNI0954,East,Undergraduate,24286.07,3289.57,71865.62,60.51,99.42,2.83,0.41,76.13,46.76,44.52,59.64,5.19,98.21,Suboptimal
UNI0955,East,Vocational,13624.24,1347.74,290466.7,47.28,99.85,2.8,0.64,65.28,83.6,72.62,77.4,12.78,99.39,Optimal
UNI0956,East,Undergraduate,26682.55,3448.62,372420.15,62.28,100.0,6.03,0.76,106.65,85.43,88.93,96.87,19.11,99.25,Optimal
UNI0957,Central,Vocational,3000.0,1152.77,31917.52,16.49,96.55,2.49,0.36,38.12,8.46,61.24,69.39,10.97,99.47,Suboptimal
UNI0958,East,Undergraduate,33629.21,3481.51,341572.83,73.16,98.84,4.25,1.1,127.42,80.02,56.87,83.46,4.34,98.83,Suboptimal
UNI0959,East,Vocational,15982.2,200.0,188295.68,28.9,100.0,3.25,0.4,56.65,83.68,73.34,68.26,12.62,97.28,Optimal
UNI0960,West,Undergraduate,21342.71,200.0,10000.0,64.61,97.57,2.76,0.39,52.56,51.37,50.31,56.81,9.22,97.77,Suboptimal
UNI0961,West,Undergraduate,19984.65,1150.5,105098.75,53.64,94.57,3.79,0.74,77.46,65.08,69.95,42.2,1.0,98.48,Suboptimal
UNI0962,Central,Undergraduate,14338.39,3441.72,203130.27,53.99,97.98,2.92,0.42,39.05,78.3,100.0,81.23,10.95,99.02,Suboptimal
UNI0963,West,Vocational,3000.0,2444.51,83960.39,34.62,100.0,2.91,0.34,63.32,27.43,40.08,54.28,10.91,99.23,Suboptimal
UNI0964,West,Undergraduate,9602.92,1499.81,417997.57,70.12,99.54,3.47,0.23,62.27,99.08,64.71,70.82,17.43,99.23,Suboptimal
UNI0965,East,Undergraduate,13325.11,1190.1,168799.34,66.1,97.23,2.17,0.4,43.38,61.44,72.97,40.06,2.0,99.13,Suboptimal
UNI0966,Central,Vocational,3000.0,913.23,154566.38,30.49,96.73,3.55,0.43,24.99,76.53,72.66,54.46,17.62,98.31,Suboptimal
UNI0967,Central,Undergraduate,25369.74,2434.33,399583.46,48.27,99.98,3.58,0.78,93.28,70.7,52.98,87.82,5.65,100.0,Optimal
UNI0968,East,Undergraduate,32699.22,3179.03,366165.01,76.19,97.16,3.22,0.63,72.77,67.84,79.48,52.69,18.13,100.0,Optimal
UNI0969,East,Undergraduate,32477.67,800.6,240241.21,64.25,99.78,3.27,0.97,97.97,67.82,49.32,65.69,8.64,100.0,Optimal
UNI0970,East,Undergraduate,30854.62,5142.15,172592.57,35.98,99.05,4.33,0.84,105.87,53.91,66.08,60.75,7.69,99.68,Optimal
UNI0971,Central,Vocational,3100.87,1611.77,135241.98,46.43,100.0,1.96,0.09,34.95,93.78,47.66,58.35,13.3,98.7,Suboptimal
UNI0972,West,Vocational,7381.12,1264.86,309638.17,54.45,97.23,4.46,0.65,34.82,79.05,73.47,69.43,6.71,97.78,Suboptimal
UNI0973,West,Undergraduate,19106.52,945.8,200967.25,47.9,100.0,2.36,0.73,55.25,78.06,57.46,72.99,13.58,98.94,Optimal
UNI0974,East,Vocational,18122.6,1018.38,122250.33,47.7,97.15,2.23,0.05,5.0,62.46,72.94,73.66,9.88,99.9,Suboptimal
UNI0975,East,Undergraduate,16049.0,1881.05,400531.57,40.79,92.49,1.71,0.92,46.45,63.99,65.82,62.42,1.0,96.57,Suboptimal
UNI0976,Central,Vocational,11600.32,977.3,165899.89,52.24,99.4,2.82,0.32,16.39,79.15,50.62,54.22,6.56,100.0,Optimal
UNI0977,Central,Undergraduate,3000.0,2919.11,173936.46,56.18,97.84,5.76,0.4,83.53,83.51,74.77,91.01,13.35,97.2,Optimal
UNI0978,West,Undergraduate,16896.3,1811.31,202587.03,56.18,100.0,3.1,0.61,41.1,56.3,38.6,62.38,13.57,98.95,Suboptimal
UNI0979,West,Vocational,17082.51,1125.05,206397.42,28.64,99.03,2.08,0.62,38.24,71.57,100.0,91.8,18.99,99.02,Optimal
UNI0980,West,Vocational,3000.0,1347.94,44367.84,26.05,98.61,1.68,0.36,58.89,37.99,58.36,57.05,14.21,98.08,Suboptimal
UNI0981,West,Undergraduate,24678.23,2556.31,394413.18,56.43,96.96,3.83,0.77,101.66,72.3,56.75,79.92,7.65,98.41,Optimal
UNI0982,West,Vocational,11906.05,876.65,45241.7,25.89,97.53,4.08,0.87,6.87,64.61,56.56,37.01,14.87,97.0,Suboptimal
UNI0983,Central,Undergraduate,12672.56,2896.47,220050.6,54.97,97.29,1.6,0.6,51.26,83.44,59.54,83.75,13.23,99.36,Optimal
UNI0984,East,Vocational,3023.69,200.0,10000.0,50.27,97.43,1.79,0.94,38.46,76.94,71.98,58.4,2.34,98.64,Suboptimal
UNI0985,East,Vocational,26592.32,200.0,73461.45,41.19,96.15,0.58,0.69,47.88,64.97,44.69,49.87,15.36,99.0,Suboptimal
UNI0986,East,Vocational,30161.71,1684.03,200436.85,57.03,98.43,3.49,0.7,46.36,59.06,48.55,48.65,10.61,100.0,Optimal
UNI0987,East,Undergraduate,24120.32,1803.16,99545.84,74.03,99.1,4.27,0.78,69.43,60.16,70.47,75.21,12.06,99.43,Optimal
UNI0988,East,Vocational,14441.4,217.05,10000.0,38.49,95.64,0.5,0.27,30.59,64.39,66.21,50.89,4.23,99.6,Suboptimal
UNI0989,West,Undergraduate,27081.02,4191.08,240469.79,62.29,97.78,4.67,1.02,63.68,92.74,100.0,95.07,13.63,100.0,Optimal
UNI0990,East,Undergraduate,24256.46,1910.33,173807.86,56.3,98.51,3.79,0.74,81.03,88.19,98.23,64.75,16.8,98.86,Optimal
UNI0991,West,Vocational,9588.98,310.32,109913.44,65.34,98.9,4.2,0.61,82.66,90.85,68.69,85.81,14.51,97.27,Optimal
UNI0992,West,Undergraduate,26189.8,2559.24,421476.19,84.37,99.24,5.12,0.55,85.06,50.17,73.94,55.17,10.26,100.0,Optimal
UNI0993,Central,Undergraduate,38609.46,2326.9,346147.48,61.64,95.99,2.72,0.99,48.13,53.32,78.78,60.77,10.13,98.22,Optimal
UNI0994,Central,Vocational,12590.98,402.16,71270.78,39.34,100.0,2.39,0.53,53.7,100.0,82.7,74.39,15.12,100.0,Optimal
UNI0995,East,Vocational,4586.97,2744.11,137690.24,58.94,96.55,4.23,0.55,80.48,100.0,100.0,100.0,22.13,98.63,Optimal
UNI0996,Central,Undergraduate,8511.74,2738.45,247647.07,30.86,96.84,4.78,0.76,93.86,78.28,67.42,82.84,19.79,99.8,Optimal
UNI0997,East,Vocational,11430.32,712.56,10000.0,46.3,96.47,0.5,0.67,9.77,92.16,97.19,67.52,16.0,99.82,Suboptimal
UNI0998,West,Undergraduate,21342.18,1911.3,301523.62,64.56,100.0,4.32,1.07,64.77,75.15,70.05,76.63,14.88,100.0,Optimal
UNI0999,East,Vocational,13701.65,871.65,186152.5,61.28,99.19,3.41,0.39,55.5,62.26,60.09,76.19,7.65,98.91,Optimal
UNI1000,East,Vocational,8674.3,1389.04,303012.05,76.64,99.59,5.81,0.97,85.33,70.44,84.53,93.07,6.8,98.84,Optimal
UNI1001,Central,Undergraduate,30125.94,1690.86,245516.01,50.84,98.58,3.39,0.59,44.3,61.42,33.39,69.67,1.0,99.27,Suboptimal
UNI1002,Central,Undergraduate,18541.84,2932.73,383727.59,66.06,99.84,4.22,0.81,78.02,58.09,54.53,67.23,7.06,99.29,Optimal
UNI1003,Central,Undergraduate,23821.97,1919.25,186068.93,52.59,97.23,3.27,0.28,26.92,47.69,55.01,92.79,13.45,99.1,Optimal
UNI1004,Central,Vocational,6014.42,1861.44,101165.34,36.37,98.44,4.74,0.05,33.01,77.19,66.62,80.6,10.01,96.94,Suboptimal
UNI1005,East,Undergraduate,35540.76,1928.78,324477.91,66.28,98.16,3.32,0.5,70.36,62.2,64.76,76.11,8.62,98.83,Optimal
UNI1006,Central,Vocational,10351.26,2168.37,184526.45,36.94,98.77,1.38,0.61,51.4,73.54,82.68,64.2,6.17,95.13,Suboptimal
UNI1007,East,Undergraduate,26449.06,2383.33,141678.99,43.27,97.52,1.4,0.52,23.08,63.5,48.59,75.19,4.67,97.15,Suboptimal
UNI1008,East,Vocational,12693.03,737.9,88837.74,51.74,97.06,3.23,0.53,59.18,27.0,26.27,15.63,2.61,98.49,Suboptimal
UNI1009,East,Vocational,26233.86,1068.82,16692.6,70.61,96.41,2.65,0.62,27.48,67.98,43.59,74.86,9.93,98.6,Suboptimal
UNI1010,East,Undergraduate,22432.93,2071.2,88961.5,63.73,98.77,4.01,0.71,111.68,76.96,72.63,53.29,8.13,98.98,Optimal
UNI1011,East,Undergraduate,34707.03,1473.75,393345.3,75.43,98.68,4.38,0.84,113.03,97.19,70.24,57.29,6.8,100.0,Optimal
UNI1012,Central,Undergraduate,29046.99,1391.49,66221.4,40.67,98.5,3.42,0.07,83.38,65.99,68.59,50.02,6.98,99.85,Optimal
UNI1013,East,Vocational,30213.6,2044.37,186737.49,84.37,100.0,3.91,0.27,94.87,62.01,67.56,52.09,9.9,100.0,Optimal
UNI1014,East,Vocational,17542.06,1298.14,10000.0,54.61,98.08,3.88,0.25,31.72,78.51,70.1,68.08,14.3,99.48,Suboptimal
UNI1015,Central,Vocational,9865.8,894.22,25446.26,47.85,96.77,1.72,0.62,44.21,86.31,57.76,84.08,4.01,98.88,Suboptimal
UNI1016,East,Vocational,3000.0,200.0,10000.0,28.95,98.17,0.5,0.07,5.0,60.92,25.27,67.6,1.55,97.61,Suboptimal
UNI1017,Central,Undergraduate,31926.46,200.0,280622.35,64.17,98.42,1.83,0.38,57.69,72.84,41.9,96.15,10.14,100.0,Optimal
UNI1018,West,Vocational,19046.34,1730.54,10000.0,50.61,100.0,0.89,0.23,46.3,80.18,72.31,82.13,17.35,99.02,Optimal
UNI1019,East,Vocational,3000.0,200.0,10000.0,42.58,96.96,0.5,0.05,28.29,62.36,55.69,50.53,6.53,97.86,Suboptimal
UNI1020,West,Vocational,15394.17,1556.04,243765.56,79.88,100.0,6.09,0.96,57.04,72.56,72.17,84.82,16.94,100.0,Optimal
UNI1021,East,Vocational,11462.24,776.87,112150.29,58.75,99.85,0.83,0.6,24.7,49.29,63.26,58.62,5.22,99.86,Suboptimal
UNI1022,East,Vocational,24062.07,2151.37,195876.06,77.06,100.0,3.78,0.77,47.66,55.16,55.91,65.16,16.24,98.85,Optimal
UNI1023,Central,Vocational,3000.0,444.84,10000.0,48.65,98.99,2.19,0.05,5.0,58.59,97.48,60.18,19.23,98.47,Optimal
UNI1024,West,Vocational,13517.67,200.0,10000.0,37.74,99.31,2.53,0.29,5.0,58.73,37.92,59.26,8.33,98.38,Suboptimal
UNI1025,West,Vocational,15231.52,1828.76,328233.75,24.47,95.89,3.19,0.36,53.2,100.0,61.37,39.77,11.02,98.52,Suboptimal
UNI1026,East,Vocational,15065.99,1966.43,208698.97,58.52,100.0,6.08,0.74,79.73,68.58,80.67,85.67,14.56,100.0,Optimal
UNI1027,West,Undergraduate,38475.63,1549.64,231526.19,84.39,100.0,5.49,0.92,87.25,72.72,66.43,77.22,9.27,97.75,Optimal
UNI1028,East,Undergraduate,12400.19,2326.02,117763.49,49.29,98.99,3.89,0.68,77.34,54.57,41.04,74.37,3.95,98.53,Suboptimal
UNI1029,East,Vocational,33569.11,471.94,22321.52,62.71,100.0,3.61,0.62,64.08,88.77,87.38,59.15,15.3,99.37,Optimal
UNI1030,East,Vocational,19329.73,200.0,164579.4,56.16,100.0,4.72,0.31,46.68,81.03,50.9,68.65,6.71,98.78,Optimal
UNI1031,West,Undergraduate,5868.23,3278.29,263629.66,66.51,99.83,3.44,0.82,81.67,53.37,83.29,56.45,10.72,98.64,Suboptimal
UNI1032,East,Vocational,26257.25,667.78,135601.88,45.67,98.35,2.47,0.08,14.8,47.51,61.09,61.96,12.36,98.27,Suboptimal
UNI1033,West,Undergraduate,34840.46,2514.29,256542.21,56.17,98.17,2.76,0.61,27.99,65.04,60.71,72.7,4.17,100.0,Optimal
UNI1034,Central,Vocational,19822.05,2068.33,73705.18,70.89,100.0,4.76,0.83,31.82,46.8,31.15,73.24,9.57,100.0,Optimal
UNI1035,Central,Vocational,8810.43,1370.55,188324.17,43.16,100.0,0.74,0.72,44.4,44.91,23.72,53.34,4.5,98.57,Suboptimal
UNI1036,Central,Undergraduate,10924.44,1100.08,175329.1,35.32,95.86,6.07,0.62,69.17,68.87,59.4,59.62,16.83,97.07,Suboptimal
UNI1037,West,Vocational,26385.98,200.0,10000.0,62.84,99.55,2.87,0.22,5.0,52.02,83.06,90.73,14.81,97.73,Optimal
UNI1038,East,Undergraduate,18199.26,3296.25,340871.66,73.0,98.95,5.36,0.71,83.6,82.25,57.45,60.49,12.09,99.06,Optimal
UNI1039,East,Vocational,11306.99,340.71,290658.91,82.63,97.67,0.77,0.53,55.79,87.04,69.88,59.23,17.54,99.48,Optimal
UNI1040,Central,Vocational,17436.63,1618.47,39221.74,62.18,99.98,2.28,0.37,58.57,74.27,78.74,53.3,12.79,100.0,Optimal
UNI1041,East,Undergraduate,12183.04,1311.17,273926.47,68.62,100.0,5.7,0.23,79.28,66.51,100.0,83.04,15.6,97.44,Optimal
UNI1042,East,Vocational,3642.11,673.92,68311.29,48.18,97.84,2.28,0.15,31.28,62.09,49.81,73.76,8.67,98.74,Suboptimal
UNI1043,East,Undergraduate,24723.17,3199.82,268729.26,47.28,96.31,1.38,0.58,57.42,50.61,69.72,41.76,1.29,98.14,Suboptimal
UNI1044,East,Undergraduate,23206.75,2588.72,324824.77,59.59,100.0,3.66,0.57,82.27,76.47,65.2,87.06,13.76,98.37,Optimal
UNI1045,East,Undergraduate,20531.18,1275.8,260482.81,52.54,98.04,5.24,0.94,84.71,68.92,57.71,77.64,12.22,97.01,Optimal
UNI1046,East,Vocational,20173.59,1766.28,208632.81,46.3,100.0,3.75,0.71,42.76,55.98,64.97,49.3,11.65,100.0,Suboptimal
UNI1047,West,Undergraduate,15457.8,2954.54,282830.25,47.43,95.88,2.58,0.37,78.77,87.96,80.71,96.0,16.18,98.67,Optimal
UNI1048,East,Undergraduate,16846.14,3393.49,287280.27,64.75,98.4,3.58,0.05,65.44,55.11,62.18,60.15,8.44,99.05,Optimal
UNI1049,West,Vocational,3000.0,200.0,10000.0,13.49,97.07,0.5,0.18,5.0,27.59,5.0,22.22,4.35,97.79,Suboptimal
UNI1050,West,Vocational,11029.43,200.0,143450.28,36.5,100.0,3.98,0.56,41.48,57.97,52.74,71.97,5.35,100.0,Suboptimal
UNI1051,East,Undergraduate,21507.22,2151.01,140492.05,70.69,100.0,3.3,0.49,57.93,75.57,61.22,90.47,7.35,97.29,Optimal
UNI1052,Central,Vocational,14868.92,2557.29,10000.0,54.33,99.04,3.3,0.86,8.68,69.4,51.52,54.7,14.66,99.87,Suboptimal
UNI1053,Central,Vocational,19238.49,769.92,57887.14,51.12,99.29,2.42,0.57,61.56,47.29,26.58,60.21,10.84,100.0,Suboptimal
UNI1054,Central,Vocational,18546.07,1651.26,87024.04,59.36,96.81,2.36,0.47,23.35,56.8,39.33,57.5,8.06,100.0,Suboptimal
UNI1055,East,Vocational,4477.67,453.06,98200.94,50.09,96.45,3.17,0.56,61.59,50.97,47.66,62.94,4.38,97.12,Suboptimal
UNI1056,East,Undergraduate,13927.28,2503.04,295990.15,50.33,98.02,3.4,0.87,76.14,44.18,46.71,56.84,7.56,99.18,Suboptimal
UNI1057,East,Vocational,7526.18,200.0,10000.0,55.73,98.52,1.77,0.05,33.19,52.26,34.16,65.29,12.0,97.18,Suboptimal
UNI1058,Central,Undergraduate,35744.33,1238.9,189444.91,62.85,100.0,2.77,0.4,79.78,56.82,61.83,81.81,5.32,98.21,Optimal
UNI1059,West,Undergraduate,14239.95,2352.43,450713.2,56.79,100.0,5.74,0.66,97.64,47.12,47.24,74.27,6.5,100.0,Suboptimal
UNI1060,Central,Vocational,14859.48,1497.92,291720.3,52.25,98.89,3.47,0.45,49.88,35.78,29.38,37.79,8.64,100.0,Suboptimal
UNI1061,Central,Undergraduate,23258.9,2031.66,401967.47,62.54,99.31,6.0,0.9,70.79,83.97,61.92,49.81,18.47,97.37,Optimal
UNI1062,West,Vocational,7117.52,200.0,31409.45,35.21,99.14,2.89,0.27,23.06,81.01,44.19,39.85,10.72,97.38,Suboptimal
UNI1063,Central,Undergraduate,25485.31,2510.14,206814.05,48.65,100.0,3.99,0.67,37.26,84.11,70.43,59.56,10.32,100.0,Optimal
UNI1064,East,Undergraduate,39925.48,1693.27,10000.0,81.99,100.0,3.16,0.46,53.79,68.09,60.38,66.97,11.81,100.0,Optimal
UNI1065,West,Vocational,11520.42,1592.87,209500.71,47.85,97.95,2.96,1.03,31.55,39.02,36.08,60.41,7.39,98.64,Suboptimal
UNI1066,East,Undergraduate,21584.32,2993.65,24684.52,18.32,97.27,3.46,0.95,63.75,63.57,39.94,63.15,6.42,97.1,Suboptimal
UNI1067,East,Vocational,11024.14,641.55,52287.56,43.22,97.25,3.1,0.44,51.15,32.46,23.11,58.66,11.18,97.65,Suboptimal
UNI1068,Central,Vocational,17426.52,2017.53,91008.89,65.26,97.89,2.88,0.5,51.31,59.52,72.68,62.49,1.0,97.83,Optimal
UNI1069,West,Undergraduate,41052.29,2453.83,320767.31,56.02,100.0,6.57,1.28,98.45,84.1,100.0,100.0,25.0,99.75,Optimal
UNI1070,East,Undergraduate,34332.64,4257.66,519389.1,60.6,98.69,4.03,0.7,96.27,27.5,76.62,42.43,18.37,100.0,Suboptimal
UNI1071,Central,Vocational,30915.34,2382.06,340024.57,47.07,97.37,3.3,0.42,44.1,84.78,47.82,69.34,10.65,99.53,Optimal
UNI1072,East,Vocational,23864.76,977.53,228908.81,70.92,100.0,1.46,0.61,97.58,48.74,82.09,73.28,7.53,98.56,Optimal
UNI1073,East,Undergraduate,11624.39,1640.95,102803.65,61.32,98.38,3.96,0.66,72.23,61.25,66.32,52.54,15.33,99.4,Suboptimal
UNI1074,East,Undergraduate,28075.28,2803.22,479647.68,46.3,100.0,5.0,0.91,74.53,81.06,64.46,90.82,16.34,100.0,Optimal
UNI1075,Central,Undergraduate,27036.78,3033.0,342865.58,60.95,99.25,5.38,0.97,102.47,62.81,53.56,76.97,8.67,98.97,Optimal
UNI1076,West,Vocational,17030.79,1430.31,10000.0,58.8,96.22,3.55,0.2,55.74,65.97,50.39,61.03,4.36,97.2,Suboptimal
UNI1077,East,Vocational,3000.0,200.0,55891.11,28.05,96.46,3.38,0.07,16.67,58.96,66.14,39.41,10.25,99.91,Optimal
UNI1078,East,Vocational,13678.57,1873.24,257142.32,41.73,98.19,4.72,0.51,26.58,88.21,83.52,95.15,16.81,100.0,Optimal
UNI1079,East,Vocational,14632.14,402.43,168871.08,64.61,100.0,5.22,0.93,43.98,87.62,78.19,85.76,20.1,98.34,Optimal
UNI1080,East,Vocational,14974.49,423.07,54068.52,37.21,98.09,3.21,0.15,16.22,41.93,51.06,69.81,11.05,100.0,Suboptimal
UNI1081,Central,Vocational,12470.9,2001.11,110991.51,70.46,96.87,0.7,0.05,37.04,68.23,80.19,21.97,12.55,100.0,Suboptimal
UNI1082,Central,Undergraduate,15839.78,1002.43,115382.09,35.24,95.74,2.31,0.67,39.08,53.57,60.98,64.53,9.36,98.23,Suboptimal
UNI1083,Central,Vocational,3000.0,200.0,67744.84,17.68,97.26,1.52,0.35,32.57,46.99,55.87,47.32,14.22,97.29,Suboptimal
UNI1084,East,Vocational,18844.64,842.12,10000.0,41.3,99.89,3.95,0.05,28.55,60.77,46.91,76.3,7.03,98.66,Suboptimal
UNI1085,Central,Vocational,3491.15,2682.0,257540.71,37.01,94.44,2.98,0.68,64.04,66.21,65.22,58.76,21.11,99.25,Suboptimal
UNI1086,East,Undergraduate,28909.83,2841.77,196021.31,57.05,100.0,3.58,0.69,97.64,81.93,49.08,97.43,10.13,100.0,Optimal
UNI1087,East,Undergraduate,26814.38,713.05,262768.37,45.13,97.2,3.71,1.05,82.79,74.29,46.49,83.59,12.49,98.16,Optimal
UNI1088,West,Vocational,14946.55,544.51,66976.28,62.12,99.09,2.81,0.76,100.31,35.54,88.81,62.39,17.95,100.0,Optimal
UNI1089,West,Vocational,8847.96,650.38,10000.0,21.82,96.62,2.79,0.5,52.55,73.78,31.2,79.86,14.62,96.86,Suboptimal
UNI1090,West,Vocational,15575.17,200.0,10000.0,43.74,98.1,0.5,0.44,42.11,51.81,45.19,38.94,8.63,99.22,Suboptimal
UNI1091,West,Vocational,26055.14,782.94,26710.87,71.05,100.0,1.16,0.26,13.16,53.67,61.89,54.43,11.11,100.0,Optimal
UNI1092,Central,Vocational,15541.2,614.36,45602.11,33.36,97.72,2.42,0.22,13.53,52.61,64.21,69.78,7.64,96.68,Suboptimal
UNI1093,West,Vocational,13002.44,200.0,40385.39,40.2,100.0,0.5,0.52,5.0,77.41,66.13,55.38,10.09,96.89,Suboptimal
UNI1094,East,Vocational,3000.0,2647.57,10000.0,36.98,95.69,4.82,0.73,50.93,76.57,100.0,63.89,13.01,99.01,Suboptimal
UNI1095,East,Undergraduate,37732.42,2967.03,258261.96,57.21,98.91,4.23,0.42,89.81,100.0,76.43,75.66,6.79,98.48,Optimal
UNI1096,East,Undergraduate,18353.01,3076.99,154423.59,63.42,95.28,4.92,0.36,91.49,100.0,100.0,73.85,18.57,97.9,Optimal
UNI1097,East,Vocational,3000.0,1670.49,142723.79,53.01,98.87,3.33,0.2,45.77,72.77,81.96,96.79,5.46,98.56,Optimal
UNI1098,East,Undergraduate,13305.1,2433.57,253656.97,46.94,98.94,4.22,1.01,105.6,78.89,100.0,93.37,17.82,98.21,Optimal
UNI1099,East,Vocational,5982.79,473.56,40462.84,56.59,100.0,1.29,0.05,53.46,79.61,78.02,74.69,14.47,99.21,Suboptimal
UNI1100,Central,Vocational,3000.0,530.2,10000.0,27.59,94.42,3.69,0.6,14.19,46.22,55.11,44.88,3.23,98.73,Suboptimal
UNI1101,West,Undergraduate,24858.85,3169.35,460220.78,71.67,98.26,4.87,0.89,75.97,68.86,54.68,74.05,16.57,100.0,Optimal
UNI1102,Central,Vocational,6379.54,200.0,10000.0,42.97,97.78,3.9,0.23,15.01,77.46,64.22,84.52,4.71,97.79,Suboptimal
UNI1103,East,Undergraduate,23635.72,3669.03,213296.55,74.1,95.01,4.86,0.6,64.0,50.08,67.06,76.15,8.13,97.24,Optimal
UNI1104,Central,Undergraduate,30438.11,970.69,163894.25,59.41,99.77,2.3,0.75,52.8,82.96,34.76,62.79,9.58,99.45,Suboptimal
UNI1105,East,Undergraduate,24259.35,2246.49,195945.2,52.01,99.25,3.87,0.66,77.9,82.44,59.91,52.09,11.37,97.67,Suboptimal
UNI1106,East,Undergraduate,21143.38,1604.85,108142.02,58.54,98.01,3.58,0.21,61.41,75.31,74.2,64.46,7.38,99.83,Optimal
UNI1107,East,Undergraduate,37289.39,2901.61,191109.87,59.33,100.0,6.59,0.7,102.57,90.3,65.96,96.17,24.53,99.3,Optimal
UNI1108,East,Undergraduate,23851.88,3035.1,60896.04,37.78,95.34,3.98,0.05,33.38,64.85,34.47,54.5,1.0,100.0,Suboptimal
UNI1109,East,Vocational,11604.22,200.0,10000.0,48.41,99.94,1.5,0.5,28.63,87.52,80.85,83.04,30.07,98.51,Optimal
UNI1110,West,Vocational,15890.88,830.66,268594.61,56.09,99.06,1.69,0.83,52.03,69.39,85.87,78.46,7.38,98.4,Optimal
UNI1111,West,Undergraduate,17030.44,1511.83,435337.34,67.55,98.65,1.34,0.86,54.79,58.12,41.01,64.51,20.77,100.0,Suboptimal
UNI1112,Central,Vocational,17866.01,200.0,10000.0,39.28,96.45,0.5,0.2,5.0,86.05,50.91,64.16,12.3,97.21,Suboptimal
UNI1113,East,Vocational,25639.58,1088.42,10000.0,41.08,99.31,2.55,0.21,70.92,63.86,52.09,43.5,8.33,98.19,Optimal
UNI1114,West,Undergraduate,19072.87,292.51,176461.05,37.16,99.65,3.9,0.12,83.17,58.12,85.24,68.4,13.08,98.64,Optimal
UNI1115,Central,Undergraduate,14049.8,1262.73,62788.41,44.2,96.89,4.55,0.26,63.68,78.74,50.86,54.83,8.13,98.57,Suboptimal
UNI1116,East,Undergraduate,24972.13,2524.55,163250.92,48.28,98.93,4.6,0.61,63.65,77.82,59.67,78.98,13.26,100.0,Optimal
UNI1117,Central,Undergraduate,17905.75,3251.82,206484.25,71.64,97.44,5.5,1.06,102.98,48.71,72.37,48.46,4.25,95.75,Suboptimal
UNI1118,Central,Vocational,11379.53,1790.15,144323.9,71.29,100.0,3.31,1.03,71.34,72.89,69.23,89.49,21.19,100.0,Optimal
UNI1119,East,Undergraduate,24747.51,2723.23,261264.97,30.39,95.59,2.69,0.7,83.18,76.61,59.08,72.82,12.89,98.07,Optimal
UNI1120,East,Undergraduate,20255.97,1783.74,89868.76,54.21,99.85,2.37,0.12,91.05,74.18,71.05,84.66,8.19,97.08,Optimal
UNI1121,Central,Undergraduate,16274.48,266.33,10000.0,38.63,95.59,0.5,0.05,17.76,40.72,76.0,46.86,9.74,95.02,Suboptimal
UNI1122,East,Vocational,10607.91,252.9,191266.74,41.52,97.68,1.66,0.75,26.45,56.18,32.73,66.13,9.93,97.61,Suboptimal
UNI1123,East,Vocational,17047.85,887.67,230697.86,57.49,100.0,4.02,0.86,77.63,86.64,73.42,74.0,14.62,100.0,Optimal
UNI1124,East,Undergraduate,16647.06,2063.94,299473.56,66.46,98.74,4.51,0.71,87.98,53.35,56.29,45.58,4.38,99.81,Optimal
UNI1125,West,Undergraduate,21294.8,3244.11,60636.62,67.57,98.36,4.38,0.67,96.95,83.54,81.91,75.94,15.36,100.0,Optimal
UNI1126,East,Undergraduate,3948.27,756.37,187584.46,41.65,96.93,1.29,0.17,69.9,26.7,48.78,72.7,10.81,96.26,Suboptimal
UNI1127,East,Undergraduate,35300.52,1674.98,136116.38,48.6,100.0,3.99,0.32,36.5,50.99,59.12,58.92,9.7,99.15,Optimal
UNI1128,East,Vocational,27785.39,1573.66,314058.5,31.82,97.5,3.48,1.21,64.78,54.26,57.63,40.31,13.71,97.35,Suboptimal
UNI1129,West,Undergraduate,21038.1,2236.76,133595.07,50.55,98.3,2.36,0.79,89.26,77.87,27.62,49.34,12.81,96.12,Suboptimal
UNI1130,Central,Undergraduate,20521.63,885.19,105424.17,41.48,97.76,1.57,0.3,47.07,100.0,65.22,67.19,17.03,98.46,Optimal
UNI1131,West,Undergraduate,7869.86,2567.5,90783.68,62.61,97.96,5.19,0.31,64.36,46.85,62.29,76.23,5.92,96.77,Suboptimal
UNI1132,East,Vocational,3000.0,319.05,229351.86,10.0,98.39,2.08,0.34,5.0,57.55,30.1,64.75,4.01,96.03,Suboptimal
UNI1133,East,Vocational,8155.42,488.0,103124.54,43.27,98.0,2.93,0.29,28.66,27.04,45.2,55.37,14.07,99.22,Suboptimal
UNI1134,Central,Vocational,26058.28,1823.16,260367.0,42.12,100.0,2.53,0.82,69.96,67.73,41.85,55.51,6.45,100.0,Optimal
UNI1135,East,Vocational,3000.0,1314.21,307922.45,42.05,99.29,3.58,0.76,60.34,86.51,69.77,100.0,17.4,98.91,Optimal
UNI1136,West,Vocational,8299.59,1150.71,59204.78,38.14,97.02,2.95,0.08,8.1,60.48,78.92,55.95,5.06,96.33,Suboptimal
UNI1137,West,Undergraduate,4916.78,1321.65,259913.48,43.86,97.12,0.5,0.71,52.21,45.88,43.07,64.22,6.68,95.26,Suboptimal
UNI1138,Central,Vocational,15711.69,3326.78,172220.31,59.82,99.71,5.75,0.69,71.63,92.16,39.33,59.58,6.73,99.6,Optimal
UNI1139,West,Undergraduate,33492.82,2418.85,331126.57,77.23,98.4,2.56,0.86,80.82,95.98,79.33,84.49,6.18,99.32,Optimal
UNI1140,Central,Undergraduate,32899.36,1738.65,282418.98,60.76,98.56,5.22,0.86,75.18,91.59,71.69,80.65,13.73,99.66,Optimal
UNI1141,East,Undergraduate,17350.06,3174.32,246960.17,75.43,96.38,6.46,1.02,89.11,100.0,100.0,100.0,14.09,98.1,Optimal
UNI1142,Central,Undergraduate,27160.56,2309.5,220612.46,73.16,98.27,4.52,0.07,53.19,79.01,69.25,93.58,16.21,98.85,Optimal
UNI1143,East,Vocational,6514.2,782.96,10000.0,40.89,100.0,0.93,0.59,5.0,86.52,76.37,83.25,8.61,100.0,Optimal
UNI1144,West,Vocational,21723.37,1770.8,250843.18,57.39,100.0,4.21,0.58,80.91,66.38,56.71,82.35,13.88,100.0,Optimal
UNI1145,East,Undergraduate,33917.9,1411.07,312406.49,60.75,97.6,6.38,0.93,100.11,43.9,78.76,60.58,13.46,100.0,Optimal
UNI1146,East,Undergraduate,6460.04,200.0,10000.0,31.48,94.76,0.9,0.57,53.24,59.38,75.68,76.59,21.83,95.19,Suboptimal
UNI1147,Central,Vocational,12088.17,2646.57,97823.23,40.6,99.72,3.12,0.41,40.29,62.47,65.27,66.42,10.32,98.86,Optimal
UNI1148,East,Vocational,4443.34,283.76,28899.01,27.04,98.57,2.15,0.19,47.3,54.47,38.99,55.71,4.01,98.87,Suboptimal
UNI1149,East,Undergraduate,19573.21,2213.84,226369.7,14.54,95.84,3.29,0.37,76.42,77.09,67.49,69.5,5.32,98.93,Optimal
UNI1150,Central,Vocational,3000.0,200.0,106934.34,36.69,96.29,1.03,0.35,73.7,42.89,51.33,56.9,1.08,97.04,Suboptimal
UNI1151,East,Undergraduate,13829.15,745.15,295974.88,67.63,98.39,3.48,0.24,74.56,72.18,58.06,66.37,8.94,100.0,Optimal
UNI1152,Central,Undergraduate,14806.12,2076.56,204552.14,35.91,97.25,2.05,0.5,65.67,34.77,36.96,38.44,16.15,96.31,Suboptimal
UNI1153,East,Vocational,8927.35,379.39,10000.0,44.82,98.96,2.17,0.36,5.0,29.51,54.15,39.42,9.86,99.64,Suboptimal
UNI1154,East,Undergraduate,13329.35,2457.49,209857.55,63.44,97.83,3.23,0.73,68.55,74.39,94.36,97.88,10.85,100.0,Optimal
UNI1155,East,Undergraduate,29683.92,2027.95,181200.1,41.4,100.0,4.16,0.43,41.65,52.29,68.11,70.88,16.55,96.87,Optimal
UNI1156,West,Undergraduate,6707.46,1359.17,197521.59,45.09,97.13,2.69,0.25,40.32,68.01,65.04,57.81,7.72,98.42,Suboptimal
UNI1157,West,Undergraduate,17464.11,2343.74,326216.24,62.59,98.4,6.35,0.84,132.41,81.91,63.87,92.64,10.43,98.15,Optimal
UNI1158,East,Vocational,13164.41,426.33,78711.08,58.92,98.77,4.63,0.54,29.83,93.44,63.27,67.38,9.71,100.0,Optimal
UNI1159,West,Undergraduate,13580.11,3898.09,313731.31,58.37,99.09,3.71,0.8,43.24,62.66,35.46,96.0,13.62,97.31,Suboptimal
UNI1160,Central,Undergraduate,20183.33,3542.62,297009.15,79.91,100.0,5.46,0.54,94.87,100.0,73.8,86.31,14.45,96.91,Optimal
UNI1161,Central,Undergraduate,24086.99,1051.55,93750.02,59.85,98.58,3.57,0.64,52.14,75.25,80.32,79.02,17.71,97.66,Optimal
UNI1162,Central,Vocational,15410.33,1021.69,237644.86,41.54,97.45,4.47,0.53,80.18,82.17,67.29,84.07,14.66,99.67,Optimal
UNI1163,Central,Vocational,8071.35,200.0,10000.0,23.23,97.97,2.88,0.25,5.0,64.24,32.27,71.88,9.69,98.68,Suboptimal
UNI1164,West,Vocational,5900.7,1062.73,178639.83,66.3,99.35,1.5,0.36,27.47,72.91,45.19,58.63,1.51,99.07,Suboptimal
UNI1165,Central,Vocational,32288.38,1357.05,210323.56,57.66,100.0,2.14,0.63,78.93,65.99,72.4,96.72,6.81,100.0,Optimal
UNI1166,Central,Vocational,3000.0,572.0,152333.66,33.9,96.96,1.81,0.52,5.0,85.62,44.84,62.7,4.43,97.0,Suboptimal
UNI1167,East,Vocational,3071.37,1258.81,24086.56,39.67,99.0,2.73,0.28,45.81,53.34,38.66,56.66,6.77,98.62,Suboptimal
UNI1168,East,Undergraduate,34495.59,2351.85,376972.66,55.56,98.44,6.44,0.19,87.18,71.68,84.65,69.89,3.3,99.34,Optimal
UNI1169,Central,Vocational,13161.42,3276.98,238896.29,50.66,100.0,2.71,0.47,37.5,57.91,33.55,70.92,13.42,98.1,Suboptimal
UNI1170,East,Vocational,19234.28,1047.6,135417.41,53.92,98.76,3.7,0.36,58.34,78.19,42.82,59.17,8.52,100.0,Optimal
UNI1171,East,Vocational,4822.95,2432.98,79511.94,22.36,94.82,3.44,0.05,46.04,54.95,47.12,74.48,8.51,95.69,Suboptimal
UNI1172,East,Vocational,17049.67,2029.47,10000.0,43.85,98.24,4.25,0.86,49.93,43.12,51.0,83.13,7.93,99.99,Suboptimal
UNI1173,East,Vocational,20724.16,1160.69,10000.0,71.11,99.13,1.51,0.55,72.95,100.0,68.34,73.8,16.52,100.0,Optimal
UNI1174,Central,Vocational,14744.0,670.9,169243.81,70.09,100.0,2.86,0.98,126.59,75.59,70.94,52.55,1.13,100.0,Optimal
UNI1175,Central,Undergraduate,25825.34,1448.3,14780.85,59.95,96.36,4.17,0.37,63.94,60.3,37.8,84.07,10.43,99.69,Optimal
UNI1176,East,Vocational,12045.18,200.0,140926.58,43.22,96.84,1.78,0.33,16.05,42.46,65.11,34.2,11.1,97.41,Suboptimal
UNI1177,East,Undergraduate,29964.41,2495.48,124029.08,38.75,98.54,5.05,0.65,91.26,95.78,66.88,92.43,17.35,97.68,Optimal
UNI1178,East,Undergraduate,34451.81,2099.31,341527.78,59.75,100.0,5.76,1.07,89.19,52.63,56.75,59.38,8.99,99.33,Optimal
UNI1179,East,Vocational,16428.67,1637.76,145033.11,62.08,100.0,4.24,0.55,10.45,72.09,84.34,79.16,1.37,98.38,Optimal
UNI1180,Central,Undergraduate,8951.48,3264.8,308755.22,46.92,100.0,3.73,0.75,81.9,79.21,34.69,48.11,13.67,98.68,Optimal
UNI1181,Central,Undergraduate,32769.77,2038.48,144335.16,65.35,98.83,1.4,0.36,68.87,48.28,60.1,52.79,5.65,99.0,Optimal
UNI1182,Central,Undergraduate,23562.72,1972.16,336889.07,78.47,100.0,1.54,1.02,46.84,68.63,91.38,86.54,12.67,100.0,Optimal
UNI1183,Central,Undergraduate,19446.53,353.47,62447.59,58.66,98.98,1.07,0.4,27.84,59.61,49.32,77.14,20.12,98.53,Optimal
UNI1184,West,Vocational,4460.03,1423.84,123533.18,36.95,95.48,3.28,0.3,33.56,49.48,47.96,57.83,10.74,98.71,Suboptimal
UNI1185,West,Vocational,3000.0,1411.47,10000.0,41.88,94.36,0.78,0.29,24.06,75.41,60.96,68.72,10.37,97.4,Suboptimal
UNI1186,Central,Undergraduate,29077.91,1798.3,305588.4,41.89,100.0,1.74,0.64,111.38,89.2,67.29,96.97,12.68,98.69,Optimal
UNI1187,Central,Undergraduate,21718.28,2629.07,451082.08,53.98,98.63,3.89,0.66,60.48,66.7,49.8,73.0,9.74,99.59,Optimal
UNI1188,East,Vocational,22071.58,1489.3,63802.56,65.0,100.0,5.51,0.67,60.97,62.16,83.31,70.67,9.76,100.0,Optimal
UNI1189,West,Undergraduate,12168.2,1647.29,16352.94,54.04,96.72,3.41,0.38,70.74,84.83,60.46,66.38,14.17,98.88,Optimal
UNI1190,East,Undergraduate,24261.8,3057.4,335237.05,76.1,100.0,2.94,0.79,77.91,54.72,77.46,53.65,15.91,100.0,Optimal
UNI1191,East,Undergraduate,15706.33,2382.4,373820.36,53.9,99.57,5.56,0.47,80.9,87.76,91.16,80.33,12.35,99.04,Optimal
UNI1192,West,Undergraduate,13790.9,2106.66,375884.16,39.11,97.34,2.23,0.49,54.75,30.58,52.0,67.49,10.28,97.55,Optimal
UNI1193,Central,Undergraduate,17300.88,2077.99,242790.94,30.82,98.27,4.65,0.36,117.27,100.0,85.76,85.97,14.84,97.69,Optimal
UNI1194,East,Undergraduate,29711.41,2617.72,391002.17,44.3,98.11,3.64,0.94,94.1,67.63,59.99,64.84,9.65,98.01,Optimal
UNI1195,East,Undergraduate,29093.72,3128.8,460839.04,78.19,99.29,4.57,1.17,78.68,76.39,19.98,93.58,2.83,100.0,Optimal
UNI1196,East,Undergraduate,6011.56,1911.95,426084.63,65.19,98.06,6.05,0.52,108.85,77.09,69.66,41.92,11.46,99.49,Optimal
UNI1197,Central,Vocational,23842.58,315.0,184987.64,31.81,99.42,1.47,0.49,47.28,30.65,55.38,64.61,7.16,99.31,Suboptimal
UNI1198,East,Undergraduate,19010.2,1425.11,16474.64,60.78,96.88,1.42,0.38,56.57,77.6,62.37,70.86,14.1,98.41,Optimal
UNI1199,West,Undergraduate,15452.32,2325.56,252516.7,35.91,95.49,3.55,0.81,74.88,57.81,73.6,74.85,13.9,96.87,Suboptimal
UNI1200,West,Vocational,6000.86,365.42,96158.57,39.62,98.46,2.48,0.44,30.29,46.52,36.03,44.1,15.67,97.91,Suboptimal
UNI1201,Central,Vocational,9943.31,1095.18,74514.15,46.94,100.0,5.86,0.37,14.16,63.47,76.3,72.32,10.51,100.0,Optimal
UNI1202,Central,Vocational,23596.62,1526.74,69773.49,46.77,99.66,1.71,0.46,5.0,99.68,93.72,80.29,15.48,97.56,Optimal
UNI1203,East,Vocational,6319.24,1362.66,178809.42,36.84,98.16,0.67,0.27,34.33,44.19,66.06,62.63,6.4,98.09,Suboptimal
UNI1204,East,Undergraduate,10309.48,3726.62,216232.98,66.67,100.0,3.29,1.16,82.37,76.63,84.89,48.86,15.41,99.18,Optimal
UNI1205,Central,Undergraduate,23482.56,527.89,231299.55,77.77,99.99,3.02,0.29,75.6,64.81,89.0,98.41,8.16,98.72,Optimal
UNI1206,East,Undergraduate,35861.32,987.17,227231.57,70.35,99.88,3.82,0.63,48.56,88.54,47.03,82.93,15.98,100.0,Optimal
UNI1207,East,Undergraduate,22118.22,1726.43,120266.77,48.35,95.47,2.54,0.71,45.97,95.12,65.09,64.47,4.96,99.08,Optimal
UNI1208,East,Undergraduate,19775.71,3110.15,237414.25,69.74,100.0,4.99,1.02,113.05,59.66,52.69,72.67,14.29,98.31,Optimal
UNI1209,East,Vocational,9533.9,1370.49,10000.0,77.13,98.24,6.02,0.58,50.03,66.93,41.85,88.9,15.99,100.0,Optimal
UNI1210,East,Vocational,3000.0,200.0,10000.0,38.86,95.17,1.45,0.49,30.78,56.32,51.72,54.43,2.63,96.92,Suboptimal
UNI1211,Central,Vocational,20212.28,1263.86,152772.02,52.54,96.44,4.09,0.16,55.27,80.77,87.17,54.45,4.59,96.9,Optimal
UNI1212,West,Vocational,8254.01,1875.03,78267.9,21.19,100.0,5.88,0.39,92.89,63.48,53.1,79.97,12.3,99.21,Suboptimal
UNI1213,Central,Vocational,3000.0,200.0,10000.0,32.87,97.12,0.69,0.34,30.06,58.41,10.71,55.17,5.04,95.9,Suboptimal
UNI1214,West,Undergraduate,23579.52,2849.49,130728.45,51.76,96.99,1.13,0.12,52.58,68.99,46.18,63.29,11.29,98.4,Optimal
UNI1215,East,Undergraduate,23130.22,2195.18,215994.83,48.97,97.77,3.15,0.45,90.66,100.0,73.03,88.22,9.52,99.33,Optimal
UNI1216,West,Undergraduate,22260.38,3829.4,268803.52,62.58,99.44,4.32,0.8,90.8,66.37,82.19,100.0,16.06,99.45,Optimal
UNI1217,Central,Vocational,3000.0,905.82,46364.69,29.11,97.22,1.43,0.41,17.29,64.54,20.99,49.66,10.23,96.49,Suboptimal
UNI1218,East,Undergraduate,21993.44,2488.58,192559.23,62.29,100.0,3.64,0.77,78.15,76.58,48.76,84.7,8.81,99.06,Optimal
UNI1219,West,Undergraduate,29942.69,3309.29,411976.82,59.4,97.41,5.48,1.18,141.64,100.0,98.91,100.0,22.24,98.14,Optimal
UNI1220,East,Vocational,19633.38,740.5,10000.0,53.44,100.0,1.41,0.24,5.0,70.43,72.78,66.77,8.34,98.57,Optimal
UNI1221,East,Vocational,7089.26,370.86,10000.0,40.32,96.04,2.57,0.59,38.5,61.53,47.77,68.06,7.33,97.43,Suboptimal
UNI1222,East,Undergraduate,16911.96,2949.48,172809.88,48.31,98.88,3.34,0.22,31.7,62.66,62.6,71.09,13.39,97.31,Optimal
UNI1223,East,Vocational,6438.68,207.48,244056.33,37.11,97.09,2.02,0.61,50.53,83.89,87.18,90.31,18.82,96.09,Optimal
UNI1224,East,Vocational,11214.13,2285.33,169237.46,61.97,98.02,4.12,0.96,57.53,82.03,37.69,60.37,3.34,98.95,Optimal
UNI1225,Central,Vocational,6680.16,1404.2,141977.31,46.12,98.83,4.08,0.8,64.88,27.59,61.19,66.46,7.71,97.55,Suboptimal
UNI1226,West,Undergraduate,21067.83,482.55,86498.03,41.31,97.42,0.53,0.72,54.76,89.72,46.16,68.6,12.31,97.83,Suboptimal
UNI1227,East,Undergraduate,25632.92,3924.42,175395.7,20.79,96.73,5.7,0.6,108.49,100.0,70.58,86.7,4.21,98.37,Optimal
UNI1228,Central,Vocational,6152.17,2603.66,27189.97,57.01,100.0,1.82,0.75,69.73,26.87,36.89,64.32,13.43,100.0,Suboptimal
UNI1229,East,Vocational,11734.11,200.0,10000.0,36.86,99.76,0.63,0.18,18.64,76.88,52.14,72.48,14.6,99.8,Optimal
UNI1230,West,Vocational,22597.08,218.76,95451.39,52.29,100.0,1.86,0.35,39.59,81.71,56.33,64.38,6.85,98.35,Optimal
UNI1231,East,Undergraduate,31810.7,3050.88,319337.89,55.11,99.0,4.78,1.06,76.54,73.61,70.44,85.31,8.12,95.94,Optimal
UNI1232,East,Undergraduate,35591.47,2573.27,247656.4,74.23,98.57,4.65,0.5,65.84,100.0,86.25,94.45,21.52,97.38,Optimal
UNI1233,Central,Vocational,3000.0,1200.95,10000.0,51.99,94.22,2.19,0.05,5.0,60.49,64.49,59.94,1.0,96.81,Suboptimal
UNI1234,Central,Vocational,19021.96,1818.3,104470.58,30.99,98.42,2.1,0.85,63.06,36.82,75.74,83.59,15.81,96.72,Suboptimal
UNI1235,West,Undergraduate,20068.91,2576.65,185403.97,37.19,98.76,4.09,0.83,73.3,98.78,74.26,73.5,19.42,97.93,Optimal
UNI1236,Central,Undergraduate,30940.26,4007.0,209251.13,63.23,99.09,3.42,0.66,26.67,86.19,61.43,82.61,11.74,99.24,Optimal
UNI1237,West,Vocational,17492.48,781.11,10000.0,48.37,94.19,1.79,0.17,27.63,63.62,21.33,71.01,3.19,98.21,Suboptimal
UNI1238,East,Vocational,11291.89,1850.25,483390.75,45.37,100.0,4.72,0.34,62.13,53.93,46.82,85.83,14.75,100.0,Suboptimal
UNI1239,East,Undergraduate,22328.07,2142.14,382234.35,50.71,96.69,3.69,0.82,78.56,52.68,82.96,94.22,14.66,97.73,Optimal
UNI1240,East,Vocational,22845.93,1829.01,95317.63,58.95,100.0,2.39,0.33,33.14,62.78,51.55,63.56,6.52,98.57,Optimal
UNI1241,East,Vocational,10526.48,200.0,199092.5,28.74,100.0,0.51,0.43,28.24,82.66,30.45,58.73,9.87,100.0,Suboptimal
UNI1242,East,Vocational,7327.45,601.2,206875.25,28.98,97.65,3.81,0.47,94.91,72.6,61.45,67.67,5.15,98.39,Optimal
UNI1243,Central,Vocational,3000.0,200.0,10000.0,28.28,98.06,2.23,0.05,55.79,52.44,58.89,41.17,13.09,98.09,Suboptimal
UNI1244,East,Vocational,13051.99,1164.72,60037.34,36.74,97.86,0.5,0.57,52.78,44.64,59.33,56.49,18.3,99.22,Suboptimal
UNI1245,Central,Vocational,19003.65,305.94,25505.77,63.33,100.0,3.09,0.37,32.04,100.0,52.6,78.22,6.49,100.0,Optimal
UNI1246,Central,Undergraduate,15656.84,1176.54,295095.62,53.62,98.96,3.65,0.74,97.84,65.18,54.78,82.66,12.51,98.63,Optimal
UNI1247,Central,Vocational,8887.78,1346.6,10000.0,45.21,97.7,1.1,0.28,31.84,83.45,75.21,46.67,9.71,99.94,Suboptimal
UNI1248,Central,Vocational,8590.6,200.0,10000.0,65.36,96.38,0.68,0.27,37.83,47.31,55.98,39.35,5.0,97.66,Suboptimal
UNI1249,East,Undergraduate,33130.65,5086.19,357418.13,70.75,100.0,4.88,1.1,121.06,100.0,83.67,91.31,13.32,100.0,Suboptimal
UNI1250,East,Vocational,18957.96,1472.36,228407.03,49.48,100.0,2.27,0.62,50.29,63.59,91.93,83.27,7.14,98.56,Optimal
UNI1251,Central,Vocational,3000.0,1876.53,10000.0,47.21,98.99,1.92,0.57,57.84,47.01,68.22,68.67,14.22,97.9,Suboptimal
UNI1252,Central,Undergraduate,24599.85,1468.46,39699.19,56.97,97.88,3.86,0.37,34.23,50.82,58.0,60.01,8.55,98.12,Suboptimal
UNI1253,East,Vocational,8200.67,1469.15,10000.0,44.28,99.23,2.6,0.75,28.17,40.77,24.91,62.11,6.06,98.67,Suboptimal
UNI1254,East,Vocational,5355.24,1659.43,22569.27,69.83,97.56,5.63,0.39,27.2,63.88,43.33,75.62,7.65,98.13,Suboptimal
UNI1255,Central,Vocational,3000.0,1043.66,109381.56,42.52,97.86,3.04,0.36,20.18,64.18,68.98,57.51,7.6,96.35,Suboptimal
UNI1256,Central,Undergraduate,27627.37,2072.92,145520.07,30.11,99.11,2.94,0.77,5.0,100.0,40.15,88.39,9.0,99.22,Suboptimal
UNI1257,East,Vocational,22510.85,3106.48,88006.39,57.75,100.0,2.24,0.51,55.5,52.11,53.53,54.65,9.18,99.65,Optimal
UNI1258,East,Vocational,6392.54,639.76,186729.38,27.02,100.0,2.57,0.66,52.38,39.33,49.98,65.45,8.72,97.32,Suboptimal
UNI1259,West,Undergraduate,23991.3,3323.03,432227.79,66.6,98.48,4.37,0.85,110.38,74.13,60.18,64.65,9.89,100.0,Optimal
UNI1260,East,Vocational,13566.19,449.55,20050.95,49.66,96.7,2.89,0.28,5.0,43.15,49.02,65.06,4.32,97.82,Suboptimal
UNI1261,West,Vocational,6737.97,200.0,10000.0,15.5,95.53,1.01,0.33,16.12,35.64,60.47,68.38,6.77,97.25,Suboptimal
UNI1262,East,Vocational,18664.57,820.3,24732.73,76.27,98.99,3.07,0.54,35.84,91.93,61.92,72.84,17.67,98.17,Optimal
UNI1263,Central,Vocational,11588.28,200.0,95376.6,61.49,98.0,2.62,0.05,43.6,66.78,73.73,75.74,11.66,98.06,Optimal
UNI1264,East,Vocational,20677.83,1305.9,37224.94,51.27,95.52,3.32,0.66,40.29,71.47,72.47,90.57,4.47,100.0,Optimal
UNI1265,East,Vocational,15623.29,266.68,81133.64,34.03,96.32,0.5,0.05,5.0,32.71,52.57,50.1,12.71,97.05,Suboptimal
UNI1266,West,Undergraduate,16306.69,1146.28,288993.23,65.56,98.79,2.27,0.82,31.11,44.65,33.09,69.99,8.48,98.93,Suboptimal
UNI1267,Central,Undergraduate,27225.89,3463.79,187850.47,24.09,97.76,5.76,1.23,74.77,54.26,67.73,91.22,13.57,96.68,Optimal
UNI1268,West,Vocational,18248.93,1202.6,26255.51,57.09,98.93,2.73,0.93,43.09,67.3,95.08,66.44,18.82,98.45,Optimal
UNI1269,East,Vocational,19124.69,1404.78,206932.82,66.28,97.12,4.17,0.73,59.55,77.93,59.02,87.12,14.02,98.55,Optimal
UNI1270,West,Undergraduate,42173.64,2259.7,121458.74,60.52,100.0,2.59,0.37,23.64,78.74,94.69,74.91,15.14,99.95,Optimal
UNI1271,West,Undergraduate,28659.86,1816.33,173843.27,55.97,98.42,3.59,0.47,40.5,56.26,32.1,85.37,12.07,97.92,Suboptimal
UNI1272,Central,Undergraduate,35770.98,3329.63,302025.23,60.94,99.04,2.63,0.69,99.33,71.32,64.89,48.59,19.36,97.99,Optimal
UNI1273,East,Undergraduate,15784.18,3011.34,387943.03,46.8,95.46,4.1,1.21,104.25,66.13,54.07,90.39,9.81,99.72,Optimal
UNI1274,Central,Vocational,32219.16,1291.88,113649.05,43.27,98.75,1.75,0.8,27.76,74.13,78.22,55.62,8.83,100.0,Optimal
UNI1275,Central,Undergraduate,10634.3,200.0,365372.6,47.64,97.21,2.91,0.49,62.58,55.08,57.8,67.81,13.59,97.69,Suboptimal
UNI1276,West,Vocational,14112.96,838.48,171417.72,44.39,99.31,3.01,0.75,33.45,56.79,85.8,61.18,16.48,99.79,Optimal
UNI1277,East,Undergraduate,3000.0,200.0,19932.61,32.43,98.28,1.05,0.36,48.39,52.32,53.75,88.03,15.54,97.45,Suboptimal
UNI1278,East,Undergraduate,21541.93,3310.06,515726.97,53.78,99.17,4.99,0.59,72.83,78.19,81.72,85.19,18.49,99.97,Optimal
UNI1279,East,Undergraduate,9361.2,4189.17,506735.75,42.82,98.01,5.88,0.54,87.69,85.82,82.26,85.14,10.54,98.13,Suboptimal
UNI1280,Central,Undergraduate,24738.69,3220.97,309670.96,42.16,99.64,3.88,0.77,72.9,64.41,100.0,96.5,15.13,99.25,Optimal
UNI1281,West,Vocational,10518.31,1329.87,152925.57,58.22,98.76,2.79,0.43,61.52,74.72,59.03,91.01,15.71,100.0,Optimal
UNI1282,East,Vocational,26882.87,448.43,10000.0,58.17,97.2,1.25,0.22,5.0,66.13,33.24,47.19,10.89,98.1,Suboptimal
UNI1283,Central,Undergraduate,22242.37,200.0,10000.0,50.99,98.68,3.6,0.38,30.3,50.57,32.43,45.81,11.31,100.0,Suboptimal
UNI1284,West,Vocational,40252.25,1908.12,216992.75,52.5,100.0,4.09,0.89,71.8,49.39,71.19,54.46,14.19,100.0,Optimal
UNI1285,East,Undergraduate,11363.2,538.91,299217.55,57.44,98.85,4.04,0.69,60.15,36.42,45.65,88.94,1.7,98.52,Suboptimal
UNI1286,East,Vocational,26612.22,575.66,116028.77,63.95,99.47,2.72,0.11,36.19,90.89,86.43,71.2,6.44,98.94,Optimal
UNI1287,Central,Undergraduate,5212.71,3549.22,415178.2,77.49,97.52,5.34,0.89,82.64,72.39,49.59,61.66,5.05,99.7,Optimal
UNI1288,Central,Vocational,14184.19,2587.5,318678.2,64.33,99.04,3.81,0.61,40.35,81.96,79.22,84.66,12.92,100.0,Optimal
UNI1289,East,Undergraduate,14451.6,2691.89,234999.18,39.91,98.69,2.92,0.78,56.02,100.0,93.19,65.39,18.34,98.7,Optimal
UNI1290,West,Vocational,3000.0,405.93,154413.26,39.07,97.18,1.06,0.59,49.62,80.66,67.29,69.55,19.67,95.63,Suboptimal
UNI1291,Central,Undergraduate,24536.5,1729.22,422417.6,70.56,100.0,4.12,0.99,79.8,83.47,80.93,81.3,19.11,99.78,Optimal
UNI1292,West,Vocational,3000.0,677.0,28893.59,24.26,96.35,1.39,0.38,41.29,46.18,60.18,79.38,6.28,98.09,Suboptimal
UNI1293,West,Undergraduate,5918.56,2541.33,149166.62,48.83,100.0,4.56,0.56,86.2,88.86,61.8,44.53,4.49,97.4,Optimal
UNI1294,West,Vocational,3281.72,1301.48,107559.0,59.77,95.67,1.96,0.69,58.26,57.46,45.34,79.79,6.09,96.91,Suboptimal
UNI1295,Central,Vocational,13577.26,200.0,10000.0,61.46,99.3,2.49,0.2,18.72,79.75,65.35,100.0,16.28,97.24,Optimal
UNI1296,East,Vocational,32196.94,2342.66,282647.19,53.18,99.22,5.51,0.64,72.27,68.68,75.46,46.99,15.17,100.0,Optimal
UNI1297,Central,Undergraduate,33683.62,1177.18,364192.48,73.07,100.0,5.75,0.74,108.22,72.26,65.13,73.77,15.93,100.0,Optimal
UNI1298,East,Vocational,14815.5,2023.0,160509.07,42.35,98.89,4.41,0.3,62.63,83.16,38.12,82.0,11.82,98.04,Suboptimal
UNI1299,Central,Undergraduate,7468.43,1139.37,203228.17,29.74,98.02,4.15,0.45,64.87,87.26,67.22,93.05,14.18,97.66,Optimal
UNI1300,East,Vocational,3446.51,200.0,88612.65,16.31,98.92,2.86,0.41,7.4,46.74,73.0,29.72,15.18,98.44,Suboptimal
UNI1301,Central,Undergraduate,29304.71,2546.89,10000.0,62.46,98.56,3.22,0.6,54.79,69.67,60.36,76.07,4.18,99.55,Optimal
UNI1302,East,Vocational,15684.15,1563.13,274932.33,49.82,95.87,5.47,0.51,46.27,68.9,46.65,60.29,12.19,98.61,Suboptimal
UNI1303,East,Undergraduate,12714.34,2630.7,231325.35,29.72,99.04,6.02,0.99,52.43,62.38,42.55,70.47,14.19,98.95,Optimal
UNI1304,East,Vocational,19726.91,2769.17,44388.74,52.09,98.83,3.9,0.64,59.5,97.18,61.79,100.0,12.51,99.6,Optimal
UNI1305,Central,Undergraduate,18198.82,3780.35,506029.81,70.2,98.05,6.58,0.97,101.15,66.61,42.16,66.67,10.1,99.77,Optimal
UNI1306,West,Vocational,17431.86,1510.02,319151.8,61.6,100.0,5.45,0.71,27.65,100.0,82.78,86.88,17.32,99.59,Optimal
UNI1307,East,Undergraduate,29244.48,3279.94,347984.69,63.92,100.0,3.34,0.86,81.19,54.88,70.21,75.57,11.47,100.0,Optimal
UNI1308,West,Undergraduate,27629.59,2669.15,398202.26,73.21,98.68,4.69,0.86,87.25,100.0,86.45,99.44,16.49,100.0,Optimal
UNI1309,West,Vocational,3000.0,2482.97,46179.53,34.07,97.1,5.43,1.21,51.99,52.94,48.59,75.14,7.69,97.62,Suboptimal
UNI1310,East,Undergraduate,13762.75,1623.13,127378.72,29.85,99.62,3.37,0.1,82.94,58.33,85.1,82.01,18.86,100.0,Optimal
UNI1311,Central,Vocational,17068.11,2291.76,348536.8,56.23,100.0,4.38,0.57,79.48,89.91,60.44,66.85,12.09,100.0,Optimal
UNI1312,East,Vocational,13130.63,200.0,10000.0,47.68,100.0,4.07,0.12,5.0,58.48,45.04,66.08,10.53,97.56,Suboptimal
UNI1313,East,Undergraduate,16991.69,1493.9,42768.79,24.99,96.38,3.03,0.51,24.71,87.77,37.96,56.32,8.35,96.01,Suboptimal
UNI1314,Central,Vocational,12533.63,1112.23,123215.93,61.44,98.72,4.08,0.59,40.1,70.34,55.25,43.08,8.9,97.93,Suboptimal
UNI1315,East,Vocational,14503.81,585.33,153676.65,46.06,97.13,3.97,0.47,53.98,51.81,63.82,51.74,9.85,98.81,Suboptimal
UNI1316,West,Undergraduate,29497.83,1493.22,231425.45,49.87,98.82,3.55,0.71,81.06,64.34,64.07,72.11,9.32,100.0,Suboptimal
UNI1317,West,Vocational,7306.94,1027.64,10000.0,42.78,99.81,3.23,0.48,68.55,59.88,71.01,59.35,6.24,98.99,Suboptimal
UNI1318,West,Vocational,3000.0,671.8,10000.0,49.5,96.96,3.99,0.61,69.27,55.26,74.03,81.64,1.0,98.28,Suboptimal
UNI1319,Central,Vocational,4328.37,200.0,161291.47,36.4,98.93,4.33,0.71,27.28,56.5,28.5,75.88,6.01,100.0,Suboptimal
UNI1320,Central,Undergraduate,4788.9,2061.16,138879.28,46.7,94.88,3.31,0.2,95.88,76.68,67.92,78.79,19.15,96.13,Optimal
UNI1321,West,Undergraduate,16280.12,3462.3,381214.02,73.2,100.0,6.52,1.3,126.35,79.53,62.44,98.01,10.53,98.86,Optimal
UNI1322,East,Vocational,19189.82,1265.15,10000.0,60.62,98.15,4.6,0.23,22.24,62.51,86.9,73.79,10.05,98.38,Optimal
UNI1323,East,Vocational,21334.83,724.51,152772.03,51.82,100.0,2.33,0.44,5.0,79.39,60.96,68.35,4.25,97.91,Suboptimal
UNI1324,Central,Vocational,14889.7,200.0,10000.0,39.02,94.95,0.5,0.15,15.47,24.29,12.81,35.8,12.37,94.55,Suboptimal
UNI1325,East,Vocational,3526.64,357.64,89156.96,34.59,96.91,1.51,0.39,5.0,64.88,64.46,74.23,8.73,99.88,Suboptimal
UNI1326,East,Vocational,26446.6,640.2,73510.1,80.6,100.0,1.42,0.09,13.24,54.91,63.81,85.52,8.6,98.46,Optimal
UNI1327,East,Vocational,15890.73,1627.96,10000.0,35.98,96.16,2.29,0.69,24.37,33.94,59.47,49.2,6.58,97.41,Suboptimal
UNI1328,Central,Undergraduate,21306.95,2685.13,173265.68,72.49,96.67,3.26,0.45,86.45,62.86,57.88,52.9,24.11,99.63,Optimal
UNI1329,East,Vocational,14677.7,1824.69,16551.19,40.18,96.94,3.75,0.58,60.24,57.29,66.0,54.08,13.02,97.42,Suboptimal
UNI1330,East,Vocational,32414.98,3073.53,173601.61,70.88,100.0,4.43,0.51,73.17,66.13,59.96,94.12,11.27,99.71,Optimal
UNI1331,East,Vocational,10809.23,1902.42,36801.27,51.09,99.54,4.04,0.41,23.69,91.83,71.87,87.32,4.19,98.73,Optimal
UNI1332,East,Vocational,9341.21,1890.06,98432.68,31.8,97.16,1.44,0.85,5.0,70.72,62.24,84.02,15.99,98.12,Suboptimal
UNI1333,West,Undergraduate,21388.01,3815.09,385210.27,51.98,98.61,3.91,1.33,94.89,65.26,67.41,73.68,8.38,98.16,Optimal
UNI1334,East,Undergraduate,3000.0,1518.63,117584.25,43.63,98.41,4.15,0.36,81.07,89.91,76.28,62.55,6.17,98.65,Optimal
UNI1335,Central,Undergraduate,21642.78,3220.38,300328.28,68.9,100.0,5.41,0.66,77.35,58.19,57.38,94.76,5.74,98.33,Optimal
UNI1336,West,Undergraduate,14791.84,3342.94,330438.04,31.45,98.23,5.32,0.61,103.92,49.3,81.66,74.6,20.24,98.82,Optimal
UNI1337,East,Vocational,4318.66,2477.94,55196.82,41.6,99.42,2.95,1.12,27.54,54.34,34.58,58.64,8.68,98.96,Suboptimal
UNI1338,West,Vocational,17068.8,200.0,32688.75,64.96,100.0,3.6,0.37,18.25,60.01,75.12,67.86,1.94,100.0,Optimal
UNI1339,Central,Vocational,4920.73,1946.81,196764.83,36.65,100.0,1.71,0.86,47.96,13.43,43.92,60.3,8.71,99.81,Optimal
UNI1340,Central,Undergraduate,23673.77,2505.72,268013.39,65.19,96.23,5.08,0.81,69.96,79.82,69.22,75.33,4.89,97.37,Optimal
UNI1341,East,Undergraduate,26126.14,4249.53,379773.1,44.43,97.9,3.1,0.58,102.42,55.57,54.05,66.6,8.79,100.0,Optimal
UNI1342,East,Vocational,12579.63,200.0,10000.0,40.53,98.56,2.35,0.05,30.55,42.62,55.86,68.54,7.2,98.88,Optimal
UNI1343,West,Undergraduate,15379.32,1069.52,137623.41,44.95,98.71,4.22,0.37,82.27,62.69,82.81,70.28,6.13,97.11,Optimal
UNI1344,West,Undergraduate,14557.85,1241.79,177046.16,81.58,98.61,5.38,1.33,96.85,86.38,35.53,54.89,12.31,98.09,Suboptimal
UNI1345,West,Vocational,12629.92,200.0,10000.0,30.07,98.09,0.5,0.15,5.0,88.03,60.83,64.72,13.35,95.49,Suboptimal
UNI1346,West,Vocational,14126.5,3003.24,137132.83,26.17,98.93,2.84,0.8,41.08,63.19,79.23,64.0,7.28,98.31,Suboptimal
UNI1347,East,Undergraduate,17003.8,2511.8,182227.23,28.59,97.36,5.05,0.45,93.3,55.48,99.55,81.05,3.95,98.36,Optimal
UNI1348,West,Undergraduate,32074.91,2332.0,299403.01,78.98,100.0,4.58,0.61,72.44,93.48,85.98,80.67,18.98,98.45,Optimal
UNI1349,Central,Undergraduate,11452.77,2256.92,313078.62,30.82,99.05,3.49,0.74,66.15,72.93,23.67,51.42,9.32,99.99,Suboptimal
UNI1350,West,Undergraduate,13001.26,1675.88,116238.39,74.68,97.73,0.56,0.29,73.88,80.31,60.71,58.88,10.74,96.77,Optimal
UNI1351,East,Undergraduate,23708.04,2096.42,115551.61,49.13,97.48,4.51,0.54,67.54,60.89,61.87,76.68,14.26,97.29,Optimal
UNI1352,East,Undergraduate,23194.28,2279.01,132479.52,50.29,96.22,4.96,0.4,75.28,82.86,96.46,94.35,6.83,96.72,Optimal
UNI1353,West,Undergraduate,21701.01,1336.27,45030.03,66.55,99.78,3.6,0.79,53.29,72.68,66.89,67.7,12.12,100.0,Optimal
UNI1354,West,Vocational,17491.26,551.75,244576.48,40.35,98.82,2.69,0.47,59.08,72.97,32.65,55.94,11.63,100.0,Suboptimal
UNI1355,Central,Undergraduate,30984.32,2693.74,181495.18,58.45,100.0,4.17,0.8,50.21,96.8,86.19,86.66,12.47,98.67,Optimal
UNI1356,East,Undergraduate,31570.02,2777.37,133714.92,44.81,99.0,5.17,0.82,80.12,87.9,66.37,69.26,2.93,97.59,Optimal
UNI1357,East,Undergraduate,19136.65,4169.75,247137.54,75.32,98.34,5.42,0.9,90.37,98.83,62.75,96.35,11.04,97.83,Optimal
UNI1358,West,Vocational,3000.0,1022.02,27833.91,31.97,98.07,2.41,0.65,57.25,94.84,73.72,67.42,9.44,99.02,Optimal
UNI1359,East,Undergraduate,8434.61,2518.17,173000.71,55.59,100.0,4.22,0.55,94.04,83.96,53.97,60.38,3.65,97.6,Optimal
UNI1360,East,Undergraduate,22488.42,2637.33,358214.22,49.09,97.02,3.49,0.77,71.08,68.86,66.97,93.31,15.12,98.78,Optimal
UNI1361,Central,Undergraduate,25557.52,1166.02,41053.98,38.84,96.42,2.87,0.05,91.52,77.08,38.83,54.25,6.36,97.81,Optimal
UNI1362,East,Undergraduate,19954.87,1019.04,10000.0,57.87,99.44,0.69,0.29,52.97,52.23,61.54,64.2,9.01,99.02,Optimal
UNI1363,Central,Undergraduate,11673.03,1168.31,171547.58,82.97,96.62,2.94,0.92,68.28,98.45,70.86,78.17,13.57,96.08,Optimal
UNI1364,East,Vocational,7557.25,200.0,31563.52,45.67,99.31,3.69,0.5,15.43,76.35,58.63,100.0,16.09,97.38,Optimal
UNI1365,West,Undergraduate,21175.77,2709.13,238334.27,52.13,99.26,5.17,0.86,88.27,87.79,85.79,78.79,19.24,97.99,Optimal
UNI1366,West,Undergraduate,22237.18,3496.77,351564.66,52.16,99.17,5.52,0.62,68.64,88.87,63.72,56.79,9.13,98.22,Optimal
UNI1367,West,Vocational,3000.0,200.0,10000.0,16.95,97.48,1.19,0.05,10.87,54.01,34.44,71.25,1.0,97.98,Suboptimal
UNI1368,Central,Vocational,19410.92,1099.95,61303.95,43.1,98.36,2.8,0.36,34.15,46.1,71.77,82.02,9.9,98.86,Optimal
UNI1369,East,Undergraduate,21400.16,1067.53,16621.19,80.09,96.96,4.13,0.46,75.84,53.04,46.33,72.56,10.64,100.0,Optimal
UNI1370,Central,Undergraduate,34285.02,1079.74,30395.3,51.61,97.86,4.22,1.01,52.48,67.18,29.55,59.73,3.8,96.52,Optimal
UNI1371,West,Vocational,4635.1,3098.5,91222.26,58.59,96.27,5.43,0.87,117.42,79.06,50.44,85.86,12.64,99.4,Optimal
UNI1372,Central,Vocational,22865.19,200.0,10000.0,33.74,97.49,1.86,0.44,6.94,67.6,35.22,56.92,10.36,97.89,Suboptimal
UNI1373,Central,Undergraduate,35640.94,1342.51,278877.53,60.49,100.0,3.14,0.72,83.17,80.25,52.12,64.53,12.0,100.0,Optimal
UNI1374,Central,Undergraduate,19961.51,3089.35,150967.95,61.03,100.0,4.4,1.05,99.8,52.27,42.5,100.0,12.17,99.01,Optimal
UNI1375,Central,Undergraduate,27857.52,2895.08,253423.36,62.78,100.0,3.36,0.51,98.7,100.0,90.21,67.17,17.83,99.71,Optimal
UNI1376,Central,Undergraduate,12193.7,2294.49,165364.09,56.6,97.49,1.59,0.1,53.28,66.45,45.7,86.71,9.29,98.81,Optimal
UNI1377,East,Vocational,4343.28,2561.48,93366.31,51.45,97.13,3.53,0.66,46.66,79.47,61.62,87.49,12.26,98.93,Optimal
UNI1378,Central,Vocational,9561.81,200.0,73443.27,48.3,98.87,2.72,0.36,17.13,87.8,78.91,71.41,13.2,98.07,Optimal
UNI1379,Central,Vocational,6894.38,617.94,72231.44,35.22,100.0,3.36,0.21,81.37,56.71,81.93,63.09,7.79,98.73,Suboptimal
UNI1380,East,Undergraduate,5042.23,3548.24,183209.55,61.25,99.89,4.27,0.22,64.64,72.92,60.08,81.46,13.8,99.86,Optimal
UNI1381,West,Vocational,22306.9,789.98,99194.96,32.19,95.84,0.5,0.42,13.75,57.22,42.21,74.6,10.63,98.93,Suboptimal
UNI1382,Central,Undergraduate,24728.33,3034.49,231455.85,60.47,99.46,3.49,0.61,67.03,68.51,68.9,78.84,16.21,99.54,Optimal
UNI1383,East,Undergraduate,21577.97,1723.48,372061.16,72.9,99.79,3.35,0.75,58.08,92.33,100.0,70.06,8.73,100.0,Optimal
UNI1384,West,Undergraduate,13238.3,3093.04,206470.79,36.59,99.23,3.8,0.61,46.89,43.94,53.0,61.91,1.48,98.87,Suboptimal
UNI1385,Central,Undergraduate,24831.39,3237.22,286485.4,44.39,100.0,2.66,0.78,99.53,58.29,60.85,42.89,7.05,98.49,Suboptimal
UNI1386,West,Undergraduate,27572.41,2879.58,289374.77,60.13,99.72,3.44,0.69,75.21,78.65,100.0,72.0,14.94,100.0,Optimal
UNI1387,East,Undergraduate,27815.28,1886.74,275953.97,71.4,100.0,3.42,0.69,62.34,100.0,87.14,84.99,16.76,99.65,Optimal
UNI1388,West,Vocational,7732.86,1258.56,76976.66,54.36,99.11,4.45,0.67,26.44,42.4,63.78,56.3,5.05,97.62,Suboptimal
UNI1389,East,Undergraduate,22696.31,2934.88,176576.38,40.47,96.36,3.22,0.44,66.84,80.97,71.02,56.36,11.94,98.54,Optimal
UNI1390,Central,Vocational,19407.0,200.0,177499.18,77.31,100.0,3.35,0.25,27.69,88.15,62.91,67.06,1.0,97.65,Optimal
UNI1391,East,Vocational,11827.84,200.0,10000.0,37.34,98.98,0.5,0.12,5.0,43.09,35.5,66.35,11.02,99.86,Optimal
UNI1392,Central,Vocational,10272.92,397.88,184531.21,41.65,97.19,2.81,0.61,22.87,68.43,43.79,65.82,17.85,99.31,Suboptimal
UNI1393,Central,Vocational,14108.2,200.0,10000.0,36.26,100.0,2.79,0.08,36.64,37.0,37.18,26.53,3.98,96.87,Suboptimal
UNI1394,Central,Undergraduate,23758.04,2408.99,148113.53,86.4,100.0,3.84,0.73,67.23,33.14,69.99,67.38,9.89,100.0,Optimal
UNI1395,Central,Vocational,12136.59,532.59,10000.0,32.11,98.4,0.5,0.05,11.03,45.41,63.97,83.68,15.75,98.27,Optimal
UNI1396,West,Undergraduate,22926.92,2211.77,267413.76,38.57,100.0,1.51,0.57,62.96,60.74,83.62,77.56,11.03,100.0,Optimal
UNI1397,Central,Undergraduate,24074.81,2492.92,215903.37,92.03,99.37,3.4,1.07,46.95,55.2,55.81,66.03,10.29,100.0,Optimal
UNI1398,East,Undergraduate,12552.7,1761.17,84857.83,48.27,97.6,3.71,0.56,99.07,70.84,77.6,72.04,21.07,99.86,Optimal
UNI1399,West,Vocational,11150.85,1589.33,245619.78,55.35,94.76,4.58,1.01,55.95,61.32,63.81,71.1,18.64,98.55,Optimal
UNI1400,Central,Vocational,4841.97,200.0,92233.54,53.8,98.74,1.28,0.37,30.38,39.68,49.64,62.86,3.45,98.34,Suboptimal
UNI1401,West,Undergraduate,15718.44,2874.71,319553.55,54.63,99.04,1.51,0.58,77.71,77.58,61.09,83.68,9.98,97.53,Optimal
UNI1402,West,Vocational,5640.75,508.26,71398.73,53.71,100.0,4.26,0.53,87.19,81.36,34.39,50.98,14.12,99.62,Optimal
UNI1403,West,Undergraduate,31169.96,2476.8,263134.8,63.71,98.11,4.71,0.88,114.41,100.0,74.18,84.76,17.12,97.12,Optimal
UNI1404,West,Undergraduate,24529.37,2352.5,314462.65,60.08,99.44,2.02,0.71,79.09,57.89,53.28,58.84,11.8,97.01,Optimal
UNI1405,Central,Vocational,18506.27,221.11,10000.0,34.7,98.79,0.5,0.05,8.04,61.38,59.26,56.76,1.0,97.39,Suboptimal
UNI1406,East,Vocational,6300.39,1045.82,10000.0,43.34,97.39,1.39,0.34,21.5,50.71,74.17,37.5,1.0,98.6,Suboptimal
UNI1407,Central,Vocational,11869.66,1214.96,19753.86,38.98,99.13,2.61,0.35,7.44,59.19,60.84,61.04,18.43,98.29,Suboptimal
UNI1408,West,Vocational,3000.0,200.0,10000.0,38.82,99.0,0.7,0.53,16.56,57.15,77.08,61.78,9.87,100.0,Suboptimal
UNI1409,Central,Vocational,21554.85,2050.68,164592.61,57.81,96.85,3.58,0.05,51.42,47.62,49.18,65.08,8.38,98.69,Suboptimal
UNI1410,West,Undergraduate,9328.75,2527.95,60062.22,59.52,99.16,2.46,0.64,82.02,53.64,82.28,73.96,6.22,97.2,Optimal
UNI1411,East,Undergraduate,11800.24,2254.18,274494.29,61.77,97.01,3.47,0.27,82.74,75.69,55.03,37.89,7.21,98.07,Optimal
UNI1412,East,Undergraduate,21930.56,2099.37,85874.95,60.59,95.82,5.49,0.58,47.63,43.6,30.88,68.15,9.39,97.92,Suboptimal
UNI1413,Central,Vocational,3000.0,200.0,10000.0,48.3,96.53,1.3,0.05,20.18,59.47,54.97,89.65,4.97,97.48,Suboptimal
UNI1414,East,Vocational,9053.92,2903.36,109139.03,62.75,99.01,3.17,0.14,64.0,75.93,77.36,51.59,5.93,100.0,Optimal
UNI1415,East,Undergraduate,35413.53,2387.42,344162.92,82.71,100.0,5.13,1.19,56.61,98.06,80.71,84.52,18.96,100.0,Optimal
UNI1416,East,Undergraduate,22276.46,1311.48,84252.47,54.12,98.0,3.04,0.05,55.42,70.84,54.46,81.31,13.25,99.44,Optimal
UNI1417,West,Vocational,5103.63,911.9,69258.63,62.62,99.7,3.8,0.52,87.39,46.2,62.39,80.47,9.11,98.21,Suboptimal
UNI1418,Central,Vocational,16568.04,1330.51,113419.03,42.6,100.0,2.69,0.82,50.81,48.56,54.07,82.01,15.26,99.46,Suboptimal
UNI1419,East,Vocational,15605.14,871.67,253233.3,80.69,100.0,2.84,0.87,5.0,48.23,54.08,60.08,7.95,100.0,Optimal
UNI1420,East,Vocational,20510.68,200.0,65859.0,40.74,97.83,1.84,0.05,18.12,63.69,77.57,37.21,1.0,98.41,Suboptimal
UNI1421,Central,Undergraduate,14459.02,2283.52,117594.88,45.06,96.29,2.16,0.3,15.89,68.33,57.99,61.12,16.88,96.1,Suboptimal
UNI1422,East,Vocational,3000.0,200.0,43778.68,50.52,98.95,5.2,0.76,30.81,62.35,72.39,78.99,17.19,99.73,Optimal
UNI1423,Central,Undergraduate,39935.11,3262.92,233752.29,73.66,100.0,4.87,1.02,57.87,51.25,66.95,61.13,8.62,99.06,Optimal
UNI1424,West,Vocational,10302.16,1566.09,41140.9,34.62,99.51,2.99,0.8,62.09,68.56,61.4,72.0,10.06,100.0,Suboptimal
UNI1425,East,Undergraduate,15461.68,1514.66,261255.43,54.2,96.2,4.56,1.14,80.51,39.34,37.11,59.77,10.99,97.25,Suboptimal
UNI1426,Central,Vocational,4377.8,839.38,10000.0,28.88,97.94,2.35,0.2,33.35,66.84,53.43,61.54,13.14,99.36,Suboptimal
UNI1427,East,Vocational,8611.76,844.19,10000.0,18.26,99.77,1.06,0.56,65.56,42.29,63.51,61.77,8.69,98.16,Suboptimal
UNI1428,East,Undergraduate,46896.1,1814.38,300394.73,81.7,97.57,6.31,0.73,75.68,66.23,82.27,67.99,22.01,100.0,Optimal
UNI1429,West,Vocational,9030.94,200.0,68509.89,60.92,98.85,2.8,0.05,42.94,76.44,40.59,65.15,3.73,95.87,Suboptimal
UNI1430,Central,Vocational,9170.14,1549.95,43846.34,38.58,100.0,0.5,0.48,87.29,78.12,57.22,69.95,8.93,100.0,Optimal
UNI1431,West,Undergraduate,18669.67,3479.5,427417.33,66.36,99.25,3.09,0.45,108.21,86.46,64.13,81.74,16.63,100.0,Optimal
UNI1432,East,Vocational,3000.0,680.1,10000.0,47.71,100.0,3.52,0.22,39.97,42.51,66.81,69.02,8.51,98.47,Suboptimal
UNI1433,East,Undergraduate,43497.32,3021.21,531949.41,74.24,100.0,3.57,0.66,88.85,76.61,88.94,99.02,24.78,100.0,Optimal
UNI1434,Central,Vocational,11879.85,297.9,128998.43,57.95,98.68,3.71,0.42,18.36,51.28,37.75,76.83,1.0,99.18,Suboptimal
UNI1435,Central,Undergraduate,11956.89,2372.4,227832.59,50.95,97.57,4.44,0.61,65.63,39.02,52.87,85.93,9.1,97.59,Suboptimal
UNI1436,West,Vocational,3000.0,200.0,114492.04,46.85,98.56,4.53,0.23,88.79,87.67,80.86,67.96,18.43,98.45,Optimal
UNI1437,East,Undergraduate,11795.71,1874.12,237858.46,24.68,97.66,2.87,0.75,33.32,58.93,84.0,79.27,5.87,98.38,Optimal
UNI1438,West,Vocational,15504.12,2070.59,231932.4,25.77,97.95,4.56,0.55,77.6,100.0,72.49,87.42,11.06,96.36,Optimal
UNI1439,West,Undergraduate,14470.71,2552.56,211545.66,72.45,97.83,4.52,0.66,94.65,64.88,90.56,71.93,11.51,99.64,Optimal
UNI1440,Central,Undergraduate,30261.25,3028.93,10000.0,63.98,97.04,2.87,0.28,27.97,57.82,62.84,45.48,6.95,99.12,Suboptimal
UNI1441,East,Undergraduate,18119.53,1272.4,423630.63,49.92,98.37,2.28,0.89,94.27,74.54,51.62,100.0,17.62,99.19,Optimal
UNI1442,Central,Vocational,14412.78,1214.14,281148.87,84.08,98.28,4.46,0.76,55.28,64.96,71.16,78.14,11.76,98.87,Optimal
UNI1443,East,Vocational,7364.15,1531.47,165307.17,66.62,97.66,1.54,0.47,25.79,80.03,66.53,91.93,13.02,97.84,Optimal
UNI1444,West,Vocational,19270.34,338.92,10000.0,42.11,94.0,2.79,0.05,26.51,54.88,15.53,50.69,3.87,96.46,Suboptimal
UNI1445,Central,Undergraduate,5382.81,499.9,267755.7,28.49,98.63,3.61,1.17,52.16,86.85,60.47,70.45,10.91,96.38,Suboptimal
UNI1446,West,Undergraduate,20263.04,2835.9,329522.46,61.59,100.0,4.5,1.17,75.18,78.75,72.91,52.78,10.36,100.0,Optimal
UNI1447,Central,Vocational,28402.57,1210.39,10000.0,51.59,100.0,0.5,0.82,31.61,88.5,90.66,75.88,19.65,99.69,Optimal
UNI1448,Central,Undergraduate,18176.0,1544.12,325871.63,49.09,100.0,3.88,0.8,82.93,66.48,48.51,93.47,7.39,97.4,Optimal
UNI1449,Central,Vocational,4826.32,947.12,56075.15,32.09,100.0,2.46,0.38,18.2,77.63,72.18,85.92,13.04,99.88,Optimal
UNI1450,Central,Undergraduate,32983.45,1595.96,222681.61,49.22,100.0,4.52,0.77,91.74,58.03,87.06,80.21,4.74,99.22,Optimal
UNI1451,West,Vocational,13780.99,989.43,214295.13,10.0,97.32,2.41,0.38,57.03,78.19,86.45,75.96,18.99,99.1,Optimal
UNI1452,East,Vocational,15905.5,200.0,10000.0,50.33,98.39,5.6,0.2,41.57,64.89,5.0,94.36,10.42,97.93,Suboptimal
UNI1453,West,Vocational,15390.42,1999.92,49397.36,31.1,100.0,3.68,1.02,51.85,82.71,100.0,53.99,7.43,99.7,Optimal
UNI1454,West,Vocational,6476.61,1528.59,10000.0,38.26,97.95,0.59,0.23,20.48,75.85,81.25,75.7,11.52,97.51,Optimal
UNI1455,West,Undergraduate,24904.3,2235.99,229373.04,66.79,99.7,3.25,0.36,55.45,84.33,30.77,62.64,5.45,99.73,Optimal
UNI1456,Central,Vocational,11475.16,200.0,254050.17,52.04,100.0,2.79,0.88,42.08,45.06,38.93,80.21,5.27,100.0,Suboptimal
UNI1457,West,Vocational,33703.79,2259.55,386632.15,52.85,100.0,3.16,0.66,103.63,48.71,86.38,65.8,15.5,100.0,Optimal
UNI1458,East,Undergraduate,33764.32,1859.39,183658.21,55.27,100.0,4.59,0.16,87.95,100.0,96.43,100.0,25.15,99.07,Optimal
UNI1459,West,Undergraduate,16335.66,937.62,265209.44,40.41,97.62,3.7,0.29,52.69,100.0,70.62,79.79,20.64,96.18,Optimal
UNI1460,East,Undergraduate,17169.47,2331.78,287193.42,46.89,97.29,4.1,0.51,40.66,39.6,34.39,52.3,1.88,97.54,Suboptimal
UNI1461,East,Vocational,23879.18,1431.25,117231.37,38.82,97.84,4.07,0.46,5.0,77.88,68.77,66.19,13.42,97.66,Suboptimal
UNI1462,East,Vocational,19247.48,200.0,53391.27,33.01,96.82,3.07,0.43,20.16,46.74,56.46,71.9,16.03,98.19,Suboptimal
UNI1463,East,Vocational,22958.95,200.0,99011.46,41.09,100.0,2.26,0.87,52.44,54.71,56.19,70.29,20.43,99.45,Optimal
UNI1464,East,Vocational,3000.0,200.0,10000.0,43.39,97.02,3.23,0.32,33.77,60.46,67.28,73.85,6.08,99.4,Suboptimal
UNI1465,West,Vocational,3000.0,200.0,10000.0,54.29,97.88,0.5,0.05,13.05,31.8,40.46,58.76,15.12,97.69,Suboptimal
UNI1466,East,Vocational,14686.15,222.05,46755.87,46.65,97.75,1.47,0.58,30.95,45.57,41.51,81.46,6.61,96.89,Suboptimal
UNI1467,Central,Undergraduate,28899.48,2036.79,260211.04,80.55,97.63,4.01,0.96,59.96,67.0,48.02,81.18,14.83,100.0,Optimal
UNI1468,East,Undergraduate,30824.66,767.62,80929.24,42.65,98.73,2.22,0.35,81.88,70.62,59.85,75.29,11.24,98.81,Optimal
UNI1469,West,Vocational,20579.5,1147.32,123934.4,43.13,97.15,0.51,0.47,29.72,57.59,47.46,89.66,6.78,98.17,Suboptimal
UNI1470,West,Undergraduate,16569.58,1862.04,128058.04,54.48,99.3,1.59,0.35,62.59,55.45,27.6,74.48,7.23,99.16,Suboptimal
UNI1471,East,Undergraduate,24773.63,3327.45,269179.67,63.94,100.0,5.12,0.69,87.13,66.9,84.11,80.72,12.47,97.47,Optimal
UNI1472,Central,Vocational,15723.03,2752.14,211187.17,68.89,100.0,3.94,1.32,77.26,52.57,63.17,66.76,9.69,100.0,Optimal
UNI1473,West,Vocational,8517.63,200.0,93765.25,36.31,98.66,3.31,0.17,66.62,57.29,38.71,73.86,13.83,98.43,Suboptimal
UNI1474,West,Vocational,8605.37,200.0,10000.0,38.06,96.99,4.43,0.55,20.6,50.32,42.75,69.25,1.0,97.23,Suboptimal
UNI1475,East,Vocational,9802.18,200.0,37712.82,24.75,97.8,0.79,0.05,5.0,73.46,73.16,83.63,14.64,98.05,Optimal
UNI1476,Central,Vocational,3000.0,200.0,23785.9,23.58,96.39,2.27,0.5,9.94,51.32,33.82,11.93,2.4,96.81,Suboptimal
UNI1477,West,Vocational,3000.0,200.0,72676.21,34.12,94.05,5.39,0.33,45.33,55.35,51.7,34.75,8.01,97.85,Suboptimal
UNI1478,East,Vocational,3000.0,262.29,27338.3,41.46,99.8,2.37,0.78,22.52,57.28,38.76,70.18,15.07,99.43,Suboptimal
UNI1479,West,Undergraduate,6504.97,2730.63,40767.4,61.67,98.77,2.77,0.98,45.13,44.4,58.5,61.87,11.23,98.11,Suboptimal
UNI1480,East,Vocational,11995.67,1311.36,67531.54,86.04,100.0,3.51,0.53,32.3,55.24,55.75,80.67,9.81,98.1,Optimal
UNI1481,West,Undergraduate,26417.28,3401.33,202462.69,55.25,100.0,4.57,0.93,127.64,100.0,100.0,100.0,11.77,99.03,Optimal
UNI1482,East,Undergraduate,7163.67,670.77,134557.33,48.85,98.46,2.76,0.14,28.93,68.86,69.52,78.79,22.7,100.0,Optimal
UNI1483,East,Vocational,3000.0,1718.71,35840.91,49.52,98.28,1.71,0.36,28.85,62.83,89.59,42.86,16.28,99.62,Suboptimal
UNI1484,West,Undergraduate,16264.19,1333.7,174019.2,55.45,100.0,3.11,0.75,80.72,92.13,62.41,56.87,1.0,100.0,Optimal
UNI1485,West,Undergraduate,9009.78,1121.78,307445.16,36.81,96.47,4.13,0.59,79.41,94.2,97.4,94.46,18.62,98.53,Optimal
UNI1486,West,Undergraduate,13129.37,3321.77,166360.76,69.89,95.35,4.2,0.97,109.5,35.7,55.95,86.62,5.33,97.12,Suboptimal
UNI1487,West,Vocational,14648.05,1686.26,106660.18,65.7,99.3,4.09,0.47,63.83,83.79,41.82,37.12,7.47,99.78,Optimal
UNI1488,East,Vocational,15348.53,200.0,10000.0,46.91,100.0,0.5,0.6,20.42,60.78,52.01,62.2,2.95,98.14,Suboptimal
UNI1489,East,Undergraduate,15112.08,3543.98,479558.34,74.97,97.84,4.66,0.84,78.81,67.82,44.93,46.13,1.0,98.93,Optimal
UNI1490,East,Undergraduate,18404.97,1138.89,327803.56,64.62,99.21,3.64,0.28,71.01,69.9,27.5,69.35,9.51,97.2,Suboptimal
UNI1491,Central,Undergraduate,19006.86,2178.6,151140.15,58.01,99.76,3.75,0.94,74.2,84.96,80.98,71.46,20.14,100.0,Optimal
UNI1492,East,Undergraduate,29481.19,1706.89,178221.67,47.92,99.42,4.78,0.82,61.72,78.41,74.26,100.0,9.86,96.21,Optimal
UNI1493,West,Vocational,5103.36,762.65,41227.16,30.21,95.59,2.57,0.05,32.58,36.43,41.38,53.88,12.58,98.94,Optimal
UNI1494,East,Vocational,27500.11,1050.17,31575.15,73.49,100.0,2.59,0.35,69.99,59.84,54.7,71.82,12.28,100.0,Optimal
UNI1495,East,Undergraduate,8081.62,3097.56,197545.34,55.94,97.01,4.86,0.09,82.42,33.95,47.91,71.69,9.63,100.0,Suboptimal
UNI1496,East,Undergraduate,28708.53,2300.81,265270.92,66.52,100.0,3.81,0.61,82.71,100.0,92.69,75.6,22.19,99.8,Optimal
UNI1497,East,Vocational,4823.54,200.0,63623.5,62.11,99.64,1.83,0.18,6.41,57.96,64.32,66.93,14.38,97.82,Optimal
UNI1498,East,Vocational,5716.05,1985.4,10000.0,48.23,98.56,2.55,0.52,69.06,59.38,51.74,62.55,17.26,99.41,Suboptimal
UNI1499,Central,Vocational,12857.57,1351.12,62595.24,59.96,100.0,2.47,0.19,29.43,49.89,64.79,52.53,3.82,99.71,Suboptimal
UNI1500,East,Vocational,27909.44,607.72,10000.0,54.06,99.77,3.12,0.21,22.25,73.35,62.27,58.88,14.96,99.3,Optimal
UNI1501,Central,Vocational,3000.0,200.0,10000.0,61.03,95.2,0.59,0.64,40.0,82.11,73.16,70.69,20.58,96.79,Suboptimal
UNI1502,West,Undergraduate,22429.27,1024.36,10000.0,68.34,98.9,3.9,0.98,51.39,53.49,75.98,51.52,5.65,99.83,Optimal
UNI1503,Central,Undergraduate,19760.34,1410.42,199484.64,69.66,100.0,3.83,0.47,60.27,81.56,50.46,69.97,1.0,100.0,Optimal
UNI1504,Central,Vocational,3000.0,1238.38,66339.71,43.44,97.38,3.93,0.78,33.58,75.4,55.74,72.64,7.71,97.72,Suboptimal
UNI1505,East,Vocational,5509.24,530.47,178614.1,44.3,98.34,5.6,0.55,26.0,55.78,44.53,62.05,4.91,96.92,Suboptimal
UNI1506,East,Vocational,9209.88,3127.29,201898.12,37.83,96.72,3.7,0.35,41.76,55.92,57.22,74.53,13.74,100.0,Suboptimal
UNI1507,East,Vocational,3000.0,200.0,10000.0,18.96,95.61,0.5,0.05,5.0,93.91,71.73,59.49,6.36,98.85,Suboptimal
UNI1508,West,Undergraduate,27299.3,1639.84,276349.48,72.29,98.92,4.44,0.08,103.66,79.87,33.42,55.32,8.8,100.0,Optimal
UNI1509,Central,Undergraduate,4054.91,2240.77,10000.0,40.55,95.76,3.9,0.7,84.63,82.06,64.5,78.99,8.78,97.92,Optimal
UNI1510,East,Undergraduate,13099.97,2873.89,74339.39,43.25,96.97,5.11,0.5,65.24,88.17,56.58,83.99,10.99,99.08,Optimal
UNI1511,Central,Vocational,24916.94,200.0,138759.08,60.2,100.0,3.23,0.69,74.99,78.73,95.72,68.71,13.11,99.13,Optimal
UNI1512,West,Undergraduate,12689.83,720.61,245868.83,58.51,98.79,2.57,1.21,77.66,55.3,67.39,50.85,5.35,99.29,Suboptimal
UNI1513,Central,Vocational,19763.59,1119.1,113698.08,63.11,100.0,1.71,0.95,43.35,29.67,67.09,64.38,15.46,100.0,Suboptimal
UNI1514,Central,Vocational,11315.36,1658.83,10000.0,62.11,99.62,0.84,0.2,6.14,58.07,86.22,74.36,20.22,97.28,Optimal
UNI1515,West,Undergraduate,18734.24,4173.46,276689.61,68.99,97.61,4.0,0.59,95.32,100.0,67.58,100.0,13.04,99.24,Optimal
UNI1516,Central,Vocational,8493.13,200.0,10000.0,61.27,96.2,1.34,0.48,52.52,89.89,99.16,82.84,13.91,97.48,Optimal
UNI1517,Central,Undergraduate,10832.17,2357.29,348456.06,51.45,99.82,6.5,0.52,82.82,64.4,41.38,64.57,2.02,98.1,Optimal
UNI1518,East,Undergraduate,18816.67,1304.61,275202.04,50.43,95.9,1.42,0.82,88.77,49.26,86.06,99.63,3.99,96.88,Optimal
UNI1519,East,Vocational,16248.13,1217.76,10000.0,43.84,99.93,2.96,1.03,29.95,69.58,62.85,62.11,13.79,97.2,Suboptimal
UNI1520,West,Vocational,13361.28,2065.72,75996.71,40.62,100.0,1.98,0.61,57.12,63.45,66.17,87.76,20.45,100.0,Optimal
UNI1521,Central,Vocational,18399.56,1738.3,93218.51,68.79,96.14,2.89,0.69,32.2,66.91,69.42,75.44,6.51,100.0,Suboptimal
UNI1522,East,Undergraduate,17275.55,2611.97,332088.25,43.83,97.76,3.73,1.04,37.3,39.6,64.5,75.03,15.17,97.58,Optimal
UNI1523,Central,Undergraduate,17406.64,3054.66,587389.16,29.86,98.43,7.12,0.98,99.78,64.94,67.62,78.44,8.86,100.0,Optimal
UNI1524,East,Undergraduate,37188.34,2991.08,332027.1,57.2,99.03,6.05,0.96,98.26,95.17,69.76,84.51,13.75,99.77,Optimal
UNI1525,West,Undergraduate,27575.66,2809.79,291934.78,19.83,96.31,2.91,0.31,84.88,99.69,66.73,73.32,19.02,97.77,Optimal
UNI1526,East,Vocational,10528.22,1060.0,29092.81,40.23,98.59,5.17,0.89,48.06,60.89,63.67,83.07,8.17,97.97,Optimal
UNI1527,West,Vocational,22371.51,200.0,108975.18,54.09,100.0,4.73,0.42,57.79,56.88,71.92,62.41,16.77,99.99,Optimal
UNI1528,Central,Vocational,25140.38,417.82,10000.0,55.51,99.95,4.13,0.56,21.49,84.77,80.15,67.49,10.41,100.0,Optimal
UNI1529,East,Vocational,3000.0,200.0,10000.0,10.0,98.03,1.62,0.48,49.77,46.2,66.51,88.69,7.27,96.26,Suboptimal
UNI1530,East,Vocational,12808.08,200.0,133230.77,54.41,97.86,3.77,0.32,66.62,43.2,57.78,71.33,6.99,97.49,Suboptimal
UNI1531,West,Undergraduate,30066.39,2844.72,44327.08,38.38,100.0,3.52,0.64,73.36,78.37,58.07,88.76,2.66,98.79,Optimal
UNI1532,East,Vocational,5767.54,635.43,18699.83,40.66,97.31,0.88,0.23,5.0,100.0,79.0,63.07,20.51,94.7,Suboptimal
UNI1533,East,Undergraduate,15739.57,3053.27,220562.05,37.59,95.14,5.34,0.29,22.6,56.41,36.03,65.67,11.84,97.91,Suboptimal
UNI1534,West,Undergraduate,23731.55,1500.97,331292.51,69.92,98.65,2.97,0.8,95.98,68.07,54.89,79.8,11.54,99.98,Optimal
UNI1535,East,Vocational,3000.0,1526.08,10000.0,49.44,99.19,2.43,0.27,43.15,67.32,69.52,66.91,7.64,99.23,Optimal
UNI1536,East,Undergraduate,25461.96,3916.1,433472.25,89.04,100.0,2.98,0.76,84.42,68.23,82.99,60.77,14.13,100.0,Optimal
UNI1537,East,Vocational,3000.0,517.67,10000.0,33.66,99.78,0.71,0.35,23.7,31.12,50.86,70.01,12.22,97.65,Suboptimal
UNI1538,West,Vocational,28447.73,1565.3,323608.28,56.4,100.0,3.83,1.03,51.76,84.88,70.91,88.16,11.77,100.0,Optimal
UNI1539,East,Vocational,8986.6,200.0,10000.0,34.16,97.69,0.59,0.1,28.64,57.3,54.08,53.8,11.74,96.37,Suboptimal
UNI1540,East,Undergraduate,17358.81,1029.75,115612.04,52.64,98.71,2.22,0.05,34.34,69.89,68.43,77.81,10.67,97.17,Optimal
UNI1541,East,Vocational,17462.03,996.82,195162.03,59.55,97.92,3.49,0.73,17.47,55.87,48.75,87.33,8.0,98.86,Optimal
UNI1542,East,Vocational,17929.37,200.0,12964.01,54.58,98.88,1.1,0.24,20.85,88.0,44.56,87.46,14.88,99.54,Optimal
UNI1543,East,Undergraduate,18527.03,3074.45,247521.05,50.67,100.0,2.63,1.1,63.4,67.92,75.37,73.88,10.47,97.86,Optimal
UNI1544,East,Vocational,14267.6,564.31,202323.1,44.22,99.7,4.04,0.42,45.59,46.46,87.22,50.02,4.12,98.65,Suboptimal
UNI1545,East,Vocational,5963.86,200.0,12072.43,34.95,97.44,4.1,0.35,50.48,66.53,20.49,49.33,3.27,96.64,Suboptimal
UNI1546,East,Undergraduate,8747.04,1591.52,70595.44,76.43,99.42,4.51,0.44,86.18,42.83,67.34,100.0,12.93,98.01,Optimal
UNI1547,West,Undergraduate,20106.69,2903.81,343717.7,60.45,97.57,2.33,0.82,86.89,72.6,62.73,94.21,11.61,97.07,Optimal
UNI1548,East,Undergraduate,9730.32,2117.77,332220.59,44.57,96.84,4.56,1.36,61.96,59.09,91.03,63.48,13.52,99.14,Optimal
UNI1549,East,Vocational,20987.83,1803.56,290755.04,42.09,97.32,5.9,0.57,44.18,72.1,53.58,95.25,15.52,97.87,Optimal
UNI1550,West,Vocational,16323.36,1699.3,107944.6,37.74,97.67,0.5,0.64,5.0,25.41,39.29,67.49,4.98,97.13,Suboptimal
UNI1551,West,Vocational,3000.0,200.0,10000.0,12.72,97.16,3.38,0.34,26.13,54.49,61.06,48.1,12.7,96.98,Suboptimal
UNI1552,Central,Vocational,28465.63,200.0,10000.0,52.73,99.76,2.2,0.55,5.49,78.35,38.82,80.09,10.68,100.0,Suboptimal
UNI1553,East,Vocational,10157.24,1831.88,10000.0,52.31,97.65,2.07,0.05,56.67,62.48,14.54,47.94,5.91,97.88,Suboptimal
UNI1554,East,Vocational,11768.69,200.0,10000.0,26.84,94.73,1.84,0.68,14.74,56.09,65.34,53.02,9.98,94.95,Suboptimal
UNI1555,East,Undergraduate,20114.24,1344.6,298070.91,50.0,98.91,3.02,0.51,68.72,50.59,68.77,68.46,8.71,98.44,Optimal
UNI1556,East,Undergraduate,23772.43,3122.11,126137.69,68.03,94.46,4.99,0.6,64.28,37.52,48.5,72.34,3.24,96.8,Suboptimal
UNI1557,East,Vocational,4155.12,727.07,161981.45,34.2,95.67,2.46,0.34,5.0,66.21,67.92,45.08,3.47,97.39,Suboptimal
UNI1558,Central,Undergraduate,20086.91,3606.03,311250.81,43.24,98.43,3.31,0.96,110.78,89.94,33.84,75.24,13.94,100.0,Optimal
UNI1559,East,Vocational,9900.23,1478.07,14107.64,26.56,97.05,2.16,0.21,45.71,18.18,34.18,57.9,9.84,97.55,Suboptimal
UNI1560,Central,Vocational,22863.59,200.0,178568.48,54.65,100.0,3.09,0.05,48.01,13.63,30.11,63.59,1.0,99.93,Suboptimal
UNI1561,East,Undergraduate,18046.31,2805.4,268203.68,43.31,100.0,4.84,0.95,60.93,83.99,76.11,78.92,12.23,97.75,Optimal
UNI1562,East,Undergraduate,26541.19,1616.35,342970.54,57.88,96.43,1.11,0.72,100.11,74.24,56.88,50.13,7.0,100.0,Optimal
UNI1563,West,Vocational,13552.67,200.0,14264.52,45.63,98.19,2.21,0.33,53.28,51.43,49.32,55.19,14.76,99.28,Suboptimal
UNI1564,West,Undergraduate,3000.0,1628.96,174696.95,43.27,92.87,0.69,0.29,7.59,53.69,54.51,45.73,7.43,96.37,Suboptimal
UNI1565,East,Vocational,5723.07,754.89,11985.22,35.27,98.04,1.62,0.86,39.79,69.3,90.51,56.89,14.95,97.72,Suboptimal
UNI1566,Central,Vocational,4242.36,200.0,10000.0,35.1,97.72,2.52,0.06,33.72,49.02,54.59,67.85,5.27,98.95,Suboptimal
UNI1567,East,Vocational,17534.41,633.75,10000.0,55.18,100.0,1.34,0.43,5.0,52.31,60.89,78.02,7.94,100.0,Optimal
UNI1568,East,Undergraduate,8843.5,3049.23,88688.95,62.84,95.88,0.5,0.44,26.5,65.16,57.45,55.38,7.68,98.28,Suboptimal
UNI1569,Central,Vocational,3000.0,1237.17,186376.14,37.68,98.21,2.66,0.17,36.01,48.0,69.14,43.9,10.66,98.12,Suboptimal
UNI1570,East,Undergraduate,11489.34,1766.28,184822.97,34.48,98.12,6.11,0.89,86.72,51.48,85.39,64.42,7.72,100.0,Optimal
UNI1571,East,Vocational,7082.52,1905.86,122493.94,46.06,96.74,1.48,0.85,42.1,32.22,63.89,44.87,11.28,100.0,Suboptimal
UNI1572,Central,Vocational,14065.94,200.0,10000.0,32.97,97.37,2.59,0.13,49.94,58.8,47.86,60.47,10.12,98.29,Suboptimal
UNI1573,East,Undergraduate,14431.91,3233.13,378337.11,69.13,99.85,5.99,0.75,121.06,87.02,73.08,77.73,14.02,99.15,Optimal
UNI1574,East,Undergraduate,23976.62,2062.04,146722.37,60.53,97.97,3.38,0.63,30.71,58.23,65.36,70.09,10.57,98.33,Suboptimal
UNI1575,East,Undergraduate,47267.46,2203.15,308614.0,67.63,98.08,5.47,0.68,59.0,66.33,56.6,78.13,9.22,99.6,Optimal
UNI1576,West,Vocational,25225.86,200.0,233787.47,54.08,98.99,2.62,1.02,5.0,93.31,83.1,65.2,12.13,100.0,Suboptimal
UNI1577,Central,Undergraduate,21169.74,268.21,168255.07,70.33,97.33,5.09,0.54,83.43,70.38,52.12,60.02,10.71,97.71,Optimal
UNI1578,East,Undergraduate,30336.98,810.88,210017.76,74.42,100.0,4.77,0.53,55.1,97.53,83.76,90.74,19.95,100.0,Suboptimal
UNI1579,East,Undergraduate,15510.28,3614.81,197178.46,66.04,100.0,3.77,0.65,66.85,97.47,42.05,39.33,13.45,97.78,Suboptimal
UNI1580,Central,Vocational,3000.0,200.0,133326.41,75.39,100.0,1.1,0.24,61.53,56.24,21.91,62.57,1.0,99.97,Optimal
UNI1581,East,Undergraduate,27992.45,2889.09,232008.68,59.06,99.87,2.75,0.31,51.03,59.12,64.09,62.3,9.6,100.0,Optimal
UNI1582,Central,Undergraduate,25466.35,1497.07,168828.7,43.66,100.0,0.74,0.64,37.29,58.63,60.15,87.5,10.53,99.99,Optimal
UNI1583,West,Vocational,16831.59,200.0,10000.0,40.51,96.5,2.42,0.36,5.0,59.0,15.86,64.73,1.17,98.7,Suboptimal
UNI1584,East,Vocational,14861.32,1236.81,10000.0,52.92,100.0,3.92,0.57,74.49,100.0,65.72,90.6,9.99,100.0,Optimal
UNI1585,East,Undergraduate,21133.84,3103.48,181503.51,23.47,96.8,3.26,0.54,86.34,63.36,93.09,68.93,11.95,98.18,Optimal
UNI1586,East,Vocational,9261.2,670.86,60638.16,31.44,94.88,1.69,0.05,14.87,47.48,45.17,51.39,5.63,97.0,Suboptimal
UNI1587,East,Vocational,17330.0,1207.77,97918.65,60.42,100.0,4.4,0.52,13.06,40.92,48.47,60.84,9.6,100.0,Optimal
UNI1588,East,Undergraduate,30159.02,3850.59,410388.16,70.77,99.45,5.01,0.9,108.91,79.34,59.27,51.26,12.98,100.0,Optimal
UNI1589,West,Undergraduate,14647.42,1753.22,204263.57,45.69,98.68,3.15,0.79,132.22,66.5,82.01,73.21,8.78,99.85,Optimal
UNI1590,East,Vocational,11695.04,1558.05,16842.75,42.43,96.64,2.75,0.48,29.54,83.33,66.18,86.21,10.63,98.35,Suboptimal
UNI1591,Central,Undergraduate,28981.55,2841.77,119186.79,67.77,100.0,5.97,0.74,48.9,100.0,74.72,61.73,16.2,100.0,Optimal
UNI1592,Central,Vocational,13709.46,2094.13,107259.8,62.59,100.0,4.29,0.91,77.41,77.19,71.13,79.36,14.14,99.96,Optimal
UNI1593,East,Vocational,12669.91,200.0,114609.98,31.14,100.0,0.51,0.21,5.0,44.37,46.95,55.49,10.32,98.87,Optimal
UNI1594,East,Vocational,19247.91,1008.65,166693.52,56.02,98.68,3.44,0.7,43.11,61.51,88.27,89.78,12.79,99.91,Optimal
UNI1595,East,Vocational,13546.09,200.0,10000.0,27.04,99.34,1.86,0.05,5.0,46.37,51.63,47.37,1.0,97.28,Suboptimal
UNI1596,Central,Vocational,3000.0,200.0,10000.0,36.46,98.13,1.49,0.53,17.14,62.02,75.1,78.03,12.03,99.36,Suboptimal
UNI1597,East,Undergraduate,17687.41,1141.32,35238.55,69.12,99.36,2.62,0.5,39.68,75.53,65.92,79.82,16.06,98.0,Optimal
UNI1598,Central,Undergraduate,18001.99,3533.12,286893.13,48.98,98.67,5.25,0.99,128.17,31.65,67.6,32.95,2.46,100.0,Optimal
UNI1599,West,Vocational,17276.67,1743.83,286435.87,45.48,100.0,6.07,0.47,45.77,72.93,67.72,72.02,13.57,100.0,Optimal
UNI1600,West,Vocational,6378.41,1792.8,111981.31,32.26,98.12,4.56,1.1,69.41,85.43,85.91,87.89,18.7,96.65,Optimal
UNI1601,West,Vocational,25689.16,1602.38,30425.4,43.21,98.98,2.85,0.05,45.21,47.52,53.68,35.57,19.56,100.0,Suboptimal
UNI1602,West,Vocational,20715.93,200.0,10000.0,52.54,98.53,2.79,0.59,22.76,63.36,55.75,79.31,9.08,99.21,Optimal
UNI1603,West,Vocational,24564.53,264.85,173178.51,61.35,99.72,3.15,0.62,54.96,78.95,42.2,65.63,9.21,98.57,Optimal
UNI1604,West,Vocational,16857.43,434.63,38850.97,40.98,97.48,2.8,0.05,30.14,81.62,53.98,66.99,17.89,97.95,Suboptimal
UNI1605,Central,Vocational,10475.1,200.0,10000.0,42.61,99.39,2.49,0.8,14.23,41.67,37.77,62.64,3.19,97.78,Suboptimal
UNI1606,West,Undergraduate,18381.78,1584.89,213935.98,41.11,97.94,1.41,0.8,60.11,79.57,94.15,68.46,16.54,99.48,Optimal
UNI1607,West,Undergraduate,26487.96,3070.54,395547.43,34.68,98.26,0.5,0.05,73.62,46.56,77.83,71.72,12.52,96.56,Suboptimal
UNI1608,Central,Undergraduate,26118.04,1708.09,442919.57,47.2,100.0,5.0,0.78,54.45,87.6,84.73,100.0,16.84,100.0,Optimal
UNI1609,Central,Undergraduate,6613.17,2581.03,229532.64,56.6,97.74,1.0,0.44,77.9,53.83,36.32,55.57,7.18,98.9,Suboptimal
UNI1610,Central,Undergraduate,40816.43,2780.88,109308.31,85.93,100.0,2.37,1.16,86.99,96.05,76.85,51.02,11.5,100.0,Optimal
UNI1611,West,Undergraduate,28631.65,2809.74,201381.44,65.83,100.0,2.55,0.53,63.97,100.0,100.0,86.44,25.99,97.56,Optimal
UNI1612,East,Undergraduate,34271.4,2712.03,152266.33,64.6,100.0,4.54,0.05,76.1,72.64,75.6,72.7,1.63,97.71,Optimal
UNI1613,West,Vocational,14907.12,1586.36,162752.91,58.29,98.74,3.55,0.85,32.18,50.4,31.26,77.74,8.96,98.96,Suboptimal
UNI1614,West,Vocational,9424.49,1577.8,109915.14,42.97,95.7,2.82,0.39,19.14,74.76,61.88,53.12,6.26,98.47,Suboptimal
UNI1615,West,Undergraduate,26340.28,1190.64,246024.75,62.63,96.37,3.98,0.11,47.34,55.61,70.03,51.07,7.66,99.0,Suboptimal
UNI1616,East,Vocational,3000.0,276.64,10000.0,14.92,95.5,1.05,0.39,33.24,49.66,70.51,34.47,8.74,93.86,Suboptimal
UNI1617,Central,Undergraduate,10486.25,985.03,100959.81,40.67,95.9,3.79,0.61,58.72,60.6,51.73,84.51,6.78,97.0,Suboptimal
UNI1618,West,Vocational,3120.01,200.0,103938.28,36.06,94.92,3.04,0.29,34.3,83.39,49.74,60.77,9.4,99.44,Suboptimal
UNI1619,West,Undergraduate,3000.0,1293.16,256280.56,45.15,97.87,3.0,0.36,94.76,59.46,69.08,89.25,11.71,96.77,Optimal
UNI1620,West,Vocational,13058.2,1827.08,30866.16,19.71,94.85,2.13,0.17,8.64,68.02,36.23,77.7,11.14,97.53,Suboptimal
UNI1621,Central,Vocational,5838.59,718.48,89957.06,59.74,99.52,3.67,0.37,34.94,58.14,40.07,52.1,8.25,96.73,Suboptimal
UNI1622,Central,Undergraduate,25382.67,3492.63,209741.04,58.49,100.0,2.5,0.68,34.82,74.47,65.68,57.93,11.37,99.69,Optimal
UNI1623,East,Undergraduate,19198.6,3372.63,205999.34,68.76,96.49,4.31,0.72,74.46,92.63,38.05,69.36,10.15,97.57,Optimal
UNI1624,West,Undergraduate,25892.52,5227.15,395001.89,55.67,99.2,5.4,0.39,93.15,38.72,41.35,78.94,6.17,100.0,Suboptimal
UNI1625,East,Vocational,16547.07,2767.94,194360.64,52.23,99.59,3.42,0.63,49.47,56.97,64.63,42.12,15.65,100.0,Optimal
UNI1626,Central,Undergraduate,17931.19,3904.38,222496.81,67.37,100.0,5.28,0.74,68.48,59.51,74.31,80.69,8.51,100.0,Optimal
UNI1627,West,Undergraduate,19899.85,2524.69,240051.34,64.86,96.46,2.35,0.73,65.04,87.83,95.01,87.55,12.39,98.52,Optimal
UNI1628,East,Undergraduate,25385.7,1817.84,156498.45,42.93,97.89,2.37,0.41,111.08,80.94,71.61,58.06,7.46,97.93,Optimal
UNI1629,East,Vocational,9679.95,868.23,10000.0,18.43,99.83,1.67,0.71,32.74,50.76,51.81,46.03,10.17,97.95,Suboptimal
UNI1630,East,Vocational,3000.0,641.68,10000.0,15.48,97.53,2.86,0.69,38.06,53.69,75.71,69.53,7.31,100.0,Suboptimal
UNI1631,West,Undergraduate,4219.64,1335.08,164989.61,44.99,94.56,3.62,0.29,25.87,50.49,33.23,79.53,11.1,97.33,Suboptimal
UNI1632,Central,Undergraduate,27852.43,3090.87,204822.73,82.88,100.0,3.05,0.74,101.06,53.67,61.09,70.63,14.31,100.0,Optimal
UNI1633,East,Vocational,4159.05,207.09,120918.35,23.72,95.95,6.12,0.54,27.56,63.91,51.95,65.84,7.48,98.82,Suboptimal
UNI1634,Central,Vocational,4101.75,200.0,27608.9,30.21,97.23,1.49,0.63,37.36,40.63,53.43,48.0,2.71,97.26,Suboptimal
UNI1635,East,Undergraduate,17156.62,2081.94,265365.95,47.6,98.96,3.54,0.36,82.78,73.72,55.04,69.02,8.44,98.22,Optimal
UNI1636,West,Vocational,13842.7,1917.25,341832.24,77.42,99.78,5.13,0.68,77.59,46.55,37.23,59.58,13.26,100.0,Optimal
UNI1637,East,Vocational,3583.36,200.0,102154.85,55.49,100.0,2.15,0.37,11.77,61.28,60.09,67.61,11.8,97.27,Suboptimal
UNI1638,East,Undergraduate,21873.3,1081.46,61722.87,55.22,98.97,1.33,0.11,5.0,67.29,72.01,100.0,13.06,97.83,Optimal
UNI1639,East,Vocational,26333.99,200.0,25904.32,56.81,98.32,2.92,0.05,10.64,49.68,49.61,58.57,2.62,97.98,Suboptimal
UNI1640,Central,Vocational,20143.31,2201.77,211226.71,60.73,100.0,2.51,0.4,36.53,82.04,48.76,43.28,19.7,99.65,Optimal
UNI1641,Central,Vocational,36061.32,1770.07,57622.87,51.21,100.0,2.29,0.85,41.8,78.68,68.44,76.34,10.01,100.0,Suboptimal
UNI1642,West,Vocational,11285.99,1727.95,240758.58,62.92,99.7,1.45,0.79,66.56,66.53,43.25,89.41,6.99,100.0,Suboptimal
UNI1643,Central,Vocational,9531.14,1978.15,420977.02,48.7,100.0,5.84,0.57,83.02,63.83,72.11,81.04,7.52,100.0,Optimal
UNI1644,East,Vocational,26694.29,1656.72,280158.79,68.39,100.0,5.48,0.67,23.22,85.01,94.64,70.66,11.12,100.0,Optimal
UNI1645,East,Undergraduate,30908.33,2357.55,318937.38,75.25,99.59,1.48,0.71,78.96,60.49,62.29,67.05,22.29,100.0,Optimal
UNI1646,East,Vocational,16399.48,200.0,123203.02,45.65,97.73,3.56,0.27,18.48,58.85,53.38,49.34,7.82,97.96,Suboptimal
UNI1647,West,Vocational,26665.98,1554.74,101181.17,68.93,97.03,1.15,0.41,56.63,71.21,71.48,77.85,13.51,100.0,Optimal
UNI1648,East,Vocational,3000.0,1966.48,124043.96,58.7,99.91,3.41,0.66,33.26,62.61,55.89,62.16,14.44,100.0,Suboptimal
UNI1649,West,Undergraduate,30352.0,3084.23,344762.65,34.59,97.78,2.51,0.43,66.99,75.82,41.03,59.42,13.39,100.0,Optimal
UNI1650,East,Undergraduate,18598.26,659.72,78179.72,21.0,97.78,4.01,0.35,81.57,56.83,91.33,85.37,13.11,99.52,Optimal
UNI1651,East,Undergraduate,12383.34,1080.97,139150.58,73.64,97.95,4.44,0.64,93.13,98.43,84.43,96.83,16.3,99.25,Optimal
UNI1652,East,Undergraduate,25996.54,2661.05,307545.86,69.44,97.43,6.13,1.0,128.76,100.0,52.69,88.57,6.0,99.8,Optimal
UNI1653,East,Undergraduate,19933.89,3371.28,312329.08,54.61,96.58,3.53,0.35,73.08,88.97,61.92,70.78,10.78,97.33,Optimal
UNI1654,West,Vocational,17329.55,1554.92,59575.9,54.82,100.0,3.33,0.57,21.86,59.47,55.76,50.92,2.06,100.0,Suboptimal
UNI1655,Central,Undergraduate,27636.64,1764.57,234407.09,65.11,100.0,2.25,0.42,98.03,81.69,23.96,68.42,8.44,97.67,Optimal
UNI1656,East,Undergraduate,15460.53,980.22,213322.44,51.46,96.85,2.4,0.48,91.33,58.52,85.31,82.12,10.71,98.9,Optimal
UNI1657,Central,Undergraduate,3000.0,1411.46,103967.9,38.34,96.16,4.42,0.77,80.91,82.86,45.37,64.6,5.77,98.76,Optimal
UNI1658,Central,Undergraduate,16440.81,1976.31,42199.0,61.0,95.38,4.66,0.76,69.18,67.94,79.3,84.91,15.16,99.45,Optimal
UNI1659,West,Undergraduate,6324.22,3182.9,167804.93,46.22,99.1,4.22,1.12,59.87,100.0,75.27,97.21,9.55,100.0,Optimal
UNI1660,West,Undergraduate,27240.72,3073.37,272423.04,60.84,97.87,5.29,0.68,88.18,53.35,72.36,64.02,7.74,100.0,Optimal
UNI1661,Central,Vocational,21414.87,200.0,91867.82,47.03,96.84,0.9,0.59,12.64,72.84,64.96,75.74,7.77,97.27,Suboptimal
UNI1662,West,Vocational,8002.57,1814.6,173413.52,43.75,99.64,4.15,0.74,41.25,38.67,67.54,70.81,9.44,100.0,Suboptimal
UNI1663,West,Vocational,10577.05,1539.56,159966.58,42.57,98.8,1.69,0.5,101.63,66.13,79.79,71.92,13.53,97.28,Optimal
UNI1664,Central,Undergraduate,20859.9,1432.12,192805.79,92.72,97.59,5.62,0.41,122.15,75.47,81.11,100.0,11.59,99.7,Optimal
UNI1665,Central,Vocational,15732.51,2316.21,188042.37,46.73,98.0,5.64,0.87,93.95,45.49,94.92,58.38,13.19,99.49,Suboptimal
UNI1666,East,Vocational,13254.81,470.47,32304.22,47.38,98.74,2.91,0.13,7.06,85.35,67.47,56.31,12.53,99.32,Suboptimal
UNI1667,West,Undergraduate,24780.38,2961.26,295122.23,73.98,98.99,3.85,0.72,76.89,57.16,68.83,82.71,14.65,98.99,Optimal
UNI1668,West,Undergraduate,28545.6,532.4,281165.87,59.38,99.84,5.7,0.6,80.49,60.85,52.31,52.23,12.26,98.38,Optimal
UNI1669,East,Undergraduate,30464.69,2383.08,283266.25,66.35,99.1,6.12,0.36,107.57,58.06,61.1,79.59,12.97,99.67,Optimal
UNI1670,West,Undergraduate,38922.6,4109.68,540247.94,75.88,100.0,6.3,0.89,101.76,86.71,69.72,57.24,9.19,100.0,Optimal
UNI1671,West,Undergraduate,3000.0,2593.44,85225.13,22.76,94.69,3.84,0.19,43.75,83.84,63.81,91.15,12.75,96.77,Suboptimal
UNI1672,East,Vocational,18556.36,200.0,134996.91,46.48,98.24,1.88,0.28,29.62,78.74,82.53,57.12,14.2,100.0,Optimal
UNI1673,Central,Vocational,19777.88,368.75,268589.62,34.49,98.95,1.23,0.25,7.63,43.41,42.73,77.16,5.29,98.05,Suboptimal
UNI1674,West,Undergraduate,37138.15,1831.12,214761.14,84.5,98.61,4.32,0.45,41.77,100.0,86.9,80.14,12.71,100.0,Optimal
UNI1675,West,Undergraduate,29115.91,3095.85,369181.62,75.94,100.0,3.66,0.9,68.57,65.02,53.2,74.96,16.05,100.0,Optimal
UNI1676,East,Undergraduate,7009.28,1742.55,77321.9,32.64,94.42,4.43,0.41,72.02,54.39,93.09,79.72,7.26,97.12,Optimal
UNI1677,East,Vocational,13760.61,2068.28,259136.05,64.75,99.17,5.06,0.67,62.78,71.23,58.16,85.46,12.38,100.0,Suboptimal
UNI1678,Central,Vocational,3000.0,200.0,66640.81,17.43,94.06,1.62,0.05,35.52,32.11,67.4,45.46,5.43,96.27,Suboptimal
UNI1679,East,Vocational,3848.89,251.67,10000.0,35.19,95.88,1.63,0.05,5.0,70.55,64.48,67.66,10.73,95.26,Suboptimal
UNI1680,East,Vocational,15296.14,200.0,114467.43,38.34,97.8,3.66,0.86,5.0,42.63,13.88,52.82,13.06,98.29,Suboptimal
UNI1681,East,Vocational,16774.12,200.0,10000.0,28.01,98.86,1.95,0.06,26.66,66.73,78.67,96.39,7.94,97.86,Optimal
UNI1682,East,Undergraduate,11773.03,4013.56,335838.56,35.68,97.17,3.98,0.33,70.03,26.85,60.17,46.2,6.04,99.14,Suboptimal
UNI1683,Central,Undergraduate,20152.37,297.38,211616.61,83.78,97.56,0.78,0.5,37.05,64.06,46.69,48.13,8.25,97.33,Suboptimal
UNI1684,Central,Undergraduate,22723.17,1637.94,242786.53,60.57,96.79,4.3,0.4,86.46,67.62,88.18,99.99,17.3,99.81,Optimal
UNI1685,Central,Undergraduate,23831.88,1730.19,287445.32,62.51,98.27,4.9,0.88,77.26,82.5,97.68,100.0,19.42,100.0,Optimal
UNI1686,West,Vocational,13448.18,659.42,119386.99,32.03,98.27,5.45,0.33,20.47,51.01,61.13,50.77,11.66,98.63,Suboptimal
UNI1687,East,Undergraduate,20800.66,2219.94,244402.55,56.31,99.25,2.44,0.56,48.96,85.89,83.4,50.88,9.2,99.57,Optimal
UNI1688,East,Vocational,16119.71,2128.39,167542.01,43.25,98.61,4.8,0.76,63.82,76.26,67.26,86.97,16.87,99.33,Optimal
UNI1689,East,Vocational,22224.96,721.16,71866.11,45.3,100.0,3.08,0.38,50.45,80.51,88.45,69.04,8.57,100.0,Optimal
UNI1690,East,Vocational,3000.0,1251.94,10000.0,17.47,93.87,2.58,0.52,5.0,27.63,22.9,36.59,1.0,96.77,Suboptimal
UNI1691,East,Vocational,11130.6,976.2,117602.95,36.56,96.98,1.47,0.05,30.24,77.83,72.6,69.22,11.12,97.94,Optimal
UNI1692,East,Undergraduate,15379.17,3112.77,390445.29,51.05,98.19,4.04,0.45,105.92,92.08,50.77,54.12,6.59,97.38,Optimal
UNI1693,East,Undergraduate,20629.56,2592.18,190025.28,33.14,99.38,4.42,0.43,114.13,46.54,21.71,63.94,2.68,97.3,Suboptimal
UNI1694,East,Undergraduate,19557.97,200.0,182012.67,45.13,98.08,2.56,0.13,33.35,42.2,56.04,68.87,5.42,98.03,Optimal
UNI1695,Central,Vocational,8825.16,857.96,63854.93,40.09,95.99,3.76,0.35,46.02,71.67,73.04,70.42,14.85,98.24,Suboptimal
UNI1696,Central,Vocational,8961.86,200.0,14745.23,30.57,99.03,2.59,0.25,28.5,64.8,64.87,48.86,10.08,97.78,Suboptimal
UNI1697,West,Undergraduate,25673.67,2008.17,315300.55,62.3,100.0,4.84,1.02,84.75,74.13,52.18,98.84,11.96,99.37,Optimal
UNI1698,West,Vocational,21439.51,1665.3,10000.0,75.35,98.56,3.59,0.33,12.79,62.77,87.5,72.51,9.8,98.82,Optimal
UNI1699,Central,Vocational,6395.33,1659.23,192766.63,65.16,97.69,4.12,0.72,81.84,54.31,52.41,77.33,9.3,100.0,Suboptimal
UNI1700,East,Vocational,17614.19,1946.37,10000.0,62.6,99.05,0.56,0.25,42.13,64.97,19.31,65.49,15.14,99.23,Optimal
UNI1701,Central,Undergraduate,18586.82,893.22,265988.49,44.18,100.0,3.09,0.36,120.65,31.37,27.95,35.01,11.22,95.75,Suboptimal
UNI1702,East,Undergraduate,14365.07,660.29,170624.01,70.6,99.18,1.74,0.66,29.55,61.7,50.59,75.17,6.58,96.75,Optimal
UNI1703,East,Vocational,3000.0,680.48,10000.0,30.85,94.12,0.5,0.5,5.0,69.42,69.55,83.76,13.82,94.51,Suboptimal
UNI1704,East,Vocational,5033.36,280.19,41952.26,58.18,99.75,2.19,0.08,71.35,57.8,56.66,90.64,10.32,98.61,Optimal
UNI1705,East,Vocational,3000.0,631.62,10000.0,44.44,98.36,2.32,0.68,24.42,50.23,41.12,42.43,16.59,97.85,Suboptimal
UNI1706,East,Undergraduate,31324.55,2063.97,341402.75,60.22,98.24,4.81,0.5,64.3,89.33,55.93,34.43,13.29,99.84,Optimal
UNI1707,Central,Vocational,29002.09,600.5,16175.16,58.91,100.0,1.26,0.23,37.67,65.86,62.41,93.59,15.96,100.0,Optimal
UNI1708,West,Vocational,6461.48,1183.57,210945.04,61.95,100.0,3.7,0.72,24.04,66.26,61.99,57.8,17.42,99.79,Optimal
UNI1709,West,Vocational,3000.0,668.39,10000.0,15.38,99.41,3.58,0.48,36.72,88.05,70.85,58.92,10.14,97.35,Suboptimal
UNI1710,Central,Vocational,13635.94,919.82,102604.22,37.96,96.3,1.48,0.3,24.61,66.01,67.49,67.07,11.6,98.28,Suboptimal
UNI1711,Central,Vocational,5856.76,1959.27,160537.84,46.64,98.01,3.17,0.32,55.66,96.67,45.81,72.88,20.86,97.41,Optimal
UNI1712,East,Vocational,14756.85,1075.01,231260.76,43.67,96.64,5.15,0.82,65.02,36.17,38.29,39.37,9.92,96.7,Suboptimal
UNI1713,Central,Vocational,17534.22,933.29,269884.91,61.92,100.0,1.21,0.42,66.88,57.35,95.35,69.38,8.36,100.0,Optimal
UNI1714,Central,Vocational,14144.38,647.73,131088.88,47.31,100.0,3.37,0.49,46.71,56.37,67.45,72.72,6.33,100.0,Optimal
UNI1715,East,Vocational,3000.0,1169.52,94568.11,34.53,94.81,2.88,0.59,48.65,100.0,50.82,65.9,3.08,99.17,Suboptimal
UNI1716,East,Vocational,3000.0,918.55,176938.2,38.46,95.87,1.67,0.05,36.97,81.34,53.19,77.1,19.98,96.9,Optimal
UNI1717,West,Vocational,3000.0,200.0,10000.0,38.65,99.42,3.52,0.17,11.81,76.21,77.61,73.51,5.72,96.62,Suboptimal
UNI1718,Central,Vocational,24736.93,306.88,139406.58,47.38,99.75,4.9,0.96,46.32,89.77,99.22,57.99,18.41,98.73,Optimal
UNI1719,Central,Vocational,11792.57,249.73,10000.0,42.11,98.52,4.85,0.58,24.42,56.92,31.6,57.96,1.29,97.95,Suboptimal
UNI1720,Central,Vocational,11477.23,351.5,95245.45,32.13,95.29,2.43,0.45,31.69,67.57,29.13,58.48,18.18,98.18,Suboptimal
UNI1721,East,Undergraduate,25415.08,1925.49,56637.5,60.32,98.86,5.47,0.29,41.22,43.71,69.49,68.54,5.43,99.34,Optimal
UNI1722,Central,Vocational,3000.0,616.18,10000.0,51.14,97.26,2.17,0.33,24.01,63.33,59.05,50.8,9.0,97.22,Suboptimal
UNI1723,East,Undergraduate,12227.77,1494.9,56372.9,54.1,98.01,1.32,0.43,42.95,73.51,68.18,59.91,15.74,99.14,Optimal
UNI1724,East,Vocational,21881.37,2185.12,10000.0,60.77,96.06,2.41,1.04,18.59,71.32,78.89,55.2,4.71,98.4,Suboptimal
UNI1725,Central,Vocational,25893.03,1551.02,116520.99,52.66,100.0,4.08,0.66,17.95,59.57,56.48,89.3,16.7,100.0,Optimal
UNI1726,East,Vocational,24106.43,2022.84,111321.97,45.27,99.35,5.54,0.77,66.29,48.47,59.42,86.52,9.14,100.0,Optimal
UNI1727,West,Vocational,11532.67,2553.97,14646.98,35.09,96.9,3.61,0.75,74.56,65.21,86.76,97.89,17.01,97.87,Optimal
UNI1728,East,Undergraduate,17886.85,1703.36,330183.3,68.83,100.0,6.93,0.91,81.67,83.14,80.44,56.5,17.67,99.53,Optimal
UNI1729,Central,Vocational,14429.54,1317.12,145898.95,18.19,99.76,3.14,0.76,9.2,80.69,57.36,61.37,11.0,97.73,Suboptimal
UNI1730,Central,Undergraduate,17445.65,2021.47,16679.28,52.52,99.25,3.82,0.39,131.71,60.92,59.38,85.35,19.43,97.17,Optimal
UNI1731,Central,Undergraduate,32658.83,2880.81,192901.23,59.68,99.95,4.53,1.04,103.34,92.75,50.51,84.39,11.0,99.32,Optimal
UNI1732,Central,Undergraduate,24048.95,753.48,213476.59,55.04,98.51,2.02,0.33,90.81,79.34,95.64,64.05,21.5,97.15,Optimal
UNI1733,West,Vocational,24816.08,2008.12,213748.82,65.84,98.64,4.64,0.89,106.47,91.56,70.11,91.24,14.36,99.97,Optimal
UNI1734,Central,Vocational,16898.71,1587.43,98613.36,37.98,100.0,6.11,0.38,50.62,66.16,58.72,55.71,8.96,100.0,Suboptimal
UNI1735,Central,Vocational,21711.26,1695.44,252394.66,73.88,97.58,2.41,0.59,47.26,89.97,83.25,80.44,12.94,100.0,Suboptimal
UNI1736,Central,Vocational,13886.89,1894.14,302769.64,37.31,99.83,3.66,0.71,68.43,76.36,48.2,63.35,6.79,99.33,Optimal
UNI1737,East,Undergraduate,16366.97,3628.7,310948.43,44.62,97.6,3.63,0.52,124.48,100.0,74.65,80.56,17.34,97.47,Optimal
UNI1738,East,Vocational,3000.0,200.0,10000.0,45.61,98.7,0.69,0.2,32.01,45.46,27.97,49.51,9.75,98.32,Suboptimal
UNI1739,East,Undergraduate,33816.49,3689.94,334854.87,61.49,98.17,3.53,0.62,118.35,56.97,77.05,59.51,8.95,100.0,Optimal
UNI1740,East,Vocational,3000.0,605.61,84741.74,32.95,96.86,3.71,0.35,9.91,59.04,65.43,100.0,8.38,97.33,Suboptimal
UNI1741,East,Undergraduate,35179.03,1605.93,141041.32,53.6,97.84,1.68,0.13,51.03,65.96,53.26,62.29,3.44,98.64,Optimal
UNI1742,East,Vocational,3000.0,1302.08,115982.55,50.33,100.0,3.97,0.43,67.92,60.94,48.14,97.0,15.45,99.96,Optimal
UNI1743,Central,Undergraduate,11916.49,1216.31,332286.47,63.49,96.67,1.71,0.29,66.34,84.89,63.02,88.62,11.99,97.06,Optimal
UNI1744,East,Undergraduate,31838.9,2851.22,114852.88,67.34,100.0,4.41,0.95,54.86,64.02,62.86,50.59,10.48,100.0,Optimal
UNI1745,West,Vocational,11923.27,1287.1,10000.0,45.25,97.72,2.78,0.63,18.57,91.99,91.21,81.36,12.27,96.84,Suboptimal
UNI1746,East,Undergraduate,14472.91,2847.77,398602.92,70.63,98.81,2.01,0.7,108.85,53.43,69.1,51.42,8.74,96.57,Suboptimal
UNI1747,Central,Vocational,8740.2,2154.13,69837.73,35.55,97.38,3.51,0.75,55.95,67.94,21.26,49.99,14.18,98.24,Suboptimal
UNI1748,East,Vocational,10790.74,2437.56,126831.07,47.82,98.48,2.84,0.7,35.51,91.29,52.64,47.37,11.35,97.51,Suboptimal
UNI1749,Central,Vocational,7907.13,1191.27,112953.81,43.41,96.75,3.76,0.17,36.47,41.58,33.8,32.75,9.86,97.84,Suboptimal
UNI1750,East,Vocational,6007.33,200.0,110105.44,50.46,99.32,0.64,0.57,17.49,51.54,40.28,37.19,2.75,99.63,Suboptimal
UNI1751,Central,Undergraduate,17557.01,2365.33,393689.53,44.65,97.51,2.44,0.59,58.14,82.53,70.01,72.68,21.36,99.04,Optimal
UNI1752,East,Vocational,3000.0,2296.96,246384.98,18.58,97.77,5.11,0.54,49.02,73.96,57.99,68.53,5.45,96.24,Suboptimal
UNI1753,West,Vocational,25622.36,1702.52,10000.0,50.06,97.77,4.93,0.62,68.02,87.76,100.0,56.53,15.37,98.84,Optimal
UNI1754,East,Undergraduate,17884.89,3144.14,140080.03,71.2,99.11,2.72,0.59,74.12,80.85,51.84,71.05,6.59,98.28,Optimal
UNI1755,Central,Vocational,6782.45,200.0,245086.29,28.44,97.5,0.82,0.05,42.38,57.53,65.14,68.4,15.98,98.95,Optimal
UNI1756,East,Vocational,14788.04,2207.78,10000.0,59.15,98.79,2.67,0.25,53.51,65.64,47.32,62.3,10.92,99.9,Suboptimal
UNI1757,Central,Undergraduate,36542.51,3733.66,296922.54,54.37,99.69,2.71,1.07,106.26,51.18,29.54,71.36,3.41,97.55,Suboptimal
UNI1758,Central,Undergraduate,7433.86,2286.86,10000.0,63.17,97.49,3.65,0.63,74.88,57.59,54.15,66.26,3.3,97.76,Suboptimal
UNI1759,East,Undergraduate,24473.15,2935.24,138358.41,59.76,100.0,2.89,1.09,98.98,59.02,86.76,58.1,15.85,96.25,Optimal
UNI1760,East,Undergraduate,22400.34,1603.03,270691.33,100.72,99.26,4.22,0.45,67.54,66.82,70.46,82.21,13.21,99.53,Optimal
UNI1761,East,Vocational,3000.0,367.63,18863.89,33.9,95.61,2.29,0.12,5.36,80.19,61.9,49.88,12.8,98.55,Suboptimal
UNI1762,East,Vocational,5699.78,1658.88,73932.09,63.74,97.67,4.3,0.14,39.95,66.45,61.33,88.67,11.75,98.02,Optimal
UNI1763,West,Undergraduate,15948.14,1936.73,60714.12,62.82,95.62,0.5,0.67,67.09,34.04,57.12,83.44,10.03,97.56,Suboptimal
UNI1764,East,Undergraduate,23325.36,3363.89,116773.5,76.08,100.0,2.6,0.94,104.66,64.7,88.42,88.66,19.16,99.07,Optimal
UNI1765,East,Vocational,15007.43,1431.28,156850.3,48.13,99.94,4.38,0.38,69.6,70.49,49.23,71.98,5.71,100.0,Optimal
UNI1766,West,Undergraduate,26695.73,1832.56,73622.24,45.1,97.09,1.33,0.17,37.55,60.67,52.19,71.04,10.95,96.32,Suboptimal
UNI1767,East,Undergraduate,21878.45,2847.74,91573.63,54.86,98.89,2.1,0.94,80.52,85.34,73.98,65.21,9.45,98.43,Optimal
UNI1768,East,Undergraduate,7577.07,342.83,104261.57,64.18,97.83,1.92,0.31,44.29,27.35,32.79,37.84,1.0,96.92,Suboptimal
UNI1769,Central,Undergraduate,15256.31,3207.73,338386.47,45.45,99.86,4.53,0.74,117.57,84.25,92.73,100.0,11.67,99.16,Optimal
UNI1770,West,Vocational,6494.71,2177.98,43126.36,38.13,98.66,2.42,0.27,42.23,71.07,66.29,67.93,7.14,99.51,Optimal
UNI1771,Central,Undergraduate,18850.03,3081.91,361013.92,52.6,99.63,5.58,0.84,106.72,90.84,61.1,65.7,16.4,96.55,Optimal
UNI1772,Central,Vocational,15068.96,2577.46,152096.82,28.24,98.71,3.98,0.74,51.66,44.69,30.23,64.24,1.0,99.92,Suboptimal
UNI1773,West,Vocational,9816.92,200.0,10000.0,48.76,96.79,2.26,0.05,18.29,70.47,43.93,65.97,10.67,100.0,Suboptimal
UNI1774,East,Undergraduate,26466.79,927.75,83174.86,56.39,98.09,3.42,0.32,12.5,78.46,85.56,55.6,4.02,97.88,Suboptimal
UNI1775,West,Undergraduate,13470.52,1164.1,239495.57,35.17,99.29,2.91,0.73,35.01,41.34,65.19,64.88,12.79,96.9,Suboptimal
UNI1776,West,Vocational,3000.0,1237.95,92180.23,52.3,99.49,1.71,0.22,23.23,49.4,53.9,61.99,4.82,98.28,Suboptimal
UNI1777,West,Vocational,21429.42,3040.78,270471.27,28.47,100.0,5.03,0.96,62.81,31.6,31.9,73.42,6.29,98.43,Suboptimal
UNI1778,East,Undergraduate,28817.06,2097.69,166378.24,53.41,98.51,4.31,0.97,78.0,63.35,53.11,81.92,18.48,100.0,Optimal
UNI1779,East,Undergraduate,24581.0,3538.47,352388.9,56.97,97.51,3.32,1.0,105.45,55.67,57.73,70.72,8.59,100.0,Optimal
UNI1780,Central,Vocational,12089.6,2078.21,116060.48,49.98,97.69,2.58,0.31,38.06,55.26,76.68,48.77,11.08,100.0,Suboptimal
UNI1781,Central,Undergraduate,29273.92,2241.73,174700.76,62.61,100.0,4.32,0.68,69.58,86.91,55.38,88.63,17.82,100.0,Optimal
UNI1782,Central,Vocational,13521.56,1182.27,60732.0,49.95,96.51,2.43,0.59,39.31,88.33,59.94,67.31,12.37,100.0,Optimal
UNI1783,West,Vocational,3000.0,2110.8,230877.14,42.74,100.0,3.17,0.54,60.69,77.22,82.19,57.48,7.42,98.89,Optimal
UNI1784,Central,Undergraduate,23398.84,1684.94,387785.93,51.22,97.06,2.33,0.59,70.78,89.32,98.39,95.38,9.98,98.6,Optimal
UNI1785,East,Vocational,10702.74,292.08,10000.0,49.32,99.83,0.5,0.13,42.27,42.55,59.33,47.54,14.38,100.0,Suboptimal
UNI1786,East,Vocational,21756.71,3333.82,341445.54,37.68,98.36,3.55,1.27,58.94,80.08,69.29,41.36,12.63,97.94,Optimal
UNI1787,East,Undergraduate,14494.73,1575.88,319672.12,80.53,99.34,3.51,0.54,73.81,15.66,43.78,84.6,10.07,98.45,Suboptimal
UNI1788,East,Vocational,8596.81,1257.34,64280.42,29.73,100.0,1.14,0.61,14.16,86.64,37.6,43.02,7.71,96.95,Suboptimal
UNI1789,East,Vocational,8221.85,200.0,10000.0,39.41,97.0,2.22,0.05,21.44,74.41,30.27,52.35,15.19,95.96,Suboptimal
UNI1790,West,Undergraduate,17391.5,2200.89,290002.02,55.18,97.19,2.71,1.09,107.61,77.63,46.29,54.73,6.13,97.18,Suboptimal
UNI1791,Central,Vocational,4851.62,974.79,10000.0,28.98,95.99,3.73,0.34,8.47,100.0,65.73,59.75,12.04,96.66,Suboptimal
UNI1792,Central,Vocational,17090.95,2569.27,105170.17,70.52,98.11,3.77,0.56,55.18,51.26,53.95,100.0,16.81,98.92,Optimal
UNI1793,East,Undergraduate,19618.5,2363.63,57811.46,57.06,97.48,5.81,0.17,65.73,85.31,71.51,74.26,6.36,99.07,Optimal
UNI1794,Central,Vocational,13320.24,1230.53,10000.0,36.59,96.98,3.13,0.65,38.83,81.82,70.04,84.77,11.67,98.23,Optimal
UNI1795,West,Undergraduate,22922.65,2999.19,408184.88,60.36,95.35,1.42,0.84,72.52,65.4,46.15,75.36,6.54,98.89,Suboptimal
UNI1796,West,Vocational,7316.13,833.47,109299.92,34.87,98.45,4.27,0.23,5.0,30.76,55.22,43.23,9.28,99.17,Suboptimal
UNI1797,Central,Vocational,18871.55,716.71,182438.05,52.51,100.0,5.7,0.91,70.81,81.15,55.2,90.17,11.74,100.0,Optimal
UNI1798,West,Vocational,5353.72,2048.47,52227.16,46.61,96.58,0.5,0.09,55.66,60.97,72.08,63.65,1.26,97.99,Optimal
UNI1799,Central,Vocational,7818.09,1474.86,61461.91,55.33,98.34,4.26,0.74,76.13,52.99,70.43,75.19,3.09,100.0,Optimal
UNI1800,Central,Vocational,3386.2,1565.59,49791.33,54.84,100.0,3.78,0.39,18.85,47.85,26.81,42.97,2.17,98.88,Suboptimal
UNI1801,West,Undergraduate,10296.82,977.55,164765.97,35.67,94.31,2.54,0.79,57.65,38.86,70.11,67.73,1.0,98.17,Suboptimal
UNI1802,East,Vocational,23732.41,1472.23,98229.9,56.53,100.0,0.5,0.6,34.96,47.77,29.98,56.63,10.58,98.83,Suboptimal
UNI1803,East,Vocational,19657.29,200.0,10000.0,74.09,99.38,1.95,0.56,5.0,76.49,76.64,79.29,13.39,99.97,Optimal
UNI1804,East,Vocational,3000.0,677.84,95832.07,25.68,96.12,1.77,0.66,19.01,70.77,55.28,51.95,7.93,98.99,Suboptimal
UNI1805,Central,Undergraduate,20652.74,861.91,148473.26,39.18,99.72,4.23,0.35,30.8,80.73,38.23,98.43,9.73,99.08,Suboptimal
UNI1806,Central,Vocational,17446.47,200.0,59554.44,26.62,99.94,2.01,0.31,32.69,87.96,48.28,79.08,16.6,96.56,Suboptimal
UNI1807,Central,Undergraduate,13424.99,911.98,171616.95,66.04,98.31,1.69,0.1,13.93,88.41,61.5,74.15,15.51,96.96,Optimal
UNI1808,East,Undergraduate,8468.94,200.0,177258.35,39.91,96.72,2.56,0.5,46.25,44.74,60.59,55.09,1.85,100.0,Suboptimal
UNI1809,East,Undergraduate,27607.79,2290.89,344116.8,70.73,98.86,5.55,1.4,90.36,86.81,73.38,82.63,10.88,100.0,Optimal
UNI1810,West,Vocational,24493.49,1469.54,223656.16,60.19,97.53,2.85,0.62,53.55,81.39,56.57,58.84,13.86,98.39,Optimal
UNI1811,East,Vocational,3000.0,1396.51,19527.86,45.81,100.0,2.27,0.29,101.42,42.71,58.0,73.99,11.23,97.39,Suboptimal
UNI1812,West,Vocational,19589.74,1300.22,55532.94,41.46,98.62,4.95,1.19,77.42,47.77,31.6,69.63,14.33,98.97,Suboptimal
UNI1813,East,Vocational,23365.26,1658.35,179751.8,38.51,99.66,2.69,0.65,26.56,46.93,75.67,95.37,7.53,100.0,Optimal
UNI1814,Central,Undergraduate,3000.0,860.41,90800.04,64.47,95.42,0.5,0.66,43.71,34.59,75.12,58.59,4.98,96.79,Suboptimal
UNI1815,Central,Undergraduate,14328.26,2154.49,53833.68,26.7,94.94,3.59,0.6,72.41,49.93,71.22,66.67,11.85,96.65,Suboptimal
UNI1816,West,Vocational,26820.75,1237.2,223746.85,56.54,100.0,4.12,0.68,22.6,72.12,68.44,74.39,12.04,100.0,Optimal
UNI1817,East,Undergraduate,13911.2,1434.02,156551.8,51.24,97.04,3.19,0.06,83.74,84.54,41.48,89.88,1.84,96.86,Optimal
UNI1818,West,Undergraduate,13507.1,1695.44,57186.61,48.01,97.61,2.57,0.79,69.06,53.47,36.1,44.28,5.03,97.34,Suboptimal
UNI1819,Central,Vocational,6991.22,3365.12,333474.05,51.51,96.31,3.46,0.09,48.95,42.58,41.65,68.13,9.66,98.77,Suboptimal
UNI1820,Central,Undergraduate,21963.09,2094.02,138908.11,43.19,99.1,5.36,1.04,53.24,65.5,91.69,70.19,16.7,99.39,Optimal
UNI1821,Central,Undergraduate,22872.6,1578.97,126559.83,59.56,100.0,1.82,0.46,72.71,51.77,46.1,43.69,2.61,98.55,Suboptimal
UNI1822,East,Undergraduate,18333.71,2402.75,10000.0,64.99,97.48,4.1,0.74,48.79,55.97,75.2,100.0,10.1,99.5,Optimal
UNI1823,Central,Vocational,3000.0,200.0,72914.41,41.48,98.39,0.72,0.41,34.28,66.65,83.56,63.82,22.99,97.95,Optimal
UNI1824,East,Vocational,14336.0,200.0,38425.4,28.41,92.32,3.24,0.74,39.35,78.61,59.24,65.35,4.95,95.67,Suboptimal
UNI1825,East,Vocational,3000.0,1021.7,237576.36,33.07,97.39,3.73,0.64,21.98,46.82,47.61,91.44,14.39,99.72,Suboptimal
UNI1826,Central,Vocational,3000.0,2689.55,233238.53,50.28,96.06,5.75,0.88,65.72,23.21,49.38,46.71,2.13,98.41,Suboptimal
UNI1827,Central,Undergraduate,20572.06,1462.98,308194.42,24.21,98.5,1.97,0.62,37.81,78.72,48.59,75.75,13.49,98.31,Suboptimal
UNI1828,East,Undergraduate,22800.85,1904.37,178879.9,76.15,100.0,2.62,1.06,58.55,63.95,76.26,70.43,22.62,100.0,Optimal
UNI1829,East,Undergraduate,13072.11,2970.13,86796.91,48.71,96.02,2.22,0.82,85.43,86.92,40.99,66.15,12.85,97.96,Optimal
UNI1830,East,Vocational,17040.46,200.0,94256.35,47.13,100.0,2.05,0.13,50.59,65.56,55.5,83.62,12.13,99.06,Optimal
UNI1831,East,Vocational,21947.1,1063.19,87794.84,47.12,100.0,3.47,0.4,44.54,67.82,57.02,65.13,7.58,100.0,Optimal
UNI1832,Central,Vocational,4795.32,200.0,10000.0,32.48,99.88,0.5,0.5,12.29,64.57,68.45,21.16,6.09,97.4,Suboptimal
UNI1833,East,Vocational,12936.59,200.0,10000.0,22.4,97.46,0.5,0.38,5.0,39.18,20.15,65.49,7.69,100.0,Suboptimal
UNI1834,West,Undergraduate,9032.34,2355.36,160690.37,52.97,94.34,4.38,0.5,60.76,86.26,100.0,83.09,7.99,97.53,Optimal
UNI1835,East,Vocational,11887.96,1518.24,235660.27,39.57,97.71,2.72,0.97,5.0,57.72,44.75,67.77,1.0,98.49,Suboptimal
UNI1836,East,Vocational,3000.0,553.57,220751.21,48.23,99.42,3.72,0.66,54.54,72.62,49.37,57.69,4.49,100.0,Suboptimal
UNI1837,West,Undergraduate,23757.66,1857.41,177132.84,52.27,100.0,1.71,0.71,35.84,58.11,67.65,58.85,10.28,98.35,Suboptimal
UNI1838,East,Vocational,7323.16,200.0,55311.91,51.79,97.84,1.86,0.05,24.95,72.9,70.02,68.32,17.25,100.0,Optimal
UNI1839,East,Undergraduate,21779.22,1666.61,10000.0,51.58,96.85,3.24,0.82,36.14,52.64,64.1,84.8,4.1,98.17,Optimal
UNI1840,West,Undergraduate,19398.6,2238.98,40298.32,60.49,100.0,1.9,0.24,21.13,78.9,76.1,74.17,12.84,97.94,Optimal
UNI1841,West,Vocational,17412.84,200.0,55277.71,64.92,99.47,2.23,0.13,38.45,53.7,83.17,68.71,1.0,95.8,Optimal
UNI1842,Central,Vocational,8938.18,200.0,133895.85,43.91,96.22,2.89,0.47,46.5,70.61,72.59,54.78,7.48,99.55,Suboptimal
UNI1843,East,Vocational,21966.82,467.69,42354.17,61.57,99.85,2.45,0.8,5.0,87.67,53.99,60.08,1.0,100.0,Suboptimal
UNI1844,Central,Undergraduate,8429.47,1166.32,258981.55,39.26,98.87,2.85,0.84,69.16,60.82,49.76,54.69,19.73,97.83,Suboptimal
UNI1845,West,Vocational,8865.01,200.0,37626.29,42.79,99.56,3.03,0.07,27.76,85.01,65.1,96.38,15.76,100.0,Optimal
UNI1846,West,Undergraduate,13331.45,2289.41,180375.7,59.25,98.3,1.68,0.42,50.96,89.06,68.21,38.6,7.35,97.8,Suboptimal
UNI1847,East,Undergraduate,15452.91,852.07,291177.63,61.6,96.09,3.56,0.92,61.93,81.12,96.72,81.91,15.18,97.67,Optimal
UNI1848,East,Vocational,22695.55,1766.02,193225.61,54.71,96.59,5.83,0.59,60.21,46.51,93.58,86.97,27.41,99.34,Optimal
UNI1849,East,Undergraduate,23643.31,2562.6,328969.97,48.08,97.46,5.48,0.9,84.84,68.91,23.4,83.69,11.83,98.6,Suboptimal
UNI1850,East,Undergraduate,19535.98,2086.54,441023.3,81.14,98.88,4.74,0.94,62.53,42.99,18.79,33.21,3.88,100.0,Optimal
UNI1851,Central,Undergraduate,27878.74,3248.49,426828.3,67.32,100.0,5.29,0.14,98.32,77.85,57.37,40.45,18.4,99.89,Optimal
UNI1852,East,Vocational,17037.32,200.0,245481.23,42.91,100.0,2.6,0.73,31.27,57.25,50.0,62.74,3.06,98.98,Suboptimal
UNI1853,East,Vocational,11568.74,2236.29,103971.27,38.98,100.0,2.82,0.47,91.98,83.59,62.63,57.22,17.32,98.27,Optimal
UNI1854,East,Vocational,12723.84,200.0,10000.0,62.69,97.28,1.86,0.24,24.4,74.35,79.2,58.65,10.33,97.69,Suboptimal
UNI1855,Central,Undergraduate,14335.81,1078.67,118096.85,29.99,96.65,3.16,0.78,56.03,64.45,67.07,53.74,8.64,97.13,Suboptimal
UNI1856,East,Undergraduate,6390.06,1952.61,231784.09,38.7,96.6,4.37,1.04,84.0,44.21,58.26,51.57,2.27,98.61,Suboptimal
UNI1857,East,Undergraduate,3000.0,1682.47,245629.85,74.8,98.24,3.07,0.47,40.66,66.07,27.75,45.98,19.38,96.54,Suboptimal
UNI1858,East,Undergraduate,16796.62,2816.53,149674.45,64.2,99.88,5.4,0.89,65.36,90.1,44.24,72.13,9.35,97.27,Optimal
UNI1859,West,Undergraduate,28063.26,421.02,259777.06,51.49,98.49,3.91,0.96,90.91,70.24,87.56,66.42,14.57,100.0,Optimal
UNI1860,East,Undergraduate,9801.68,2570.92,297281.02,27.99,99.82,4.19,1.05,89.03,55.95,60.27,57.28,10.75,97.34,Suboptimal
UNI1861,Central,Undergraduate,28539.57,692.99,225814.57,32.78,97.23,1.32,0.98,113.27,66.79,35.65,55.94,5.62,99.48,Suboptimal
UNI1862,East,Undergraduate,27045.83,2048.25,233104.62,67.15,100.0,6.46,0.73,93.01,64.46,66.58,65.73,10.91,99.58,Optimal
UNI1863,East,Vocational,28391.03,1332.54,183520.87,65.52,100.0,3.12,0.44,67.88,95.11,41.24,100.0,7.56,99.25,Optimal
UNI1864,East,Undergraduate,25015.52,1468.71,283333.02,66.45,95.7,3.79,0.47,77.47,79.54,20.65,58.21,11.4,96.19,Optimal
UNI1865,East,Undergraduate,19421.19,1909.8,300275.46,17.15,97.54,2.24,0.5,42.99,64.76,38.05,67.6,4.95,96.13,Suboptimal
UNI1866,East,Vocational,5607.71,1766.79,125446.16,33.68,95.11,2.79,0.54,21.29,74.8,78.36,67.71,6.32,98.25,Suboptimal
UNI1867,Central,Undergraduate,8687.79,1155.06,99518.92,33.16,97.25,2.79,0.3,42.72,70.66,76.18,70.15,3.6,97.21,Suboptimal
UNI1868,Central,Vocational,25403.8,276.13,233815.71,87.03,97.91,1.42,0.56,52.93,69.4,38.38,67.42,15.74,99.46,Optimal
UNI1869,East,Vocational,14702.01,1083.46,10000.0,57.71,99.56,0.5,0.16,73.35,85.38,62.64,100.0,16.82,97.83,Optimal
UNI1870,East,Undergraduate,37245.63,2125.52,552535.45,80.22,100.0,6.69,1.02,119.38,97.69,89.27,92.85,14.27,97.6,Suboptimal
UNI1871,Central,Undergraduate,3000.0,1319.08,302592.65,24.5,98.24,3.59,0.55,58.05,55.56,53.11,78.44,12.01,97.85,Suboptimal
UNI1872,East,Undergraduate,37792.71,3040.39,355641.79,34.57,100.0,2.37,0.63,103.72,64.55,80.37,49.74,14.95,100.0,Optimal
UNI1873,East,Vocational,3000.0,200.0,23449.04,37.5,97.62,1.87,0.36,5.0,30.91,53.07,53.05,1.21,99.14,Suboptimal
UNI1874,East,Undergraduate,5301.63,1911.91,25828.05,52.04,97.74,4.62,0.82,50.85,88.83,86.39,72.64,14.56,97.55,Optimal
UNI1875,East,Vocational,3990.21,683.7,12164.09,33.46,97.39,2.4,1.04,50.35,88.3,51.79,59.99,7.99,99.18,Suboptimal
UNI1876,Central,Vocational,3000.0,2961.01,177350.5,47.13,97.69,4.05,0.49,78.5,48.7,63.69,56.44,8.88,100.0,Suboptimal
UNI1877,West,Vocational,8295.13,781.48,54756.03,43.69,99.12,4.42,0.61,29.45,75.74,100.0,77.7,19.37,100.0,Optimal
UNI1878,West,Undergraduate,49904.79,2559.1,297118.24,60.83,100.0,3.15,0.93,59.38,69.43,72.75,84.09,2.5,99.76,Optimal
UNI1879,West,Undergraduate,25051.07,1975.78,368170.83,83.44,98.76,5.17,0.88,90.79,98.13,75.8,96.03,10.67,99.74,Optimal
UNI1880,East,Vocational,3000.0,1462.25,136685.78,33.18,95.84,4.07,0.33,69.14,89.46,56.17,82.25,10.58,100.0,Optimal
UNI1881,East,Undergraduate,17626.41,2738.72,157979.07,46.07,95.98,6.35,0.49,23.14,62.51,38.16,75.76,12.73,100.0,Suboptimal
UNI1882,East,Vocational,3000.0,778.34,241195.04,36.52,92.98,4.3,0.63,73.59,9.71,32.12,59.15,13.19,98.0,Suboptimal
UNI1883,East,Undergraduate,33916.93,3048.41,296458.71,74.95,99.43,3.37,0.33,49.21,89.39,52.11,70.03,4.14,100.0,Optimal
UNI1884,East,Undergraduate,8875.04,1660.71,116645.63,35.58,97.93,2.28,0.37,69.97,76.62,44.18,74.28,19.35,95.47,Optimal
UNI1885,East,Undergraduate,30825.18,3344.42,366454.36,80.25,96.23,6.74,0.66,46.95,70.95,39.73,62.18,13.55,100.0,Optimal
UNI1886,Central,Vocational,7612.79,1200.23,162545.73,45.34,99.72,3.25,0.55,23.33,85.58,27.69,66.82,11.41,100.0,Suboptimal
UNI1887,East,Vocational,33826.88,1882.87,313848.18,48.85,99.02,4.68,0.95,72.33,51.91,38.96,64.67,1.57,99.73,Optimal
UNI1888,East,Vocational,16656.65,1464.76,190198.99,67.31,97.09,3.64,0.43,82.8,64.74,79.46,95.21,10.75,98.35,Optimal
UNI1889,Central,Vocational,17520.07,3199.65,360604.23,45.06,99.29,5.8,1.0,69.42,67.12,62.17,71.45,17.47,99.97,Optimal
UNI1890,East,Vocational,9355.63,1227.54,10000.0,53.63,100.0,4.48,0.4,93.89,61.03,42.61,46.25,7.27,100.0,Optimal
UNI1891,West,Undergraduate,15173.43,2227.44,283205.3,64.43,96.77,3.72,0.57,54.6,81.95,74.48,84.07,9.98,98.96,Optimal
UNI1892,East,Vocational,7799.97,200.0,10000.0,51.72,98.97,1.63,0.42,5.0,96.78,93.74,47.22,8.49,100.0,Suboptimal
UNI1893,Central,Undergraduate,13799.16,1796.14,151070.3,51.43,98.74,3.22,0.6,68.64,65.21,87.81,76.42,11.16,99.51,Optimal
UNI1894,East,Vocational,17764.45,609.98,136680.79,60.81,96.13,0.5,0.12,19.2,49.42,47.4,36.04,5.79,96.85,Optimal
UNI1895,Central,Undergraduate,20085.25,2999.32,343426.04,60.31,100.0,4.07,0.63,85.01,85.3,61.51,82.84,10.71,98.85,Optimal
UNI1896,East,Vocational,3000.0,621.7,10000.0,50.3,99.43,3.3,0.13,30.3,71.31,74.72,78.99,16.47,98.27,Optimal
UNI1897,East,Undergraduate,15019.89,2525.32,334380.14,55.38,98.67,3.12,0.82,92.46,87.5,69.14,73.34,7.12,100.0,Optimal
UNI1898,Central,Undergraduate,25542.59,2249.2,281991.55,53.53,100.0,1.48,0.05,83.53,78.44,66.78,100.0,9.05,99.79,Optimal
UNI1899,East,Undergraduate,14904.66,2793.59,204811.14,59.86,99.15,4.42,0.96,116.11,70.09,64.91,64.32,5.31,100.0,Optimal
UNI1900,East,Undergraduate,22985.34,200.0,10000.0,56.94,96.69,2.24,0.44,31.84,49.44,55.71,53.55,6.42,98.92,Suboptimal
UNI1901,West,Undergraduate,37414.61,1793.58,119163.2,43.12,99.56,4.62,1.12,89.93,85.41,55.35,78.73,4.84,100.0,Optimal
UNI1902,East,Undergraduate,21307.88,1828.57,289368.57,71.43,100.0,3.6,1.37,105.33,66.56,27.91,92.99,13.54,100.0,Optimal
UNI1903,Central,Vocational,17224.41,1843.32,181780.55,33.86,97.3,4.64,0.94,62.82,62.33,47.51,68.08,7.16,100.0,Suboptimal
UNI1904,Central,Vocational,5018.96,413.85,187960.21,51.18,98.26,2.94,0.38,40.07,24.17,65.15,53.16,3.89,97.15,Suboptimal
UNI1905,East,Undergraduate,34823.85,2865.57,394651.7,71.41,100.0,6.25,1.47,60.47,70.24,92.73,80.42,12.99,100.0,Optimal
UNI1906,Central,Vocational,8049.18,200.0,10000.0,55.32,99.32,1.95,0.23,44.54,64.75,82.64,60.89,9.44,97.36,Suboptimal
UNI1907,East,Vocational,6696.37,534.42,99867.56,28.43,99.04,4.07,0.05,49.55,70.24,50.58,68.36,4.96,97.64,Suboptimal
UNI1908,Central,Vocational,28661.43,706.17,143867.62,57.21,100.0,5.56,1.08,55.45,75.75,62.5,74.77,16.07,99.07,Optimal
UNI1909,East,Undergraduate,26497.78,2808.82,146915.58,51.36,98.59,3.88,0.81,59.53,37.81,96.47,95.94,21.83,98.14,Optimal
UNI1910,East,Vocational,17613.83,1138.82,10000.0,39.26,98.81,3.1,0.05,5.0,59.64,43.21,78.06,14.93,98.3,Suboptimal
UNI1911,East,Vocational,3000.0,518.25,81429.39,44.39,97.45,3.0,0.05,34.94,33.39,49.32,40.48,13.29,96.16,Optimal
UNI1912,West,Vocational,23226.63,200.0,60773.17,25.59,97.94,0.89,0.43,25.71,43.27,79.11,57.54,2.77,97.8,Suboptimal
UNI1913,West,Undergraduate,34947.45,1027.91,341490.02,84.71,99.78,3.76,0.59,113.94,76.39,56.61,71.67,7.66,100.0,Optimal
UNI1914,West,Undergraduate,17894.73,1804.85,159318.58,60.0,100.0,3.87,0.49,44.3,43.81,57.8,58.29,9.87,98.83,Suboptimal
UNI1915,Central,Vocational,4966.38,200.0,76962.39,39.56,97.58,4.88,0.85,24.43,69.29,77.38,52.57,17.01,96.66,Suboptimal
UNI1916,Central,Vocational,13685.85,822.03,10000.0,40.4,99.92,1.07,0.87,5.0,70.95,74.66,72.74,18.84,100.0,Suboptimal
UNI1917,Central,Undergraduate,28377.92,3123.4,195111.67,70.07,100.0,6.24,0.83,107.48,69.12,76.7,85.23,13.28,99.3,Optimal
UNI1918,West,Vocational,7149.84,1397.37,117569.96,34.86,97.63,2.98,0.5,70.54,41.55,73.57,72.56,1.0,96.81,Suboptimal
UNI1919,Central,Undergraduate,17833.0,2412.53,164580.19,52.27,95.11,2.55,0.65,93.95,59.68,7.93,61.93,1.28,98.87,Suboptimal
UNI1920,East,Undergraduate,14631.83,866.37,10000.0,49.47,99.85,3.79,0.28,62.03,71.21,63.76,100.0,12.4,97.45,Optimal
UNI1921,Central,Vocational,21264.79,1255.31,84274.74,50.52,100.0,6.36,0.19,76.68,51.6,60.17,68.75,12.83,99.46,Suboptimal
UNI1922,Central,Undergraduate,32560.07,2404.15,124125.48,64.25,95.82,3.32,0.05,68.01,85.87,59.14,80.96,10.26,99.71,Optimal
UNI1923,East,Vocational,21957.13,1391.82,222867.22,15.49,100.0,4.7,0.55,60.05,53.32,67.31,57.49,15.15,98.25,Suboptimal
UNI1924,East,Undergraduate,21686.35,2646.81,236699.99,26.77,97.83,3.61,1.06,92.7,76.2,53.52,93.86,16.38,98.01,Optimal
UNI1925,East,Vocational,32638.47,3493.53,243876.11,70.42,99.38,3.95,0.81,82.03,59.88,75.96,95.76,10.83,100.0,Optimal
UNI1926,West,Vocational,9660.81,1559.22,133959.12,36.76,99.46,1.6,0.71,88.01,42.66,48.94,62.41,8.5,98.64,Suboptimal
UNI1927,East,Vocational,13768.28,1147.64,108703.82,30.11,94.26,2.83,0.78,53.67,60.82,78.09,57.12,22.38,99.06,Suboptimal
UNI1928,West,Undergraduate,22404.05,2463.43,362285.61,44.91,96.33,5.53,1.22,96.31,53.43,56.15,73.74,14.92,97.33,Optimal
UNI1929,East,Vocational,12214.86,721.28,10000.0,29.08,96.73,1.3,0.15,11.1,64.12,59.69,57.93,8.81,97.93,Suboptimal
UNI1930,West,Undergraduate,19152.5,1859.6,108230.76,29.27,98.08,4.95,0.58,58.69,48.22,57.08,74.01,11.01,96.64,Suboptimal
UNI1931,East,Vocational,14431.19,1292.57,270761.96,22.45,100.0,5.73,0.56,53.67,68.52,59.36,46.68,13.62,97.62,Suboptimal
UNI1932,West,Undergraduate,37834.36,2605.85,367997.03,36.01,98.72,3.39,0.57,68.07,76.35,48.62,75.59,11.14,98.78,Optimal
UNI1933,Central,Undergraduate,17494.9,3475.38,393121.15,64.92,99.29,3.82,0.48,113.85,100.0,89.28,72.48,11.67,98.11,Optimal
UNI1934,East,Undergraduate,21777.5,2674.57,349476.53,53.4,100.0,5.11,0.95,97.47,90.26,69.06,67.78,5.27,100.0,Optimal
UNI1935,East,Undergraduate,16855.66,2926.12,62197.18,62.72,98.03,5.22,0.59,120.15,98.24,68.73,89.67,10.51,99.08,Optimal
UNI1936,East,Vocational,9949.76,1279.2,10000.0,41.6,99.4,3.38,0.37,39.11,51.95,79.41,77.88,11.45,96.39,Suboptimal
UNI1937,East,Undergraduate,15263.76,2637.11,206128.87,74.06,98.48,4.53,0.55,80.98,48.19,69.43,75.96,7.61,100.0,Optimal
UNI1938,Central,Vocational,20309.36,200.0,301569.65,41.54,100.0,3.25,0.11,40.09,75.55,94.54,89.86,15.64,99.34,Optimal
UNI1939,West,Undergraduate,15844.05,3782.78,227794.91,59.66,97.96,2.85,0.7,83.72,99.97,81.31,100.0,16.11,100.0,Optimal
UNI1940,Central,Vocational,4575.93,200.0,93522.64,32.5,97.25,0.71,0.43,48.81,100.0,67.17,75.87,10.52,97.34,Suboptimal
UNI1941,Central,Undergraduate,20128.93,3170.07,364944.43,65.66,100.0,4.74,0.72,61.0,69.91,88.96,57.45,4.23,98.61,Optimal
UNI1942,East,Vocational,14334.61,200.0,149781.92,27.36,98.29,2.98,0.77,54.81,50.79,57.17,41.43,8.35,97.05,Suboptimal
UNI1943,West,Undergraduate,22454.31,2840.34,323843.26,76.48,99.34,5.09,0.79,134.45,85.12,53.03,79.44,14.52,100.0,Optimal
UNI1944,West,Vocational,3000.0,200.0,10000.0,60.59,98.41,1.91,0.05,52.66,64.41,75.7,82.44,12.22,96.63,Optimal
UNI1945,East,Vocational,12866.73,231.29,10000.0,64.93,100.0,0.5,0.54,43.9,59.78,26.78,66.25,6.49,97.16,Suboptimal
UNI1946,West,Undergraduate,19410.78,2572.41,374693.55,54.46,100.0,1.46,0.74,94.91,86.09,15.68,84.94,7.71,98.89,Optimal
UNI1947,East,Undergraduate,20398.99,2966.49,365732.62,52.41,99.0,6.78,1.31,102.43,100.0,89.71,84.25,19.53,97.82,Optimal
UNI1948,West,Undergraduate,29707.19,2967.18,152733.45,61.08,99.38,4.12,1.1,80.41,94.74,76.27,89.74,14.37,100.0,Optimal
UNI1949,West,Undergraduate,19189.1,2577.16,189775.73,40.54,95.85,2.42,0.24,41.29,67.58,37.73,53.61,1.0,98.34,Suboptimal
UNI1950,Central,Undergraduate,20998.43,1650.49,335641.35,64.58,100.0,3.77,0.69,63.99,62.86,100.0,76.77,10.49,100.0,Optimal
UNI1951,East,Undergraduate,12732.03,1809.65,345069.61,41.47,98.51,3.07,0.98,101.35,84.98,62.24,77.32,11.84,97.97,Optimal
UNI1952,Central,Undergraduate,19496.33,2098.45,247779.69,34.68,99.82,1.51,0.86,84.62,47.34,48.65,44.31,4.44,98.9,Suboptimal
UNI1953,East,Vocational,14592.06,1533.09,65660.83,44.21,99.34,4.84,0.64,62.75,79.94,61.34,63.96,9.28,100.0,Optimal
UNI1954,West,Undergraduate,31036.58,2179.78,132689.11,11.79,100.0,3.24,0.48,87.7,87.97,50.2,66.63,11.18,97.13,Optimal
UNI1955,East,Undergraduate,7051.93,2712.99,169230.25,43.8,96.94,4.03,0.97,73.55,72.68,53.28,68.8,18.61,99.13,Optimal
UNI1956,Central,Undergraduate,19102.17,1537.52,310084.97,44.6,97.02,4.53,0.51,85.26,53.59,61.86,71.72,9.12,99.8,Suboptimal
UNI1957,West,Undergraduate,30980.11,2312.19,94891.49,67.19,100.0,4.84,0.89,45.29,59.62,65.43,73.11,19.2,98.94,Optimal
UNI1958,East,Vocational,22252.96,200.0,46338.02,51.72,99.1,3.17,0.25,34.93,61.54,56.77,87.76,11.71,98.43,Optimal
UNI1959,East,Vocational,3000.0,200.0,88928.52,55.4,98.86,1.85,0.32,12.32,92.82,69.1,82.0,12.6,98.97,Suboptimal
UNI1960,Central,Undergraduate,17432.63,3478.52,353250.56,54.12,100.0,5.63,0.52,80.43,86.33,57.03,83.94,9.51,98.01,Optimal
UNI1961,East,Vocational,8560.74,200.0,23833.06,21.77,98.1,2.27,0.07,16.6,91.96,53.27,89.64,8.41,96.07,Suboptimal
UNI1962,East,Vocational,5816.94,200.0,164302.67,32.64,100.0,3.66,0.26,19.44,83.96,82.59,87.47,11.01,99.58,Optimal
UNI1963,East,Vocational,3274.69,358.8,10000.0,43.89,98.31,2.53,0.76,30.48,53.44,56.18,67.48,11.45,96.97,Suboptimal
UNI1964,East,Undergraduate,35608.05,3938.25,475950.45,56.86,100.0,4.98,0.9,76.87,87.93,78.07,75.19,6.13,99.6,Optimal
UNI1965,Central,Undergraduate,38546.28,2331.92,344777.39,82.7,100.0,2.52,1.05,61.38,75.51,38.88,64.97,15.33,99.23,Optimal
UNI1966,Central,Undergraduate,13401.94,2244.53,403855.14,54.48,98.45,5.75,0.57,59.19,67.39,100.0,77.12,17.44,99.44,Optimal
UNI1967,East,Vocational,33280.69,1186.75,162488.48,69.22,100.0,4.39,0.86,58.52,93.46,61.16,77.07,6.64,99.93,Optimal
UNI1968,Central,Vocational,3000.0,240.91,10000.0,10.0,95.96,1.61,0.47,5.0,78.05,47.04,48.95,16.92,96.45,Suboptimal
UNI1969,East,Vocational,3000.0,1451.25,242857.01,14.02,96.51,1.1,0.62,46.43,52.87,54.54,78.43,17.09,98.02,Suboptimal
UNI1970,East,Undergraduate,28480.29,1971.61,91388.24,25.6,97.07,3.05,0.21,45.38,55.96,37.06,72.38,1.0,97.83,Suboptimal
UNI1971,Central,Vocational,8508.33,1121.84,91368.87,48.38,98.06,2.98,0.62,8.86,55.74,60.72,78.32,7.21,97.07,Suboptimal
UNI1972,East,Undergraduate,16066.32,759.87,258496.33,48.77,98.57,5.46,0.41,60.73,45.82,25.83,78.04,3.18,98.84,Suboptimal
UNI1973,Central,Vocational,20900.68,1610.48,280680.41,58.86,99.63,5.24,0.95,41.5,67.54,81.12,72.75,16.14,99.52,Optimal
UNI1974,West,Vocational,14096.37,921.89,177129.07,52.15,99.59,2.11,0.86,66.14,48.61,77.01,72.8,9.56,99.43,Optimal
UNI1975,Central,Vocational,11950.44,708.94,177992.98,45.08,97.01,1.78,0.05,56.71,69.42,54.73,77.81,7.72,98.78,Optimal
UNI1976,Central,Undergraduate,22581.05,3072.17,178569.52,56.37,98.74,1.65,0.63,54.53,96.38,43.62,61.21,14.73,99.15,Optimal
UNI1977,East,Vocational,18144.54,1640.36,159268.38,43.19,96.16,1.74,0.54,51.84,69.44,50.52,65.5,18.76,99.81,Suboptimal
UNI1978,East,Vocational,4350.63,877.8,202845.9,48.77,98.91,1.89,0.57,50.74,82.77,64.25,69.4,11.44,97.65,Optimal
UNI1979,East,Undergraduate,10276.04,2685.6,48355.25,54.59,96.44,4.0,0.86,68.02,61.34,33.12,74.65,5.64,99.7,Suboptimal
UNI1980,West,Undergraduate,17855.75,2449.01,416678.57,72.31,100.0,4.04,0.78,115.8,56.88,49.37,66.96,10.45,98.9,Optimal
UNI1981,West,Undergraduate,19875.46,2979.78,10000.0,88.07,97.36,3.58,0.51,52.15,100.0,85.2,67.23,15.6,96.88,Optimal
UNI1982,East,Undergraduate,18663.17,3787.08,338299.83,90.2,97.32,2.65,0.44,96.31,53.07,86.06,83.43,10.89,99.3,Optimal
UNI1983,East,Vocational,3000.0,200.0,10000.0,15.6,100.0,2.59,0.1,23.0,60.03,55.85,68.49,8.93,97.67,Suboptimal
UNI1984,East,Undergraduate,13922.44,2049.86,210432.47,55.18,98.39,1.0,0.28,54.9,63.77,77.32,75.94,8.45,98.15,Optimal
UNI1985,Central,Undergraduate,33526.4,3700.8,347458.47,53.45,100.0,4.34,0.68,72.51,100.0,73.2,63.37,9.19,98.03,Optimal
UNI1986,Central,Undergraduate,9602.84,712.26,139087.58,63.75,96.93,3.58,0.54,41.56,69.84,59.15,52.76,1.29,99.31,Suboptimal
UNI1987,Central,Vocational,5974.52,569.94,141939.87,47.48,100.0,2.59,0.46,32.96,100.0,78.82,79.07,11.82,98.41,Optimal
UNI1988,West,Undergraduate,23366.01,2130.91,275852.33,61.88,96.99,4.79,0.63,46.29,84.46,90.98,86.87,20.26,96.38,Optimal
UNI1989,East,Undergraduate,22592.6,2262.53,326414.54,10.0,96.67,1.7,0.49,86.33,70.51,83.85,83.09,5.74,96.78,Optimal
UNI1990,Central,Undergraduate,3000.0,578.76,279586.76,10.0,93.33,0.5,0.11,41.85,41.89,83.54,63.6,12.73,98.31,Suboptimal
UNI1991,Central,Vocational,19496.88,1133.93,10000.0,84.02,100.0,3.78,0.44,18.48,100.0,86.19,99.53,15.3,98.89,Optimal
UNI1992,East,Undergraduate,36511.31,3181.27,10000.0,66.21,99.41,5.4,0.59,97.1,55.98,40.81,75.65,5.8,98.78,Optimal
UNI1993,West,Vocational,29227.83,200.0,109217.48,51.86,100.0,3.34,0.77,82.41,82.9,100.0,92.71,19.5,100.0,Optimal
UNI1994,East,Vocational,17624.92,948.29,137247.69,52.97,99.76,6.47,1.01,46.39,92.79,65.62,80.26,19.44,100.0,Optimal
UNI1995,Central,Undergraduate,9911.2,2207.74,134130.26,31.17,97.13,1.32,0.25,45.45,96.47,63.07,100.0,21.22,97.36,Optimal
UNI1996,Central,Undergraduate,18048.83,1442.42,10000.0,41.49,98.04,1.19,0.57,66.4,54.76,68.21,53.24,10.51,96.71,Suboptimal
UNI1997,West,Vocational,3940.28,615.19,236194.68,31.26,100.0,3.78,0.77,61.12,67.71,75.08,69.7,13.14,99.56,Optimal
UNI1998,Central,Vocational,3000.0,1075.03,10000.0,27.7,98.53,2.98,0.42,29.24,49.93,50.88,72.16,15.69,98.4,Suboptimal
UNI1999,East,Vocational,25903.19,1170.71,31673.88,46.67,99.54,1.05,0.58,35.49,23.18,57.82,73.32,18.31,99.97,Optimal
UNI2000,West,Vocational,31602.34,1112.81,177367.67,76.28,100.0,2.0,0.49,51.0,78.04,90.46,63.47,9.78,99.26,Optimal
UNI2001,West,Undergraduate,26623.66,1901.83,327599.26,65.03,100.0,5.14,0.9,116.73,66.23,51.03,46.95,11.15,98.58,Optimal
UNI2002,Central,Undergraduate,4339.37,2174.29,194460.18,58.56,97.4,2.83,0.49,56.05,72.63,56.81,68.5,7.63,99.68,Suboptimal
UNI2003,West,Undergraduate,9110.28,4468.35,446466.71,49.79,95.23,4.7,0.95,108.17,67.97,32.45,69.36,5.89,98.8,Suboptimal
UNI2004,East,Undergraduate,21829.89,1250.39,207664.15,74.85,98.1,3.9,0.69,90.37,60.06,96.25,88.47,19.29,100.0,Optimal
UNI2005,Central,Vocational,13442.16,1294.49,95292.83,39.73,97.65,3.22,0.58,5.0,100.0,81.68,87.49,19.4,99.23,Optimal
UNI2006,West,Vocational,3000.0,1259.53,69540.71,32.69,96.81,1.96,0.42,49.17,52.46,51.97,70.15,15.83,99.67,Suboptimal
UNI2007,East,Vocational,10897.39,972.93,139884.11,51.86,97.51,2.61,0.3,28.08,44.35,46.58,42.69,8.86,99.31,Suboptimal
UNI2008,Central,Vocational,21679.01,200.0,161360.25,37.23,97.94,1.79,0.29,47.15,71.19,79.11,65.71,7.69,97.8,Optimal
UNI2009,West,Vocational,13187.86,592.08,10000.0,42.77,98.61,0.82,0.11,55.59,70.09,84.03,100.0,10.14,99.45,Optimal
UNI2010,West,Vocational,10746.93,1410.56,225525.56,39.09,98.37,4.11,0.75,65.96,63.71,47.48,70.78,7.28,97.45,Suboptimal
UNI2011,West,Vocational,8800.75,200.0,10000.0,67.88,98.37,2.79,0.67,28.02,59.74,60.35,76.9,12.82,100.0,Optimal
UNI2012,East,Undergraduate,7771.88,589.49,256192.22,68.83,99.71,1.18,0.48,66.63,81.07,66.85,74.97,13.72,99.76,Optimal
UNI2013,West,Undergraduate,18173.7,3640.73,372269.05,57.89,100.0,5.56,0.97,58.95,43.89,70.34,66.86,5.93,99.45,Optimal
UNI2014,East,Vocational,3000.0,1104.66,163891.21,25.99,100.0,4.11,0.77,106.05,55.16,60.46,70.36,17.4,98.8,Suboptimal
UNI2015,Central,Vocational,13571.88,1773.76,89596.79,38.93,100.0,2.53,0.54,54.14,74.49,66.81,77.01,11.39,99.18,Optimal
UNI2016,Central,Undergraduate,15506.49,1832.59,191010.31,30.72,96.38,4.36,0.73,86.98,63.11,75.86,75.11,10.99,97.35,Optimal
UNI2017,West,Vocational,8037.43,1208.08,93252.17,60.89,100.0,3.15,0.68,36.83,59.41,32.04,62.03,14.92,100.0,Suboptimal
UNI2018,West,Vocational,4154.42,200.0,77121.59,42.05,97.21,0.5,0.12,9.15,54.97,51.94,50.46,2.57,96.88,Suboptimal
UNI2019,Central,Undergraduate,30573.03,2863.5,455675.52,41.11,99.48,6.05,0.76,103.85,45.17,68.42,78.96,9.15,96.97,Optimal
UNI2020,Central,Undergraduate,32837.15,1511.93,233156.86,42.33,99.12,4.09,0.45,31.51,52.53,70.47,79.78,14.62,98.18,Optimal
UNI2021,East,Undergraduate,25464.82,1176.44,203520.08,35.62,98.14,2.04,0.19,61.38,71.4,59.1,99.82,4.26,99.51,Optimal
UNI2022,Central,Vocational,3263.31,200.0,254197.08,34.97,97.25,2.38,0.25,55.7,68.57,74.71,91.88,13.34,98.86,Optimal
UNI2023,Central,Vocational,15897.68,982.19,127422.26,42.84,98.12,2.55,0.61,38.77,49.98,43.12,51.84,17.75,98.78,Suboptimal
UNI2024,East,Vocational,24950.4,827.59,39517.28,60.59,97.99,0.72,0.1,29.63,75.9,100.0,53.65,19.61,98.65,Optimal
UNI2025,Central,Undergraduate,6806.24,3213.74,255611.08,61.9,95.5,5.09,0.7,115.57,55.3,84.82,66.96,15.17,98.83,Optimal
UNI2026,West,Undergraduate,32251.81,3430.17,214401.59,63.56,97.64,5.24,0.69,113.39,42.36,89.28,65.21,18.96,98.17,Optimal
UNI2027,Central,Vocational,8837.05,1482.18,122472.76,28.49,99.04,4.05,1.21,78.93,82.87,43.98,54.88,10.76,96.4,Optimal
UNI2028,West,Undergraduate,15824.0,1069.6,217537.33,45.6,99.85,3.01,0.67,47.93,100.0,67.7,75.52,14.68,97.67,Optimal
UNI2029,East,Undergraduate,14665.85,1065.72,167338.59,60.51,98.94,5.61,1.08,77.71,73.6,45.39,55.39,14.24,98.82,Optimal
UNI2030,Central,Vocational,13756.57,200.0,10000.0,38.36,98.08,1.2,0.21,23.1,63.47,77.02,76.1,10.88,98.48,Optimal
UNI2031,East,Undergraduate,20881.45,2191.49,386979.95,48.9,99.14,7.32,1.05,116.74,76.06,48.58,80.6,17.71,99.72,Optimal
UNI2032,East,Undergraduate,17671.17,2568.46,416656.16,62.98,98.03,4.21,0.54,75.1,59.82,80.22,77.19,11.45,99.88,Optimal
UNI2033,Central,Undergraduate,24874.26,2703.97,273072.23,48.48,97.14,3.43,0.69,59.98,83.97,96.23,73.58,13.63,97.76,Optimal
UNI2034,East,Undergraduate,18173.35,2664.2,309962.28,60.81,94.59,3.65,0.9,70.84,74.11,38.43,96.49,16.39,97.17,Suboptimal
UNI2035,East,Vocational,12731.44,823.5,10000.0,42.2,95.95,0.5,0.05,5.0,37.55,33.12,61.96,16.27,98.93,Suboptimal
UNI2036,Central,Vocational,8905.7,1246.2,10000.0,41.21,100.0,2.57,0.54,56.1,77.48,83.83,64.15,18.57,97.96,Optimal
UNI2037,East,Undergraduate,25280.03,4286.17,306393.27,70.55,100.0,4.35,0.96,107.54,86.51,90.94,78.67,18.87,97.91,Optimal
UNI2038,East,Vocational,20492.9,1895.93,188991.98,31.48,99.86,3.64,0.45,40.62,83.17,38.01,41.0,8.61,100.0,Optimal
UNI2039,East,Vocational,12489.54,1163.53,32889.25,51.9,97.17,1.05,0.1,19.66,82.48,87.93,60.98,19.06,96.62,Optimal
UNI2040,Central,Undergraduate,18599.41,1632.86,116076.41,38.45,95.42,3.48,0.42,15.52,35.08,57.32,88.57,18.17,97.15,Optimal
UNI2041,East,Undergraduate,15416.5,200.0,10469.48,36.65,95.83,0.5,0.12,23.49,33.07,49.29,75.69,1.0,97.4,Suboptimal
UNI2042,Central,Vocational,12487.15,561.1,232280.05,38.17,98.32,3.69,0.39,64.41,85.63,30.51,49.9,6.81,97.91,Suboptimal
UNI2043,Central,Undergraduate,43311.31,1353.97,183212.46,55.06,100.0,3.31,0.54,42.45,62.92,62.03,88.69,5.82,97.74,Optimal
UNI2044,East,Undergraduate,26267.49,1988.82,254547.07,40.21,98.83,4.12,0.63,59.88,56.31,61.35,65.05,4.86,100.0,Optimal
UNI2045,West,Undergraduate,24220.31,2044.38,213583.61,57.31,100.0,3.89,1.22,119.28,70.4,56.43,75.16,5.51,98.54,Optimal
UNI2046,East,Vocational,3000.0,860.92,10000.0,24.04,100.0,2.66,0.72,6.56,80.62,63.76,73.44,1.0,97.71,Suboptimal
UNI2047,Central,Undergraduate,22639.82,1674.65,268327.77,84.9,98.66,3.08,0.8,113.1,34.82,55.53,74.24,3.03,99.87,Suboptimal
UNI2048,East,Vocational,4320.37,200.0,90179.52,31.2,100.0,2.64,0.33,93.51,89.46,81.23,73.12,9.52,100.0,Optimal
UNI2049,Central,Undergraduate,24936.48,1416.92,301891.23,69.71,95.66,3.67,0.57,74.95,88.41,56.11,68.86,13.7,98.41,Optimal
UNI2050,East,Undergraduate,13353.03,1341.13,188069.79,63.44,96.9,5.72,0.54,82.44,63.23,80.7,64.74,5.34,97.39,Suboptimal
UNI2051,West,Undergraduate,41784.15,2033.39,275350.77,79.96,100.0,3.2,0.96,56.7,79.61,77.97,54.18,8.27,100.0,Optimal
UNI2052,East,Undergraduate,11222.76,1264.35,89775.51,54.17,99.39,0.5,0.4,20.01,67.61,70.71,64.46,13.86,100.0,Optimal
UNI2053,Central,Vocational,3000.0,361.49,156743.26,37.07,97.0,0.63,0.07,5.0,36.0,59.45,86.98,10.64,97.99,Optimal
UNI2054,East,Undergraduate,22362.12,2587.34,173917.67,66.14,98.29,1.67,0.73,90.16,74.07,51.57,57.34,17.45,98.87,Suboptimal
UNI2055,East,Vocational,15734.95,624.31,10000.0,63.41,100.0,2.35,0.54,45.06,72.97,55.6,46.32,16.12,100.0,Optimal
UNI2056,East,Vocational,3000.0,200.0,10000.0,13.39,96.19,1.26,0.31,33.31,65.62,59.89,75.79,4.91,95.28,Suboptimal
UNI2057,Central,Undergraduate,9821.38,1161.39,126232.24,22.44,95.75,1.81,0.52,33.0,64.58,31.61,64.36,4.25,97.12,Suboptimal
UNI2058,Central,Vocational,7967.22,2362.04,295713.47,66.48,100.0,3.03,0.6,61.32,55.76,49.61,70.61,13.86,97.05,Optimal
UNI2059,West,Undergraduate,19619.3,2943.38,186183.87,21.11,99.48,4.9,0.51,63.22,98.8,56.01,76.11,9.15,98.2,Optimal
UNI2060,Central,Undergraduate,15593.48,2577.0,393331.43,56.17,99.94,3.81,0.7,58.83,77.0,79.83,90.37,11.76,98.11,Optimal
UNI2061,West,Vocational,3000.0,1756.11,73069.13,31.65,97.52,3.95,0.31,16.31,68.36,63.57,82.85,1.4,94.85,Suboptimal
UNI2062,East,Undergraduate,30128.68,4302.99,440662.6,72.55,98.38,4.89,0.72,98.91,78.4,96.57,76.44,9.01,100.0,Optimal
UNI2063,West,Vocational,11978.16,560.79,13502.38,19.76,97.25,3.95,0.71,25.05,68.93,41.82,64.86,12.72,98.43,Optimal
UNI2064,Central,Undergraduate,30401.72,3438.91,174050.37,57.48,96.1,3.5,0.6,77.07,63.98,43.01,80.27,9.57,98.42,Optimal
UNI2065,Central,Vocational,18865.65,1237.87,160294.3,57.95,100.0,5.45,1.04,16.95,64.06,36.68,59.53,7.82,98.05,Optimal
UNI2066,West,Vocational,11067.49,904.68,31224.27,74.85,99.03,2.22,0.37,28.4,93.98,75.26,96.59,11.75,99.9,Optimal
UNI2067,Central,Undergraduate,11555.95,1666.25,81385.75,43.37,98.47,1.23,0.16,51.32,42.51,83.39,85.2,18.29,99.71,Optimal
UNI2068,West,Vocational,7944.55,200.0,83019.37,49.51,96.95,3.21,0.66,28.09,55.16,52.15,45.44,5.86,98.15,Suboptimal
UNI2069,Central,Vocational,14241.41,200.0,145930.69,26.74,99.56,2.93,0.31,43.17,70.04,74.64,100.0,17.03,98.38,Optimal
UNI2070,East,Undergraduate,27439.99,1396.68,114691.18,62.38,96.6,3.7,1.16,97.71,73.78,61.67,55.03,14.53,97.96,Optimal
UNI2071,Central,Undergraduate,10185.06,1046.45,230968.94,62.84,100.0,4.16,0.79,51.34,98.61,92.85,84.47,24.98,99.76,Optimal
UNI2072,Central,Vocational,3471.77,1666.95,43284.83,37.67,98.21,3.82,0.61,42.43,57.89,67.59,69.69,4.6,97.91,Suboptimal
UNI2073,West,Vocational,14848.33,1901.6,10000.0,49.88,97.52,0.5,0.29,5.0,43.23,77.52,70.62,1.0,99.43,Optimal
UNI2074,West,Undergraduate,21012.55,1970.43,271690.26,76.27,99.35,3.27,0.72,75.91,69.59,71.35,73.5,6.11,99.37,Optimal
UNI2075,East,Vocational,3020.06,894.4,10000.0,45.25,99.74,2.63,0.21,15.97,64.85,62.93,54.17,12.37,97.7,Suboptimal
UNI2076,East,Undergraduate,18492.63,3655.89,78068.41,57.37,100.0,4.45,0.55,82.45,64.05,56.39,65.89,19.13,98.98,Optimal
UNI2077,East,Undergraduate,23433.21,1539.79,108731.54,42.22,96.67,1.22,0.5,70.58,100.0,86.2,87.71,21.61,97.99,Optimal
UNI2078,Central,Vocational,3359.22,1019.22,10000.0,50.4,98.22,0.5,0.73,59.15,76.14,59.62,79.78,8.22,98.91,Suboptimal
UNI2079,East,Vocational,3000.0,200.0,34326.87,42.17,98.31,3.64,0.05,40.66,65.85,54.19,62.01,16.12,96.28,Suboptimal
UNI2080,Central,Undergraduate,24944.31,2319.74,277022.26,33.1,96.89,3.07,0.93,59.02,31.03,61.17,59.93,7.71,98.22,Suboptimal
UNI2081,Central,Vocational,15484.67,2007.39,10000.0,52.28,97.17,5.2,0.72,64.46,57.09,64.16,43.25,5.38,98.86,Suboptimal
UNI2082,West,Vocational,7901.17,1385.62,23597.16,27.3,98.7,3.93,0.4,52.5,83.0,69.46,66.73,11.72,97.82,Suboptimal
UNI2083,East,Vocational,3000.0,200.0,10000.0,26.15,96.8,0.5,0.05,5.0,37.27,30.03,44.32,1.0,98.13,Suboptimal
UNI2084,Central,Vocational,5682.96,350.5,10000.0,26.92,100.0,0.5,0.73,27.78,55.56,46.58,39.58,3.14,99.41,Suboptimal
UNI2085,East,Vocational,19179.44,200.0,68007.05,39.7,99.24,1.24,0.46,16.99,56.77,39.14,39.52,14.61,99.09,Suboptimal
UNI2086,West,Undergraduate,7946.1,2132.72,241994.16,46.49,96.52,2.55,0.7,83.27,85.41,88.82,95.8,12.44,100.0,Optimal
UNI2087,East,Vocational,6006.1,200.0,96009.18,73.02,100.0,3.68,0.47,61.3,84.02,51.03,52.14,2.86,100.0,Optimal
UNI2088,East,Vocational,18036.41,2020.79,88439.57,68.29,100.0,2.51,0.77,48.83,84.9,49.97,56.94,15.74,100.0,Optimal
UNI2089,East,Vocational,15903.79,1856.53,10000.0,67.85,96.51,3.59,0.65,40.31,47.84,68.69,89.33,6.87,98.97,Optimal
UNI2090,West,Vocational,17020.66,681.53,246871.95,95.1,98.83,4.02,0.61,75.83,56.44,84.22,92.26,11.29,99.77,Optimal
UNI2091,East,Undergraduate,27803.16,1656.63,422461.48,59.48,98.26,4.74,0.67,100.32,63.63,36.53,74.27,10.35,99.59,Optimal
UNI2092,Central,Undergraduate,37319.67,3989.24,429783.1,87.52,100.0,3.58,0.96,85.18,98.57,85.27,88.93,11.28,99.72,Suboptimal
UNI2093,Central,Undergraduate,29870.05,1797.6,173526.47,58.31,96.46,3.72,0.93,79.36,46.23,74.41,90.26,9.33,98.19,Optimal
UNI2094,West,Vocational,20327.21,200.0,10000.0,68.06,99.28,3.2,0.41,65.99,71.57,100.0,87.09,13.72,99.11,Optimal
UNI2095,East,Vocational,13871.36,882.87,84641.89,35.89,99.71,2.9,0.05,18.47,90.54,45.49,53.77,6.34,100.0,Suboptimal
UNI2096,East,Vocational,9073.61,200.0,15402.61,40.59,93.89,1.25,0.7,28.97,58.97,56.31,51.01,8.0,95.51,Suboptimal
UNI2097,East,Undergraduate,11295.16,718.0,283183.58,61.25,99.55,0.5,1.05,84.98,100.0,54.63,55.78,1.0,100.0,Optimal
UNI2098,East,Undergraduate,10568.68,2372.74,236240.89,58.74,99.2,3.11,0.69,60.11,48.45,61.48,62.11,7.48,99.01,Suboptimal
UNI2099,Central,Vocational,9175.9,1788.1,294190.67,42.04,98.76,4.93,1.34,115.51,48.97,52.45,46.64,15.91,99.69,Optimal
UNI2100,East,Undergraduate,13213.99,1562.86,224393.6,33.68,95.53,1.09,0.48,42.66,51.52,70.56,54.58,11.51,98.11,Suboptimal
UNI2101,East,Vocational,12147.96,220.15,181145.87,50.62,97.04,1.04,0.24,38.74,46.36,52.87,65.13,8.97,99.72,Suboptimal
UNI2102,East,Undergraduate,3000.0,1571.45,35909.01,25.72,91.65,1.33,0.05,83.02,32.05,57.39,79.2,9.31,96.52,Suboptimal
UNI2103,Central,Undergraduate,28859.95,2328.72,143627.81,50.69,99.53,3.57,0.36,36.6,67.26,60.47,52.84,14.13,100.0,Optimal
UNI2104,East,Vocational,3000.0,200.0,10000.0,38.45,98.14,2.41,0.35,33.69,47.06,9.3,49.39,1.0,99.23,Suboptimal
UNI2105,Central,Vocational,7219.11,1697.1,112640.4,49.3,97.42,0.97,0.5,38.53,52.65,67.32,48.84,15.74,99.53,Suboptimal
UNI2106,East,Vocational,14319.05,775.57,10000.0,59.35,100.0,0.98,0.36,41.45,69.49,44.17,69.79,14.84,98.69,Optimal
UNI2107,West,Undergraduate,14462.18,3282.35,274761.72,64.35,99.0,4.98,0.64,49.92,100.0,70.18,92.13,12.33,98.97,Optimal
UNI2108,Central,Undergraduate,31490.16,2453.89,196187.19,71.11,100.0,3.42,0.85,65.97,86.76,63.87,63.19,19.04,97.48,Optimal
UNI2109,East,Undergraduate,11134.09,1874.95,98347.64,31.65,96.23,2.37,0.27,51.44,65.22,62.49,67.95,1.47,97.99,Suboptimal
UNI2110,East,Undergraduate,36651.63,1546.76,302131.49,66.62,100.0,2.04,0.47,77.06,72.71,60.5,70.86,4.68,99.87,Optimal
UNI2111,East,Vocational,14463.87,427.61,139727.59,66.46,100.0,3.04,0.39,60.75,57.71,77.8,91.16,18.66,99.06,Optimal
UNI2112,East,Vocational,11611.42,1174.95,109032.36,43.49,98.52,2.84,0.76,5.0,89.58,86.72,77.93,19.91,100.0,Optimal
UNI2113,East,Vocational,33295.75,1161.41,316548.45,53.91,100.0,2.93,0.6,50.48,68.88,62.69,87.73,19.49,98.65,Optimal
UNI2114,West,Undergraduate,5170.29,3168.57,299302.5,30.38,98.84,1.95,0.71,69.56,88.98,100.0,88.19,8.4,98.32,Optimal
UNI2115,Central,Vocational,18327.57,573.72,16304.2,40.5,98.61,1.54,0.75,32.04,57.38,45.41,66.03,11.98,98.03,Suboptimal
UNI2116,East,Vocational,26427.77,200.0,10000.0,54.04,100.0,3.93,0.88,18.89,49.81,26.18,52.55,1.0,99.05,Optimal
UNI2117,Central,Undergraduate,17437.01,1482.41,303148.41,16.31,95.67,3.21,0.79,55.97,42.52,33.11,74.89,10.57,97.73,Suboptimal
UNI2118,East,Vocational,10450.82,1373.03,68374.98,34.29,98.15,3.33,0.5,5.0,87.07,66.64,91.05,9.42,100.0,Suboptimal
UNI2119,West,Undergraduate,37193.67,2731.28,209420.73,47.94,98.59,4.47,0.59,96.72,100.0,66.8,92.24,23.1,100.0,Optimal
UNI2120,East,Undergraduate,30334.0,2945.76,439011.14,84.29,100.0,4.71,1.02,78.76,68.79,49.49,76.07,11.44,100.0,Optimal
UNI2121,Central,Vocational,3000.0,1345.9,158817.56,10.0,96.32,1.56,0.36,37.14,26.82,25.38,50.41,11.45,98.98,Suboptimal
UNI2122,West,Vocational,14025.24,200.0,153260.52,52.91,98.56,3.84,0.56,10.21,20.37,57.77,51.81,4.31,100.0,Optimal
UNI2123,East,Vocational,5617.2,200.0,240476.53,50.71,100.0,3.34,0.38,54.24,100.0,90.53,66.4,13.21,96.45,Optimal
UNI2124,East,Vocational,3977.03,482.52,316421.38,46.12,100.0,2.29,0.58,44.1,71.72,54.37,74.87,14.29,98.42,Suboptimal
UNI2125,East,Undergraduate,21784.96,1977.43,353142.53,37.93,96.61,2.66,0.68,64.42,75.13,63.71,56.54,16.83,96.47,Optimal
UNI2126,West,Vocational,3000.0,200.0,41018.87,35.7,94.9,3.18,0.72,18.05,29.0,5.0,37.52,7.64,100.0,Suboptimal
UNI2127,Central,Undergraduate,22581.35,1210.86,243017.27,70.84,100.0,0.8,1.09,72.4,57.41,43.5,23.43,9.59,97.98,Suboptimal
UNI2128,Central,Vocational,3000.0,1982.14,10000.0,38.6,98.57,3.63,0.83,41.82,76.74,85.14,98.9,18.22,96.64,Optimal
UNI2129,West,Undergraduate,24684.15,2291.65,232299.19,34.08,99.84,4.28,0.82,98.08,82.51,68.16,100.0,18.77,96.25,Optimal
UNI2130,West,Vocational,3000.0,278.87,17484.9,48.52,97.41,0.62,0.09,5.0,62.41,70.73,71.91,11.07,96.67,Suboptimal
UNI2131,Central,Vocational,3000.0,1498.21,121974.31,44.0,96.64,3.41,0.71,32.78,68.08,42.07,70.23,11.05,98.39,Suboptimal
UNI2132,Central,Undergraduate,17777.18,878.93,11080.04,50.88,97.46,3.83,0.4,88.16,74.64,71.61,72.02,19.61,99.68,Optimal
UNI2133,Central,Vocational,21194.83,1321.2,78728.05,24.46,99.89,1.71,0.47,60.43,64.03,66.65,46.46,10.52,97.91,Suboptimal
UNI2134,East,Vocational,13592.87,1670.79,154923.44,39.54,97.63,3.9,0.88,67.98,38.21,65.36,74.56,8.73,99.95,Suboptimal
UNI2135,West,Undergraduate,20732.48,2021.01,10000.0,38.18,98.38,2.49,0.48,45.74,50.1,63.58,82.07,5.21,98.14,Suboptimal
UNI2136,East,Undergraduate,23195.16,2848.3,263181.94,45.88,99.19,3.67,0.75,50.39,67.7,66.85,74.43,13.74,98.77,Optimal
UNI2137,East,Undergraduate,23315.72,2854.41,310344.57,61.6,97.96,4.22,0.82,59.08,65.45,34.71,74.27,10.25,99.76,Optimal
UNI2138,West,Undergraduate,24800.05,976.15,360486.71,45.65,100.0,4.7,0.68,72.03,79.51,37.96,66.77,2.9,100.0,Optimal
UNI2139,East,Vocational,3000.0,667.3,222868.73,28.48,98.06,5.15,0.05,48.5,38.82,75.36,39.71,1.0,97.85,Suboptimal
UNI2140,East,Undergraduate,24636.66,514.72,79414.53,60.25,98.54,3.02,0.1,44.87,79.25,53.12,93.29,22.35,97.21,Optimal
UNI2141,East,Undergraduate,32974.01,3754.31,324504.17,63.46,99.95,5.47,0.97,82.91,31.42,29.97,75.01,11.68,99.78,Optimal
UNI2142,Central,Vocational,3000.0,1997.56,132280.02,31.13,94.96,3.38,0.31,52.74,86.98,87.92,68.94,16.16,98.52,Optimal
UNI2143,West,Vocational,3000.0,200.0,46331.34,25.43,96.34,3.84,0.2,18.45,40.13,30.72,67.35,9.83,97.46,Suboptimal
UNI2144,East,Vocational,4153.7,545.34,95499.15,33.82,95.6,0.69,0.08,21.43,74.52,100.0,77.43,12.76,99.42,Optimal
UNI2145,East,Undergraduate,9235.1,2424.04,379086.17,50.44,98.49,1.78,0.51,55.32,74.88,100.0,66.89,9.68,96.07,Optimal
UNI2146,Central,Undergraduate,13447.48,2970.8,16739.11,55.46,98.18,4.0,0.69,96.13,63.42,44.81,64.73,6.86,98.59,Optimal
UNI2147,West,Undergraduate,34002.1,844.65,269332.84,48.71,99.46,4.39,0.86,94.76,62.97,83.77,89.89,19.92,100.0,Optimal
UNI2148,East,Vocational,3000.0,200.0,177111.26,53.94,99.17,0.5,0.82,26.87,88.96,43.53,89.29,7.86,96.36,Suboptimal
UNI2149,West,Undergraduate,18535.12,956.65,51851.0,42.29,93.96,1.84,0.12,33.2,55.78,65.36,48.95,2.34,95.28,Suboptimal
UNI2150,West,Vocational,4553.3,200.0,10000.0,10.0,96.58,1.75,0.35,36.78,77.61,17.81,68.83,3.15,99.33,Suboptimal
UNI2151,East,Undergraduate,30709.43,1108.13,76251.77,47.03,98.02,2.78,0.05,19.75,80.06,30.43,46.67,11.44,99.28,Suboptimal
UNI2152,West,Vocational,3000.0,701.15,10000.0,42.69,97.1,2.36,0.28,28.95,82.97,55.03,59.32,8.33,98.94,Suboptimal
UNI2153,Central,Vocational,10285.45,2599.35,341105.31,49.37,96.56,1.86,0.89,51.67,46.19,70.3,67.41,7.12,97.99,Suboptimal
UNI2154,Central,Vocational,6331.03,1432.37,248104.46,42.36,100.0,3.1,0.74,40.71,70.06,35.17,78.83,9.3,99.24,Suboptimal
UNI2155,East,Vocational,3378.06,948.6,10000.0,38.99,100.0,1.8,0.74,73.04,22.94,31.11,50.36,2.0,98.68,Suboptimal
UNI2156,West,Vocational,20291.03,1067.61,10000.0,45.62,98.93,3.18,0.55,22.98,77.26,25.92,57.16,1.93,96.73,Suboptimal
UNI2157,West,Undergraduate,21196.02,1120.92,272201.67,59.22,95.71,3.9,0.67,81.17,98.17,65.82,97.06,18.9,98.5,Optimal
UNI2158,West,Vocational,26950.06,2077.19,210457.79,41.22,100.0,2.82,0.54,28.27,80.53,47.9,62.13,10.22,100.0,Optimal
UNI2159,West,Undergraduate,10580.97,1609.34,113086.38,46.54,98.85,2.7,0.31,85.42,59.93,49.69,62.69,15.78,99.53,Suboptimal
UNI2160,Central,Undergraduate,19678.9,1203.39,228091.59,65.01,96.93,1.73,0.18,100.73,67.77,62.94,38.39,1.42,97.24,Optimal
UNI2161,West,Vocational,6986.34,1744.77,142002.81,49.57,100.0,6.26,0.38,27.53,53.13,59.83,60.72,11.73,100.0,Suboptimal
UNI2162,West,Undergraduate,11114.7,1672.2,287057.31,73.44,98.33,3.75,0.77,60.5,83.89,86.85,72.05,8.77,98.89,Optimal
UNI2163,East,Vocational,16887.99,1207.78,142893.21,87.1,100.0,3.3,0.72,58.08,52.79,45.85,53.91,18.33,100.0,Optimal
UNI2164,East,Undergraduate,20155.69,1885.57,70833.39,45.23,99.17,5.24,0.41,64.43,47.87,82.73,82.06,5.58,99.28,Optimal
UNI2165,East,Vocational,16256.67,1367.69,10000.0,37.8,99.77,4.43,0.56,54.83,54.96,60.84,54.3,19.3,99.79,Optimal
UNI2166,West,Undergraduate,25299.11,1396.62,393716.06,50.63,99.69,3.28,0.21,32.17,100.0,58.87,63.88,11.88,97.36,Suboptimal
UNI2167,East,Vocational,24709.09,386.64,201361.55,69.7,100.0,2.94,0.3,28.35,58.89,63.15,41.5,8.27,98.38,Optimal
UNI2168,Central,Undergraduate,38611.48,2776.07,168105.86,81.9,100.0,5.84,0.86,92.79,73.71,58.41,66.73,14.2,100.0,Optimal
UNI2169,East,Vocational,7399.97,1287.66,66260.07,79.92,99.29,4.46,0.66,55.28,68.3,57.79,57.46,7.37,100.0,Optimal
UNI2170,East,Vocational,20403.56,1397.41,88030.74,41.23,97.15,1.8,0.05,28.23,52.66,69.43,89.53,12.22,98.17,Optimal
UNI2171,Central,Undergraduate,37163.47,2715.9,131086.87,65.44,97.42,6.05,1.08,45.51,76.05,84.68,96.97,16.69,98.76,Optimal
UNI2172,East,Vocational,11135.62,1153.1,159060.98,40.19,95.42,3.01,0.7,74.4,65.52,61.59,90.35,12.63,99.4,Optimal
UNI2173,West,Vocational,8721.13,1254.53,102446.46,30.21,100.0,1.13,0.26,16.47,54.32,97.4,70.38,18.78,98.73,Optimal
UNI2174,East,Vocational,3000.0,200.0,10000.0,41.61,97.59,3.05,0.3,53.79,76.76,39.45,64.62,19.34,98.0,Suboptimal
UNI2175,West,Undergraduate,14176.74,823.42,329007.65,35.61,97.36,2.68,0.61,57.47,76.09,40.27,40.58,8.63,98.98,Suboptimal
UNI2176,East,Vocational,26815.28,1074.62,343254.52,53.95,100.0,4.27,0.74,71.91,59.98,60.47,100.0,10.77,99.75,Optimal
UNI2177,West,Vocational,6105.57,887.44,39682.54,13.06,97.23,4.95,0.39,53.82,54.93,55.12,74.29,12.76,97.52,Suboptimal
UNI2178,Central,Vocational,11441.39,1553.69,10000.0,43.39,100.0,1.63,0.6,25.3,100.0,92.29,71.08,14.35,100.0,Optimal
UNI2179,East,Undergraduate,10493.94,1556.9,177848.26,49.33,96.6,2.55,0.66,43.2,70.45,84.85,87.68,11.44,99.15,Optimal
UNI2180,East,Undergraduate,16096.79,2956.16,402002.9,67.62,98.07,5.49,0.38,66.98,74.01,68.36,51.19,12.91,98.69,Optimal
UNI2181,East,Undergraduate,23603.1,1943.55,259820.79,48.54,95.97,5.24,0.66,80.22,100.0,74.68,77.96,9.13,96.81,Optimal
UNI2182,Central,Undergraduate,18007.11,1200.05,229424.76,74.0,99.12,2.47,0.65,29.82,72.9,54.3,64.19,9.35,99.14,Suboptimal
UNI2183,West,Undergraduate,41262.59,3485.18,155163.39,82.7,100.0,6.46,0.54,86.09,74.08,85.63,84.71,15.11,99.11,Suboptimal
UNI2184,East,Vocational,5326.82,200.0,32878.93,18.84,95.49,2.12,0.32,13.85,79.78,36.95,81.39,19.74,96.41,Suboptimal
UNI2185,East,Vocational,27266.7,608.66,10000.0,80.65,98.91,3.38,0.37,38.03,89.5,62.61,78.67,17.43,100.0,Optimal
UNI2186,Central,Vocational,8913.45,253.89,107510.25,64.85,100.0,4.99,0.42,64.17,63.33,74.35,71.14,6.41,99.48,Optimal
UNI2187,Central,Undergraduate,14462.55,2282.48,253801.8,56.11,96.71,5.18,0.62,92.72,47.47,90.89,32.49,6.15,99.94,Suboptimal
UNI2188,Central,Vocational,11036.31,1136.94,215162.85,55.29,100.0,5.19,0.34,41.24,99.79,81.35,100.0,26.33,99.77,Optimal
UNI2189,Central,Vocational,3111.39,954.9,205216.48,46.9,97.97,1.2,0.44,49.2,71.56,50.53,54.23,6.34,96.45,Suboptimal
UNI2190,Central,Vocational,15059.61,200.0,10000.0,32.13,98.46,2.85,0.42,27.55,41.81,19.32,51.51,1.0,99.4,Suboptimal
UNI2191,West,Vocational,12868.54,200.0,10000.0,45.31,100.0,3.29,0.47,29.02,77.24,38.04,85.82,2.31,98.54,Suboptimal
UNI2192,East,Vocational,21403.42,424.01,60863.42,65.9,99.79,1.95,0.67,27.8,100.0,85.4,63.77,18.51,99.61,Optimal
UNI2193,East,Undergraduate,33740.64,3379.07,413894.98,80.21,100.0,5.71,0.9,126.34,88.59,95.84,78.86,13.81,100.0,Optimal
UNI2194,East,Vocational,15520.18,2577.0,242445.57,48.51,100.0,4.68,0.66,83.74,66.38,60.55,78.29,15.19,100.0,Optimal
UNI2195,Central,Undergraduate,25149.58,5328.37,377333.75,65.19,100.0,7.68,1.13,77.0,42.17,54.45,89.44,11.93,100.0,Optimal
UNI2196,East,Vocational,16065.15,1068.65,181323.05,39.78,100.0,2.72,0.45,8.42,57.46,55.19,62.47,4.07,98.65,Suboptimal
UNI2197,West,Vocational,3000.0,200.0,95959.26,28.65,94.31,1.94,0.43,52.87,27.38,23.07,73.08,1.0,95.94,Suboptimal
UNI2198,Central,Vocational,32970.38,1729.21,186881.47,80.88,98.99,3.01,0.88,38.6,40.61,89.76,70.74,10.01,99.69,Optimal
UNI2199,Central,Undergraduate,14053.34,2620.35,194940.61,42.01,99.63,4.08,0.46,98.69,80.36,45.18,80.1,11.91,98.86,Optimal
UNI2200,West,Undergraduate,32418.42,1841.89,70321.66,77.81,99.89,2.24,0.61,115.54,95.13,76.72,84.61,8.14,99.31,Optimal
UNI2201,East,Undergraduate,35423.75,3243.74,353698.09,61.94,100.0,3.9,1.09,100.4,48.21,75.8,77.38,17.74,97.97,Optimal
UNI2202,West,Vocational,18363.83,200.0,125036.3,54.84,97.88,2.76,0.72,23.7,58.49,66.28,68.71,5.22,98.97,Suboptimal
UNI2203,East,Undergraduate,21996.89,2433.77,107394.67,59.9,97.68,2.95,0.8,73.38,55.69,52.79,48.25,1.0,98.61,Optimal
UNI2204,Central,Vocational,14599.78,200.0,10000.0,53.41,98.95,2.44,0.45,38.03,43.32,41.06,47.5,5.28,98.55,Suboptimal
UNI2205,West,Vocational,27897.37,1433.35,147240.0,32.43,98.24,2.9,0.56,57.1,74.84,97.98,76.81,23.26,98.67,Optimal
UNI2206,West,Undergraduate,32168.55,3539.87,200361.19,56.38,100.0,1.2,0.34,90.15,100.0,96.11,82.8,23.5,99.75,Optimal
UNI2207,West,Undergraduate,30083.32,1630.38,209522.59,59.25,97.37,2.39,0.73,69.34,66.28,100.0,100.0,8.8,99.27,Optimal
UNI2208,East,Undergraduate,24986.26,2578.41,296409.28,66.71,99.96,3.94,0.86,64.55,37.95,43.03,74.97,16.6,99.74,Optimal
UNI2209,West,Vocational,3000.0,1332.11,38005.28,44.17,98.52,1.9,0.59,52.47,40.76,26.47,67.47,10.23,97.5,Suboptimal
UNI2210,Central,Vocational,3000.0,948.42,14825.36,43.72,96.46,1.3,0.31,22.1,63.42,25.94,38.06,5.1,96.75,Suboptimal
UNI2211,Central,Vocational,22962.38,200.0,46239.85,69.34,97.07,5.62,0.35,5.0,49.81,19.11,61.08,10.22,99.34,Suboptimal
UNI2212,East,Vocational,4436.39,1848.16,58112.93,36.84,100.0,3.64,0.23,29.99,47.4,34.03,60.53,14.82,98.43,Suboptimal
UNI2213,East,Undergraduate,29533.54,1513.88,260139.24,54.06,97.26,2.88,0.39,67.57,91.46,57.27,91.46,7.69,98.18,Optimal
UNI2214,Central,Undergraduate,23782.38,2091.32,293774.92,51.26,99.71,4.43,0.32,104.38,85.02,67.76,99.44,12.25,98.38,Optimal
UNI2215,East,Vocational,16078.9,200.0,10000.0,31.66,98.16,1.83,0.2,59.79,19.44,60.69,51.36,4.63,99.78,Suboptimal
UNI2216,Central,Undergraduate,20252.49,1325.44,192770.97,74.29,98.53,1.43,0.51,61.41,75.69,71.34,66.34,13.35,100.0,Optimal
UNI2217,West,Vocational,3000.0,200.0,121019.69,10.0,98.14,2.9,0.21,32.3,83.58,50.73,79.9,17.51,96.97,Suboptimal
UNI2218,West,Vocational,17173.6,1235.57,157447.05,43.78,100.0,4.11,0.44,46.74,58.69,46.21,54.92,9.54,98.24,Suboptimal
UNI2219,East,Vocational,7648.01,376.87,101037.36,55.93,98.55,0.5,0.28,44.44,61.13,90.36,67.66,9.13,97.0,Optimal
UNI2220,West,Undergraduate,3891.67,1488.58,142627.97,37.91,93.78,2.16,0.17,38.7,97.96,72.82,45.87,13.11,96.5,Suboptimal
UNI2221,East,Vocational,26886.08,1215.62,56964.91,60.16,99.8,3.09,0.31,44.44,57.87,65.6,65.81,10.55,99.02,Optimal
UNI2222,Central,Vocational,14197.8,2999.39,207325.46,85.54,98.63,3.71,0.87,46.03,68.98,68.01,89.76,2.72,100.0,Optimal
UNI2223,West,Vocational,8067.15,616.22,20226.98,52.21,98.93,5.05,0.42,76.03,64.09,48.66,66.11,11.14,98.65,Suboptimal
UNI2224,East,Vocational,8303.89,200.0,10000.0,56.67,98.22,4.92,1.14,5.0,59.32,83.9,73.02,13.08,99.56,Optimal
UNI2225,East,Undergraduate,35065.3,1598.45,337045.88,92.85,100.0,4.08,0.75,100.68,59.6,53.93,79.19,14.04,100.0,Optimal
UNI2226,East,Undergraduate,9431.98,4265.2,315816.56,67.06,99.0,4.0,0.88,91.05,60.26,54.28,80.19,2.51,96.49,Optimal
UNI2227,Central,Vocational,21295.76,1953.45,123331.17,46.59,96.7,3.24,0.55,60.6,88.39,33.69,62.41,13.37,99.13,Suboptimal
UNI2228,West,Vocational,3000.0,200.0,10000.0,43.08,99.09,0.5,0.05,5.0,78.41,50.89,80.55,17.95,98.46,Optimal
UNI2229,East,Undergraduate,21449.39,4170.81,248300.96,67.18,99.3,3.64,1.22,58.04,58.61,44.15,92.71,19.43,98.83,Optimal
UNI2230,East,Vocational,12162.88,2458.47,10000.0,53.76,100.0,4.16,0.84,64.52,57.16,72.16,70.91,14.25,100.0,Optimal
UNI2231,Central,Vocational,30873.79,1237.82,189896.68,47.37,100.0,7.12,0.47,102.59,65.89,59.57,59.9,18.61,99.27,Optimal
UNI2232,East,Vocational,4182.66,200.0,10000.0,52.0,99.35,3.57,0.05,24.82,57.2,36.99,39.58,1.0,97.44,Suboptimal
UNI2233,Central,Undergraduate,3914.15,885.29,115616.99,32.14,94.86,2.83,0.28,59.42,38.91,46.24,71.77,3.75,96.92,Suboptimal
UNI2234,West,Vocational,14951.63,379.7,48607.79,68.76,97.61,0.54,0.43,37.59,100.0,60.48,60.44,20.36,99.88,Optimal
UNI2235,West,Undergraduate,18743.68,1930.82,307465.48,53.66,99.18,1.3,0.27,76.55,74.91,51.46,67.01,3.55,97.73,Optimal
UNI2236,West,Undergraduate,23215.35,2937.48,353457.81,78.93,98.35,5.21,0.75,104.79,34.23,44.71,54.27,7.14,100.0,Suboptimal
UNI2237,Central,Vocational,23361.47,666.98,97644.84,49.19,99.98,5.91,0.27,54.28,77.98,71.79,77.44,20.19,100.0,Optimal
UNI2238,West,Undergraduate,13480.56,2098.82,115126.16,32.55,95.41,3.87,0.6,90.44,49.62,51.6,88.35,11.75,97.06,Suboptimal
UNI2239,East,Undergraduate,10791.97,3013.71,276395.16,65.26,99.34,3.23,0.81,39.18,71.52,58.76,88.18,16.68,97.48,Optimal
UNI2240,East,Undergraduate,17810.65,2668.29,351530.25,40.48,98.98,5.49,0.91,66.57,42.82,56.4,53.32,9.43,97.2,Suboptimal
UNI2241,Central,Vocational,17284.07,786.56,10000.0,48.69,98.55,3.62,0.41,48.5,60.76,53.53,100.0,8.5,99.47,Optimal
UNI2242,East,Undergraduate,20986.75,1605.29,253479.03,82.09,97.5,4.9,0.99,111.67,36.25,44.9,69.99,20.17,100.0,Suboptimal
UNI2243,West,Vocational,11681.22,1926.41,10000.0,15.61,99.31,1.28,0.65,49.17,55.22,59.68,43.93,15.88,98.53,Suboptimal
UNI2244,Central,Vocational,16327.25,703.78,119918.18,57.48,99.79,4.28,0.86,36.56,50.02,84.76,50.76,13.57,100.0,Optimal
UNI2245,West,Undergraduate,26079.11,3055.22,426948.76,81.05,100.0,6.73,0.7,130.79,65.55,64.44,61.32,12.16,99.23,Optimal
UNI2246,East,Vocational,17884.64,723.63,352961.98,40.88,95.0,3.15,0.75,31.08,41.0,23.09,37.83,4.05,96.2,Suboptimal
UNI2247,Central,Undergraduate,4121.95,1956.0,71317.2,36.99,97.76,3.15,0.34,59.09,72.66,88.87,80.93,16.67,97.6,Optimal
UNI2248,Central,Undergraduate,17871.59,1722.39,110314.84,55.1,97.85,3.72,1.02,67.4,86.78,87.11,40.35,10.84,100.0,Optimal
UNI2249,East,Vocational,19332.93,200.0,10000.0,33.02,98.33,2.26,0.63,29.33,53.2,63.63,64.55,5.69,98.93,Suboptimal
UNI2250,Central,Undergraduate,37596.1,1322.46,252800.88,61.74,100.0,5.44,0.75,65.67,100.0,75.68,93.69,17.59,99.83,Optimal
UNI2251,Central,Vocational,29487.02,981.35,10000.0,44.01,99.32,1.69,0.48,78.06,55.27,44.6,58.76,10.8,100.0,Optimal
UNI2252,West,Vocational,7132.17,466.27,10000.0,30.88,97.58,1.8,0.39,60.32,69.21,44.72,78.38,17.4,97.11,Suboptimal
UNI2253,Central,Vocational,18555.35,200.0,10000.0,56.83,99.26,1.85,0.18,66.98,77.48,84.64,58.76,6.76,99.63,Optimal
UNI2254,East,Vocational,21205.57,200.0,66123.67,70.34,96.99,2.21,0.46,11.11,84.71,87.23,58.11,11.69,99.96,Suboptimal
UNI2255,Central,Vocational,24924.82,2122.16,168451.71,55.91,98.02,2.19,0.82,22.82,67.85,59.36,86.25,24.43,98.4,Optimal
UNI2256,Central,Undergraduate,13662.01,573.11,51817.22,55.54,98.24,3.41,0.07,48.61,75.75,17.94,64.22,13.37,97.75,Suboptimal
UNI2257,East,Undergraduate,27870.82,1471.42,177299.29,74.66,97.84,3.61,0.67,127.71,68.73,75.41,74.19,13.72,100.0,Optimal
UNI2258,East,Undergraduate,26920.78,3407.53,259973.41,52.57,100.0,5.45,1.02,81.85,66.24,54.43,74.92,16.17,98.78,Optimal
UNI2259,East,Vocational,11738.83,1164.15,35031.96,42.38,98.98,1.0,0.91,70.59,63.9,52.71,87.97,11.64,96.31,Suboptimal
UNI2260,East,Undergraduate,14160.42,3317.52,214121.93,49.89,99.78,5.25,0.94,63.94,82.89,66.42,94.6,19.65,99.0,Optimal
UNI2261,Central,Vocational,3821.25,726.89,159493.62,18.25,97.92,4.52,0.14,24.68,58.79,76.17,81.26,17.31,97.23,Suboptimal
UNI2262,East,Undergraduate,21972.65,2707.49,277333.9,67.56,98.86,4.97,0.58,86.66,66.9,62.95,77.3,10.54,99.78,Optimal
UNI2263,Central,Vocational,5804.33,1750.09,10000.0,37.12,98.86,3.94,0.59,101.01,53.43,59.32,71.93,11.04,98.3,Suboptimal
UNI2264,East,Undergraduate,3000.0,3176.36,323530.63,47.58,97.84,4.56,0.96,94.75,63.57,54.11,54.55,10.83,97.63,Optimal
UNI2265,Central,Vocational,6840.07,1027.08,12252.93,23.53,95.1,2.98,0.06,5.0,47.56,19.5,79.08,11.6,99.93,Suboptimal
UNI2266,East,Undergraduate,16973.78,2711.99,52129.13,53.87,99.92,3.75,0.8,78.46,66.73,64.57,78.39,10.37,98.47,Optimal
UNI2267,West,Undergraduate,24423.43,2025.34,239374.67,40.81,98.35,4.86,0.62,59.71,57.86,49.36,91.62,11.59,97.39,Suboptimal
UNI2268,East,Undergraduate,19842.58,824.89,81015.01,54.83,97.38,4.71,0.61,44.94,58.25,21.16,42.58,6.45,98.45,Suboptimal
UNI2269,Central,Undergraduate,19716.92,3349.5,372649.21,46.18,97.9,5.41,0.62,100.05,58.47,39.11,48.98,4.05,98.44,Suboptimal
UNI2270,East,Vocational,7516.89,2042.33,56411.02,35.52,98.01,2.03,0.44,69.31,100.0,81.24,89.9,13.93,98.71,Optimal
UNI2271,East,Undergraduate,11071.25,2981.32,213439.97,63.43,95.98,4.99,0.37,99.27,65.88,58.1,63.39,8.16,99.41,Optimal
UNI2272,Central,Vocational,21702.63,1711.3,165899.49,47.5,99.49,3.88,1.02,66.65,67.45,91.04,98.24,17.27,98.8,Optimal
UNI2273,West,Vocational,11548.7,1457.68,10000.0,47.61,99.51,2.86,0.3,45.69,65.38,69.87,87.35,10.51,98.59,Optimal
UNI2274,West,Vocational,7706.92,1567.65,232132.14,41.48,95.4,3.09,0.13,68.63,64.39,40.03,88.46,15.28,97.54,Suboptimal
UNI2275,East,Undergraduate,17622.13,2557.3,331028.79,58.08,96.25,5.18,0.37,49.15,43.94,5.0,61.83,2.93,98.73,Suboptimal
UNI2276,East,Vocational,3000.0,260.14,10000.0,50.28,98.92,3.67,0.21,55.3,83.84,57.37,75.22,1.61,98.31,Suboptimal
UNI2277,Central,Undergraduate,30559.49,2639.11,300290.61,87.76,100.0,4.28,0.67,69.46,89.54,98.96,86.9,27.4,100.0,Optimal
UNI2278,Central,Vocational,6525.9,790.84,241867.0,37.83,98.75,5.55,0.75,57.32,70.57,72.12,83.16,11.49,99.5,Optimal
UNI2279,East,Undergraduate,16322.02,1624.33,235531.63,65.6,97.03,3.84,0.6,63.63,75.92,77.36,74.42,17.09,97.26,Optimal
UNI2280,West,Vocational,34181.0,1513.49,381688.74,63.79,100.0,6.14,1.07,45.69,48.37,40.28,62.6,12.35,100.0,Optimal
UNI2281,Central,Vocational,12854.24,200.0,264613.56,33.35,96.43,1.85,0.13,26.53,67.36,41.29,80.25,3.38,99.23,Suboptimal
UNI2282,Central,Undergraduate,21361.33,1125.0,73547.23,35.72,96.17,1.41,0.55,48.53,68.77,35.96,43.41,6.68,96.53,Suboptimal
UNI2283,East,Vocational,27002.5,1542.24,111300.9,68.81,97.95,6.02,0.44,54.39,82.09,86.23,80.26,13.93,98.3,Optimal
UNI2284,East,Undergraduate,33490.84,3243.01,196022.56,38.41,97.97,3.71,0.46,83.71,96.24,67.83,88.5,18.07,96.66,Optimal
UNI2285,East,Vocational,19897.77,1953.86,10000.0,62.97,97.87,2.2,0.29,71.95,60.42,94.52,77.84,7.96,99.65,Optimal
UNI2286,West,Undergraduate,24136.88,3351.28,373631.52,53.35,99.48,2.47,0.45,122.91,46.48,54.44,56.69,9.94,100.0,Suboptimal
UNI2287,East,Undergraduate,17828.33,3747.71,257760.0,50.7,99.24,5.83,0.52,112.26,82.46,94.35,83.68,16.23,98.2,Suboptimal
UNI2288,West,Vocational,23121.75,200.0,136166.84,67.62,98.8,4.17,0.48,37.65,48.91,42.54,51.31,12.92,100.0,Suboptimal
UNI2289,West,Undergraduate,17626.36,781.97,302003.53,47.94,100.0,3.69,0.52,33.41,41.49,86.29,44.07,9.77,96.31,Suboptimal
UNI2290,Central,Vocational,6445.34,1932.81,16810.78,81.88,98.23,2.17,0.58,59.8,55.6,86.27,87.74,8.07,100.0,Optimal
UNI2291,East,Undergraduate,34857.42,3698.14,198558.1,57.87,99.05,4.34,0.91,99.84,47.04,53.56,48.69,7.21,98.04,Optimal
UNI2292,East,Vocational,3000.0,1402.47,165145.76,38.69,96.64,1.45,0.05,36.04,39.79,53.49,37.21,9.3,97.6,Suboptimal
UNI2293,Central,Undergraduate,26005.73,2466.61,215018.62,77.0,99.98,2.38,0.77,48.78,84.83,78.35,80.36,1.6,99.2,Optimal
UNI2294,Central,Undergraduate,21245.63,807.44,190533.2,68.49,100.0,3.39,0.44,96.3,94.75,86.5,83.1,21.79,97.99,Optimal
UNI2295,West,Vocational,22821.61,1632.69,37705.43,64.59,100.0,4.08,0.46,82.47,98.84,65.56,80.28,16.63,100.0,Optimal
UNI2296,East,Vocational,29672.15,1623.4,106390.54,36.43,100.0,2.58,0.11,26.49,76.51,64.6,66.68,13.74,99.52,Optimal
UNI2297,West,Vocational,18338.26,1710.47,210619.91,44.63,94.81,2.93,0.56,48.57,78.54,44.97,78.78,10.8,99.95,Suboptimal
UNI2298,East,Undergraduate,32583.13,3908.13,378597.87,64.38,98.43,2.57,0.46,74.16,68.49,63.97,63.29,7.52,100.0,Optimal
UNI2299,East,Undergraduate,21128.9,2633.94,219243.44,68.51,100.0,5.23,0.31,65.66,93.36,52.26,80.89,6.5,99.17,Optimal
UNI2300,East,Vocational,27358.39,289.7,219037.2,53.72,97.96,2.16,0.16,15.38,40.63,58.69,46.38,5.53,97.36,Optimal
UNI2301,Central,Vocational,7778.12,200.0,94860.92,37.92,93.89,2.37,0.14,5.63,57.52,24.51,65.44,1.78,97.49,Suboptimal
UNI2302,East,Vocational,3639.67,997.21,75934.4,55.54,98.88,2.58,0.33,23.49,52.06,44.14,80.74,12.83,96.52,Suboptimal
UNI2303,East,Vocational,13683.12,578.78,391841.47,53.5,99.59,3.73,0.73,54.92,80.31,43.66,82.62,8.89,98.69,Suboptimal
UNI2304,West,Undergraduate,18042.4,3408.0,219683.04,26.38,97.12,2.52,0.66,94.78,75.57,60.43,51.28,3.98,100.0,Optimal
UNI2305,Central,Vocational,12290.14,200.0,237870.67,66.71,98.66,2.52,0.79,73.44,82.03,35.1,62.46,7.61,97.61,Optimal
UNI2306,East,Vocational,3000.0,1629.92,81480.12,36.24,97.44,2.42,0.63,33.17,41.69,42.85,85.67,12.76,98.0,Suboptimal
UNI2307,East,Vocational,21512.06,2336.69,321768.28,60.77,100.0,4.62,0.59,77.44,56.45,71.89,79.33,16.54,100.0,Optimal
UNI2308,Central,Undergraduate,13386.52,1790.96,179917.27,61.56,99.11,4.86,0.44,45.97,52.36,86.93,77.45,8.0,99.01,Optimal
UNI2309,East,Undergraduate,3000.0,467.76,152526.1,49.44,96.08,2.71,0.71,45.93,56.61,5.0,55.64,15.18,97.22,Suboptimal
UNI2310,East,Vocational,3000.0,200.0,245836.65,19.58,97.04,0.98,0.57,24.83,69.49,61.58,80.4,9.54,98.11,Suboptimal
UNI2311,Central,Vocational,13765.25,418.7,167563.74,34.47,98.98,2.83,0.63,18.17,79.09,82.32,64.52,3.74,99.47,Suboptimal
UNI2312,East,Undergraduate,12653.56,1305.54,219622.85,39.72,100.0,2.89,0.74,73.24,75.9,75.39,84.29,20.74,95.44,Optimal
UNI2313,Central,Undergraduate,3000.0,3142.56,170116.47,65.67,99.88,3.44,0.8,73.87,47.04,79.07,86.36,9.04,97.33,Optimal
UNI2314,East,Undergraduate,14560.19,2106.96,318932.64,37.41,98.31,4.46,0.9,91.57,41.43,68.25,54.04,16.81,100.0,Optimal
UNI2315,East,Vocational,9793.3,1928.77,70213.65,33.59,98.52,4.71,0.67,81.62,58.66,36.35,53.69,5.25,99.1,Suboptimal
UNI2316,East,Undergraduate,23829.22,1559.36,367987.05,72.75,100.0,3.43,1.16,75.67,71.77,61.55,61.71,8.23,100.0,Suboptimal
UNI2317,East,Vocational,24818.02,2594.9,334648.74,50.09,100.0,4.39,0.74,90.96,35.67,70.4,66.6,5.73,99.27,Suboptimal
UNI2318,East,Undergraduate,33073.3,385.0,207790.32,52.09,100.0,4.72,0.7,102.18,77.24,74.25,83.35,19.5,99.08,Optimal
UNI2319,East,Undergraduate,20543.52,2874.46,278601.91,49.33,99.84,2.85,0.05,78.11,47.42,49.54,67.96,13.99,97.99,Suboptimal
UNI2320,West,Undergraduate,33740.71,2761.98,469475.16,67.59,98.89,6.17,0.54,88.74,63.98,73.88,72.05,11.32,99.04,Optimal
UNI2321,West,Vocational,14477.06,200.0,10000.0,23.9,99.87,2.79,0.54,5.0,28.28,12.97,60.49,1.98,98.25,Suboptimal
UNI2322,East,Vocational,3000.0,200.0,84458.23,42.29,99.93,0.65,0.47,13.07,60.91,62.68,61.66,11.76,97.13,Suboptimal
UNI2323,Central,Undergraduate,27640.35,1927.44,229334.28,65.91,99.59,4.64,0.74,53.24,74.03,56.48,100.0,13.42,100.0,Optimal
UNI2324,Central,Vocational,16205.1,289.34,43615.55,25.43,97.35,2.1,0.45,50.1,32.5,43.32,83.09,15.81,98.93,Suboptimal
UNI2325,West,Undergraduate,17801.51,1749.92,108997.51,57.86,98.87,2.1,0.31,85.75,65.02,67.21,52.35,8.6,98.63,Optimal
UNI2326,East,Vocational,4088.54,200.0,10000.0,33.51,97.8,1.02,0.18,24.88,51.14,54.72,52.7,5.57,98.68,Suboptimal
UNI2327,East,Vocational,15601.11,200.0,50588.43,46.9,97.4,2.23,0.07,6.09,21.79,20.81,35.31,1.0,98.5,Suboptimal
UNI2328,East,Undergraduate,7901.19,1617.43,112977.01,60.11,98.84,3.84,0.69,75.75,57.51,28.48,69.34,2.84,96.52,Suboptimal
UNI2329,East,Undergraduate,17423.23,3023.71,315732.54,60.38,97.92,3.3,0.88,107.97,78.03,76.81,93.54,17.81,98.38,Optimal
UNI2330,East,Vocational,3000.0,1242.23,108922.7,45.18,96.71,1.95,0.39,35.76,56.36,39.66,60.53,8.8,97.59,Suboptimal
UNI2331,West,Undergraduate,18564.79,1200.22,133506.92,55.38,96.93,5.33,0.79,69.75,59.85,64.3,59.24,12.84,97.55,Optimal
UNI2332,West,Undergraduate,16211.3,1441.43,10000.0,55.67,95.29,0.65,0.52,122.75,48.36,30.11,72.59,1.21,98.57,Suboptimal
UNI2333,East,Vocational,12928.29,200.0,49269.92,39.75,98.24,4.03,0.05,43.59,46.51,13.19,45.29,1.0,98.49,Suboptimal
UNI2334,Central,Undergraduate,20840.81,2667.34,151387.61,79.48,99.51,4.3,1.23,41.75,97.77,58.48,95.92,13.65,99.21,Optimal
UNI2335,East,Undergraduate,8053.4,1855.44,109975.6,50.18,99.24,2.45,0.32,38.7,97.81,61.51,75.61,21.67,96.84,Optimal
UNI2336,Central,Vocational,6707.51,200.0,55022.3,10.53,96.42,0.5,0.1,9.57,46.29,41.51,49.57,1.0,98.31,Suboptimal
UNI2337,Central,Undergraduate,21418.78,2820.29,37020.99,56.11,99.19,5.05,0.78,83.54,58.96,43.49,79.5,10.4,100.0,Optimal
UNI2338,East,Vocational,3000.0,616.03,10000.0,35.01,96.3,0.5,0.36,21.54,40.38,43.94,84.21,1.0,97.4,Suboptimal
UNI2339,West,Vocational,3000.0,332.95,195917.25,42.67,98.4,4.15,0.54,42.23,63.24,59.75,60.79,4.75,97.39,Suboptimal
UNI2340,West,Vocational,5452.06,1124.58,10000.0,35.69,96.93,3.79,0.27,5.0,28.21,51.95,39.6,1.54,96.77,Suboptimal
UNI2341,Central,Vocational,24883.72,356.53,10000.0,38.93,100.0,0.81,0.05,36.36,97.53,61.27,84.34,11.39,99.58,Optimal
UNI2342,Central,Vocational,9048.22,2483.16,318107.15,77.55,99.59,4.59,1.13,74.74,100.0,62.33,79.64,11.29,100.0,Optimal
UNI2343,Central,Undergraduate,36633.56,3894.12,445539.33,67.82,100.0,5.76,1.22,146.24,79.68,67.45,85.91,8.17,99.87,Optimal
UNI2344,East,Undergraduate,25166.57,4253.0,393542.43,62.9,100.0,2.1,0.83,123.49,57.71,85.12,96.79,11.9,98.61,Optimal
UNI2345,East,Undergraduate,7226.01,3019.56,272579.3,45.59,96.91,2.21,1.06,53.03,66.08,44.32,64.41,6.04,100.0,Suboptimal
UNI2346,Central,Vocational,3142.71,1224.28,117763.47,29.73,96.57,3.26,0.26,42.3,95.97,73.58,99.1,6.02,98.09,Optimal
UNI2347,East,Vocational,3000.0,200.0,77229.22,31.1,97.79,1.78,0.35,5.4,37.88,66.43,60.06,4.37,96.75,Suboptimal
UNI2348,West,Vocational,13514.01,200.0,221548.76,52.48,97.88,0.5,0.22,40.86,92.16,64.72,81.14,14.83,99.01,Optimal
UNI2349,East,Vocational,13633.66,200.0,10000.0,42.41,99.18,1.11,0.2,5.73,31.97,45.59,67.66,6.02,98.14,Optimal
UNI2350,East,Undergraduate,33277.53,3028.2,322810.77,73.46,99.61,5.71,0.98,89.18,45.18,53.59,75.12,12.11,100.0,Optimal
UNI2351,East,Vocational,3000.0,990.73,148083.66,43.86,99.88,4.78,0.09,82.86,42.12,5.0,37.68,1.38,96.95,Suboptimal
UNI2352,West,Vocational,8276.36,1848.23,79458.1,44.41,97.29,2.81,0.22,48.79,91.33,70.39,72.17,8.45,99.51,Optimal
UNI2353,East,Undergraduate,9266.8,2146.21,321073.37,56.43,98.83,4.09,1.0,75.23,71.89,65.35,81.36,10.49,98.0,Optimal
UNI2354,East,Vocational,3000.0,653.58,10000.0,37.52,98.32,2.74,0.14,23.65,54.09,19.24,39.81,6.52,97.67,Suboptimal
UNI2355,East,Vocational,10185.63,200.0,259145.99,48.13,97.21,3.66,0.89,49.99,84.5,99.61,62.07,19.39,98.11,Optimal
UNI2356,Central,Vocational,9639.39,2462.59,290453.36,26.41,97.89,5.02,0.99,73.46,79.76,64.52,64.11,6.06,98.22,Optimal
UNI2357,West,Undergraduate,3000.0,2381.21,343067.14,27.22,97.69,3.54,0.56,101.11,55.61,45.02,83.99,9.16,97.74,Suboptimal
UNI2358,East,Undergraduate,11482.68,2511.89,40517.24,40.73,95.64,2.7,0.42,32.49,47.17,85.15,64.39,12.17,96.82,Suboptimal
UNI2359,West,Undergraduate,7550.6,2011.71,37343.65,44.67,98.03,2.63,0.77,56.64,88.49,58.91,75.67,17.71,98.02,Optimal
UNI2360,East,Vocational,12949.15,1497.29,96152.28,37.47,100.0,2.94,1.13,54.17,65.74,65.99,47.59,5.81,98.13,Suboptimal
UNI2361,Central,Vocational,15267.73,536.34,182933.53,37.39,98.81,3.76,0.32,26.48,60.76,47.01,77.67,5.91,100.0,Suboptimal
UNI2362,East,Vocational,15951.18,1593.67,10000.0,49.32,98.83,0.5,0.61,36.16,64.02,61.4,89.27,18.3,100.0,Optimal
UNI2363,Central,Undergraduate,19936.46,1440.63,76388.57,42.85,98.41,2.35,0.75,87.28,77.3,56.08,86.41,12.78,99.02,Optimal
UNI2364,Central,Undergraduate,17393.92,2155.49,47064.07,49.44,97.81,2.76,0.76,46.41,52.46,84.7,51.95,15.4,98.37,Suboptimal
UNI2365,Central,Vocational,11484.93,605.42,352725.19,46.75,97.66,3.37,0.48,73.23,74.55,79.24,76.72,17.67,99.64,Optimal
UNI2366,East,Undergraduate,20755.27,665.35,210086.82,35.8,95.45,4.33,0.49,43.29,65.4,55.11,54.34,11.72,98.5,Suboptimal
UNI2367,West,Undergraduate,23399.28,933.03,247577.22,46.44,98.71,4.95,0.33,78.62,67.82,27.4,78.92,10.57,98.82,Suboptimal
UNI2368,West,Vocational,6225.04,1499.59,10000.0,43.82,98.57,3.34,0.24,28.16,78.33,65.93,72.65,8.07,97.49,Suboptimal
UNI2369,Central,Undergraduate,23799.08,2689.78,322784.5,57.09,98.68,2.82,1.09,60.42,42.14,30.67,67.76,6.12,99.33,Suboptimal
UNI2370,Central,Undergraduate,8737.64,2934.54,114831.36,45.03,96.72,4.17,0.79,87.12,83.84,76.07,66.21,11.48,100.0,Optimal
UNI2371,West,Undergraduate,18704.05,2935.19,120582.53,49.47,99.24,3.13,0.36,62.76,65.23,47.1,54.05,15.0,99.39,Optimal
UNI2372,East,Vocational,21220.35,2857.33,220594.87,40.4,100.0,5.87,1.18,23.97,66.21,63.45,69.92,15.32,99.21,Optimal
UNI2373,West,Vocational,22353.52,237.82,96847.43,51.3,100.0,1.53,0.33,49.66,51.32,55.58,76.16,13.22,99.65,Optimal
UNI2374,East,Vocational,5387.96,797.83,10000.0,58.1,97.1,1.81,0.14,39.9,93.04,75.34,63.72,6.09,97.79,Optimal
UNI2375,West,Undergraduate,24862.2,1520.91,282414.75,50.75,100.0,4.37,0.9,50.3,51.39,17.45,59.97,11.2,97.15,Suboptimal
UNI2376,East,Undergraduate,25891.99,1663.36,273437.93,41.27,100.0,3.79,0.34,67.63,65.42,75.88,59.38,7.86,98.18,Optimal
UNI2377,East,Undergraduate,20750.93,1697.56,58469.82,66.27,98.13,1.23,0.47,44.45,41.81,57.11,62.18,6.4,99.95,Suboptimal
UNI2378,Central,Undergraduate,20713.22,2624.39,379121.59,60.42,99.89,3.86,0.64,49.57,90.69,67.31,94.69,18.44,100.0,Optimal
UNI2379,Central,Vocational,16630.86,200.0,10000.0,36.09,98.44,0.5,0.05,5.0,53.3,24.16,47.52,6.43,100.0,Optimal
UNI2380,West,Vocational,25099.79,992.18,54481.33,51.23,98.78,3.11,0.19,61.25,65.07,54.21,61.34,3.04,100.0,Optimal
UNI2381,West,Undergraduate,31027.53,2635.74,240033.69,74.75,99.17,4.63,0.49,79.26,79.31,67.53,86.64,9.36,98.5,Optimal
UNI2382,East,Undergraduate,41577.17,3237.18,10000.0,49.79,99.66,2.31,0.46,86.22,87.48,63.3,71.15,12.14,100.0,Optimal
UNI2383,East,Vocational,3000.0,1223.75,177601.64,42.3,98.26,1.44,0.65,51.23,48.28,55.56,84.34,6.58,97.17,Suboptimal
UNI2384,East,Vocational,7628.16,2151.77,165943.83,45.74,98.75,3.87,0.8,86.54,63.73,81.47,67.56,2.56,100.0,Optimal
UNI2385,Central,Undergraduate,3000.0,200.0,36261.09,39.74,94.46,3.26,0.29,62.53,53.71,23.61,60.82,2.98,97.71,Suboptimal
UNI2386,Central,Vocational,12528.53,2042.64,250909.76,39.14,94.5,4.5,0.2,17.82,68.25,66.41,75.27,1.0,99.08,Suboptimal
UNI2387,West,Vocational,16972.31,1388.55,10000.0,61.31,100.0,2.88,0.69,35.07,33.87,52.58,75.45,13.36,100.0,Suboptimal
UNI2388,West,Undergraduate,14837.77,2262.94,263567.4,52.55,98.53,1.48,0.68,55.2,100.0,73.67,67.21,18.84,97.09,Optimal
UNI2389,East,Undergraduate,12580.43,200.0,218105.75,47.73,99.61,3.17,0.41,59.79,93.03,38.74,72.16,17.21,98.35,Optimal
UNI2390,Central,Undergraduate,26178.35,2772.03,341387.65,100.24,100.0,6.56,0.52,112.37,58.06,41.54,100.0,14.28,99.49,Optimal
UNI2391,Central,Vocational,8247.96,373.16,10000.0,44.02,94.24,1.85,0.05,59.64,57.63,47.83,74.5,3.68,96.83,Suboptimal
UNI2392,Central,Undergraduate,25396.37,3706.9,329562.25,46.57,97.2,5.32,1.22,52.81,48.1,43.91,70.97,15.8,99.24,Optimal
UNI2393,East,Vocational,12057.82,747.18,257567.59,45.08,97.84,3.4,0.72,38.78,67.49,76.53,77.55,7.78,99.34,Optimal
UNI2394,East,Undergraduate,18672.99,1294.72,235033.31,51.06,95.55,0.88,0.69,49.54,31.62,41.56,62.76,3.33,98.35,Suboptimal
UNI2395,East,Vocational,9022.89,1157.7,10000.0,49.49,95.73,3.65,0.37,56.64,54.62,61.55,66.14,8.06,98.72,Suboptimal
UNI2396,East,Vocational,19432.61,200.0,10000.0,49.91,96.96,3.3,0.54,5.0,59.35,51.98,62.22,12.91,99.83,Suboptimal
UNI2397,West,Undergraduate,26663.74,2248.63,240779.36,68.81,98.83,2.17,1.05,26.94,100.0,72.11,81.36,12.73,99.65,Optimal
UNI2398,East,Vocational,8392.9,475.88,106764.86,64.59,99.67,0.5,0.27,40.44,90.82,46.19,60.04,6.17,98.97,Optimal
UNI2399,Central,Vocational,16635.83,1272.46,114621.46,26.53,98.83,0.75,0.18,40.96,97.27,73.77,95.43,10.89,94.71,Optimal
UNI2400,Central,Undergraduate,36057.92,2749.57,280268.12,91.08,100.0,4.46,0.42,36.52,96.15,84.31,73.92,15.74,99.42,Optimal
UNI2401,West,Vocational,11942.09,2074.59,10000.0,63.85,98.9,2.48,0.66,45.26,75.91,64.62,90.51,12.87,98.39,Optimal
UNI2402,East,Undergraduate,24863.99,2820.77,381637.92,68.05,98.65,5.02,0.96,121.15,73.47,70.46,64.54,22.36,99.17,Optimal
UNI2403,East,Undergraduate,40966.89,4203.51,469992.85,69.06,100.0,4.75,0.82,75.17,79.65,68.01,68.59,11.72,99.87,Optimal
UNI2404,East,Vocational,6062.81,200.0,156881.78,56.29,97.48,3.58,0.52,52.68,48.1,39.07,72.5,14.15,99.19,Suboptimal
UNI2405,East,Vocational,18771.2,2445.33,274257.64,38.2,95.14,3.37,0.4,48.61,86.08,69.57,53.4,5.27,97.58,Suboptimal
UNI2406,East,Vocational,12962.37,3166.54,29679.24,50.81,98.19,4.03,0.82,25.48,85.1,65.05,84.39,16.25,98.4,Optimal
UNI2407,West,Undergraduate,28868.63,2002.64,233058.09,28.83,99.7,2.88,0.19,48.91,82.25,24.15,71.65,9.44,99.31,Optimal
UNI2408,East,Undergraduate,16467.72,1862.27,11718.36,64.8,97.7,2.64,0.13,14.58,41.99,63.62,70.15,12.85,99.22,Optimal
UNI2409,East,Vocational,5846.55,1162.96,223730.98,64.76,97.53,3.51,0.3,43.15,67.63,28.53,53.15,16.96,97.91,Suboptimal
UNI2410,East,Undergraduate,25410.13,1836.7,270247.36,48.44,99.09,3.18,0.57,53.49,96.61,56.72,100.0,13.01,100.0,Optimal
UNI2411,West,Vocational,22051.02,586.35,279645.43,60.96,97.33,2.58,0.58,47.24,75.16,66.39,75.64,7.82,100.0,Optimal
UNI2412,West,Vocational,13626.2,1099.6,162119.76,50.95,97.43,5.33,0.28,58.0,65.12,66.11,72.55,7.66,99.15,Suboptimal
UNI2413,Central,Vocational,10913.7,1598.85,77549.89,49.09,100.0,2.73,0.75,74.18,47.4,48.99,80.65,12.14,100.0,Suboptimal
UNI2414,Central,Vocational,3000.0,1604.86,83101.87,42.78,97.31,4.96,0.9,96.35,49.47,73.61,60.86,12.86,99.25,Suboptimal
UNI2415,Central,Undergraduate,28422.44,4129.44,260491.35,38.92,100.0,3.51,0.88,89.42,67.16,56.42,82.64,9.91,99.71,Optimal
UNI2416,Central,Undergraduate,28974.78,2228.53,179470.74,47.36,96.31,4.57,0.91,67.16,68.41,58.98,73.46,5.88,97.54,Optimal
UNI2417,East,Undergraduate,3000.0,735.14,328139.25,50.22,98.52,5.29,0.37,59.07,68.83,66.96,56.27,21.06,99.75,Optimal
UNI2418,Central,Vocational,41501.76,2441.93,241903.25,62.14,100.0,2.85,0.33,26.19,78.18,68.16,51.45,14.31,100.0,Optimal
UNI2419,West,Undergraduate,20375.85,926.6,47836.76,35.33,99.39,2.47,0.69,75.43,55.96,34.82,61.89,13.11,98.2,Suboptimal
UNI2420,East,Undergraduate,19860.65,1414.89,194980.54,51.83,97.84,2.71,0.55,55.56,52.23,70.59,62.08,1.0,98.58,Suboptimal
UNI2421,Central,Vocational,18393.43,2632.11,281526.15,74.51,100.0,5.06,0.7,89.41,92.25,51.95,58.32,18.4,100.0,Optimal
UNI2422,Central,Undergraduate,16447.27,2462.11,151488.22,52.7,98.44,3.99,0.97,54.28,65.79,51.88,60.72,16.4,97.87,Suboptimal
UNI2423,Central,Vocational,10852.25,200.0,142779.64,38.8,96.51,2.98,0.57,32.78,58.35,44.98,63.92,8.71,98.06,Suboptimal
UNI2424,East,Undergraduate,18189.62,1413.93,352366.4,95.77,100.0,2.93,0.77,78.25,70.6,53.13,75.67,17.53,99.37,Optimal
UNI2425,Central,Undergraduate,17072.94,1573.24,388663.13,47.35,98.77,6.72,0.67,86.06,84.43,51.54,91.71,10.1,99.35,Optimal
UNI2426,West,Vocational,12999.14,1508.44,231047.18,42.5,95.96,2.79,0.88,5.0,24.59,62.05,73.34,3.18,95.47,Suboptimal
UNI2427,East,Vocational,4862.96,2379.18,83945.64,55.58,100.0,2.96,0.59,53.3,69.57,69.82,74.4,13.6,99.4,Optimal
UNI2428,East,Vocational,12450.59,200.0,88449.1,65.52,99.38,3.8,0.7,22.81,57.51,20.58,66.07,1.01,96.46,Suboptimal
UNI2429,East,Vocational,20379.68,2678.49,135505.55,68.91,100.0,5.29,0.62,89.4,77.09,98.24,72.22,13.76,100.0,Optimal
UNI2430,East,Vocational,3752.37,2218.75,182136.03,50.91,97.83,5.33,0.67,74.34,69.8,67.28,75.77,12.95,99.05,Optimal
UNI2431,West,Vocational,30459.84,605.86,142790.16,58.87,97.42,5.36,0.65,5.0,67.06,25.98,63.74,8.73,99.16,Suboptimal
UNI2432,Central,Vocational,12304.93,200.0,193512.95,45.06,97.43,3.42,0.95,58.56,64.54,54.59,73.06,2.13,100.0,Suboptimal
UNI2433,East,Vocational,3000.0,555.27,273030.1,31.9,97.84,3.22,0.5,59.51,100.0,80.68,72.64,12.09,98.95,Optimal
UNI2434,East,Undergraduate,16493.87,1175.05,231861.34,46.75,99.06,0.71,0.55,29.82,58.95,33.65,64.23,3.65,95.91,Optimal
UNI2435,West,Vocational,5358.03,1675.02,10000.0,55.56,97.55,1.15,0.47,45.68,57.89,48.48,50.14,3.93,100.0,Suboptimal
UNI2436,East,Undergraduate,17274.75,2014.43,91474.89,51.86,99.85,3.82,0.32,46.34,85.27,61.73,98.45,10.92,98.53,Optimal
UNI2437,Central,Vocational,10474.91,200.0,22836.48,38.89,97.77,0.5,0.05,38.98,54.35,60.24,64.22,12.88,97.82,Suboptimal
UNI2438,East,Undergraduate,23463.8,2751.98,437750.31,73.17,98.4,2.55,0.57,73.25,95.75,58.47,60.51,13.15,98.42,Optimal
UNI2439,East,Undergraduate,17798.45,722.33,173337.2,27.56,97.66,3.09,0.75,31.48,82.76,88.88,88.29,12.61,96.12,Optimal
UNI2440,Central,Vocational,6075.48,1115.15,10000.0,28.76,99.85,3.45,0.8,77.22,48.76,57.16,62.14,9.27,98.99,Suboptimal
UNI2441,East,Undergraduate,27584.74,1543.93,452465.24,28.41,97.54,3.58,0.49,46.05,100.0,80.25,100.0,10.93,99.86,Optimal
UNI2442,Central,Undergraduate,19320.77,1410.07,265237.55,68.47,98.18,4.53,0.35,54.66,47.29,36.16,65.74,6.0,97.93,Suboptimal
UNI2443,East,Undergraduate,12891.79,2123.3,205972.01,46.63,96.84,3.88,0.91,52.8,56.82,68.43,81.13,10.74,97.11,Optimal
UNI2444,Central,Vocational,19138.49,2147.28,10000.0,51.5,97.07,3.99,0.3,26.66,57.26,43.73,76.93,10.38,98.48,Suboptimal
UNI2445,West,Vocational,11982.17,2799.39,109650.95,45.92,98.82,5.61,0.43,58.23,97.56,98.77,98.46,20.33,100.0,Optimal
UNI2446,Central,Vocational,20020.23,200.0,145482.8,58.34,98.45,5.76,0.78,38.96,97.5,80.09,96.48,18.97,100.0,Optimal
UNI2447,East,Vocational,18000.61,200.0,92758.29,39.46,99.54,3.21,0.66,51.02,72.81,48.39,86.64,23.63,99.36,Optimal
UNI2448,Central,Vocational,23680.85,1865.17,88146.96,54.67,99.05,3.14,0.84,61.28,56.06,53.68,52.62,3.71,100.0,Suboptimal
UNI2449,West,Vocational,3144.65,412.94,10000.0,25.88,96.63,0.85,0.05,5.0,20.51,45.11,39.21,7.31,97.76,Suboptimal
UNI2450,East,Undergraduate,16063.61,208.19,135551.09,51.19,97.8,5.05,0.29,77.82,51.0,32.48,53.78,10.1,99.37,Suboptimal
UNI2451,East,Undergraduate,17401.46,1883.34,349962.74,70.44,99.95,2.13,0.81,69.56,48.27,55.62,75.03,7.32,98.44,Optimal
UNI2452,West,Undergraduate,16891.55,2036.24,350212.34,31.83,97.63,5.68,0.8,67.8,90.0,88.35,56.65,12.96,98.08,Optimal
UNI2453,East,Undergraduate,10334.61,200.0,111607.18,62.89,99.11,2.67,0.32,102.03,67.72,80.53,71.43,13.17,100.0,Optimal
UNI2454,Central,Vocational,15819.05,200.0,10000.0,45.88,99.4,2.74,0.31,44.92,49.17,73.78,61.25,11.67,97.55,Suboptimal
UNI2455,West,Vocational,14678.15,535.42,119904.91,47.9,98.32,2.02,0.73,59.99,74.66,100.0,89.55,8.07,99.49,Optimal
UNI2456,East,Undergraduate,24815.47,2552.78,226238.72,46.93,98.83,2.66,1.11,102.9,54.99,48.84,58.26,1.0,97.81,Suboptimal
UNI2457,Central,Vocational,11239.88,1887.3,68337.69,39.49,100.0,2.82,0.52,35.68,28.05,68.71,62.62,8.56,99.27,Suboptimal
UNI2458,Central,Undergraduate,16481.74,1553.77,10000.0,58.25,95.26,3.85,0.24,63.59,72.64,39.6,77.34,3.86,97.68,Suboptimal
UNI2459,East,Undergraduate,8840.98,2602.19,94763.39,50.84,100.0,2.43,0.51,72.62,82.28,90.24,68.65,13.03,98.68,Optimal
UNI2460,West,Vocational,3000.0,1224.43,137494.61,68.47,97.07,5.12,0.85,35.45,55.18,38.74,57.92,4.47,98.22,Suboptimal
UNI2461,East,Undergraduate,3000.0,901.33,114483.89,54.53,99.62,1.95,0.75,30.2,67.65,84.39,59.08,8.0,98.76,Suboptimal
UNI2462,East,Vocational,3000.0,403.2,282739.47,20.49,96.97,1.09,0.4,29.98,57.26,83.0,68.03,1.95,97.62,Suboptimal
UNI2463,West,Undergraduate,9804.38,2569.33,272400.43,52.67,98.29,3.76,0.5,82.41,47.77,52.98,69.26,4.57,96.38,Suboptimal
UNI2464,East,Vocational,11331.84,1716.08,10000.0,56.91,99.55,3.63,0.71,39.57,96.42,74.86,61.97,6.89,99.74,Optimal
UNI2465,West,Undergraduate,32520.01,3622.52,279542.17,86.69,100.0,6.2,1.49,111.64,92.53,82.82,100.0,13.48,99.78,Optimal
UNI2466,East,Undergraduate,22723.02,1345.01,257542.93,49.25,98.46,3.69,0.3,71.91,78.37,51.3,67.95,5.71,99.8,Optimal
UNI2467,Central,Undergraduate,18713.69,2932.54,256506.28,47.08,100.0,6.24,0.75,81.49,77.24,73.59,76.54,15.27,99.62,Optimal
UNI2468,East,Vocational,31715.73,976.21,176357.71,52.3,98.59,2.51,0.64,62.66,79.07,60.72,51.43,2.07,100.0,Optimal
UNI2469,Central,Vocational,9524.92,2050.26,135458.13,52.21,98.43,2.59,0.53,49.46,39.65,59.63,64.98,8.05,98.45,Suboptimal
UNI2470,West,Vocational,3000.0,635.84,10000.0,41.31,95.6,1.93,0.42,35.78,52.8,73.65,51.87,7.03,99.25,Suboptimal
UNI2471,West,Undergraduate,20349.8,1490.92,111681.16,70.45,99.41,4.89,0.65,33.0,80.98,72.57,67.42,4.57,98.41,Optimal
UNI2472,West,Undergraduate,21450.81,2919.13,186418.47,64.52,100.0,3.43,0.79,74.4,80.65,72.63,78.76,18.25,98.78,Optimal
UNI2473,Central,Vocational,20927.78,495.96,115300.61,44.93,100.0,2.33,0.18,24.72,80.34,72.91,71.09,1.32,99.77,Optimal
UNI2474,West,Undergraduate,25333.23,1067.93,33645.51,50.23,97.55,3.76,0.46,41.77,61.85,22.94,43.85,4.16,98.48,Suboptimal
UNI2475,Central,Undergraduate,32683.77,4056.74,362420.73,91.66,100.0,7.37,1.01,117.42,89.02,74.37,91.82,19.55,99.4,Optimal
UNI2476,West,Undergraduate,32037.48,756.24,56698.88,53.41,97.22,3.44,0.44,66.49,54.78,54.28,61.01,1.0,96.53,Suboptimal
UNI2477,Central,Undergraduate,20192.69,2724.18,101260.86,43.4,98.88,1.99,0.17,12.48,78.26,76.31,83.71,14.85,98.49,Optimal
UNI2478,West,Vocational,25639.45,1562.03,262995.68,59.36,98.61,4.5,0.67,81.34,93.47,86.84,73.1,5.24,100.0,Suboptimal
UNI2479,East,Undergraduate,22846.57,2403.26,319536.96,52.8,96.84,2.51,0.31,30.33,83.39,78.42,83.22,11.75,97.05,Optimal
UNI2480,Central,Undergraduate,26079.47,1836.75,224451.58,71.05,100.0,2.9,0.78,81.7,72.47,51.89,78.27,15.73,98.57,Optimal
UNI2481,Central,Undergraduate,29399.12,3228.2,259057.24,29.88,97.79,4.52,0.68,86.75,96.76,69.94,100.0,13.27,97.93,Optimal
UNI2482,East,Vocational,3000.0,377.41,189015.95,37.21,94.83,3.41,0.41,32.19,34.79,58.39,71.78,13.83,95.69,Suboptimal
UNI2483,East,Vocational,14224.61,1575.48,66786.85,38.32,100.0,2.75,0.38,38.62,60.64,53.75,47.46,8.46,100.0,Optimal
UNI2484,West,Vocational,3000.0,200.0,94900.17,47.92,98.68,3.64,0.15,22.46,73.48,62.95,68.57,13.52,99.23,Suboptimal
UNI2485,East,Vocational,7568.35,200.0,10000.0,47.87,99.2,1.52,0.54,22.01,31.93,72.53,59.09,13.9,98.36,Suboptimal
UNI2486,East,Vocational,23921.14,2542.92,122171.69,49.68,98.97,2.77,0.5,46.75,99.48,100.0,95.52,20.0,99.55,Optimal
UNI2487,East,Vocational,9231.71,852.08,10000.0,37.98,95.28,4.19,0.28,75.07,45.44,38.24,54.86,9.51,97.2,Suboptimal
UNI2488,East,Vocational,18044.43,773.96,164946.38,70.68,99.66,3.45,0.4,53.83,80.08,41.21,63.92,10.01,98.75,Optimal
UNI2489,Central,Vocational,22945.63,200.0,150475.1,41.55,99.13,2.56,0.51,41.48,70.74,75.7,72.27,8.74,100.0,Optimal
UNI2490,West,Undergraduate,19328.33,3562.9,176833.57,41.04,98.66,3.63,0.83,58.28,87.66,32.5,65.0,1.0,98.89,Optimal
UNI2491,West,Vocational,4625.24,200.0,10000.0,59.36,98.72,3.04,0.45,20.34,42.07,19.5,58.5,10.77,98.94,Suboptimal
UNI2492,Central,Undergraduate,24307.33,4132.51,312916.44,76.5,99.1,4.56,0.73,62.86,95.28,43.99,53.47,17.84,99.31,Optimal
UNI2493,Central,Vocational,3894.56,1385.66,24792.21,52.64,99.22,4.52,0.46,66.91,70.2,83.87,66.98,13.53,99.38,Optimal
UNI2494,East,Vocational,7619.14,1616.38,11176.46,22.65,96.81,3.46,0.67,24.49,47.6,51.96,27.14,1.0,98.78,Optimal
UNI2495,West,Undergraduate,23722.79,2375.35,275749.3,68.28,97.64,5.03,0.72,58.86,100.0,100.0,47.36,9.9,99.12,Optimal
UNI2496,East,Vocational,15708.24,2232.79,24178.1,69.27,98.66,2.54,0.17,5.0,54.88,52.95,76.33,7.91,99.17,Optimal
UNI2497,East,Vocational,5121.16,200.0,76598.46,37.87,97.26,3.91,0.81,48.62,83.33,98.69,86.64,13.43,99.26,Optimal
UNI2498,West,Vocational,12180.41,1045.11,131556.27,47.94,99.61,3.91,0.46,29.62,82.62,77.2,77.68,9.51,99.77,Optimal
UNI2499,West,Vocational,3000.0,934.82,178220.06,31.01,99.63,2.11,0.65,59.12,74.32,54.14,90.72,13.95,99.87,Optimal
UNI2500,East,Vocational,8869.64,716.74,65159.73,27.36,98.15,2.89,0.55,18.44,76.32,68.31,54.29,14.96,98.33,Suboptimal
UNI2501,Central,Undergraduate,23056.78,1779.23,58035.99,44.6,96.44,4.02,0.6,71.63,74.28,60.84,49.91,20.01,99.4,Optimal
UNI2502,Central,Vocational,3000.0,200.0,10000.0,36.33,95.87,2.71,0.05,25.67,68.63,53.96,44.14,6.09,98.11,Suboptimal
UNI2503,East,Vocational,8193.58,1046.47,140544.68,36.61,97.06,4.27,0.46,43.15,55.63,62.1,28.28,7.81,99.37,Suboptimal
UNI2504,East,Undergraduate,18620.05,2759.4,321974.71,58.98,97.28,4.69,1.36,90.74,81.74,55.14,61.88,13.69,98.26,Optimal
UNI2505,East,Vocational,30519.64,200.0,60196.87,44.61,98.96,4.95,0.89,48.02,72.38,74.25,75.93,15.68,100.0,Optimal
UNI2506,Central,Undergraduate,14534.17,2906.19,210783.62,55.34,100.0,3.57,0.82,67.15,84.16,88.28,80.18,6.91,100.0,Optimal
UNI2507,East,Undergraduate,23493.13,3067.35,335605.16,43.98,99.57,2.47,0.68,61.21,69.02,68.23,69.99,7.52,99.25,Optimal
UNI2508,Central,Undergraduate,11002.06,1810.81,217851.84,54.1,97.51,3.45,0.17,86.8,64.32,44.13,76.17,11.45,97.16,Suboptimal
UNI2509,East,Undergraduate,17610.67,3265.16,261076.78,36.72,99.53,4.52,0.44,57.34,87.44,63.96,67.87,12.81,98.61,Optimal
UNI2510,West,Undergraduate,30328.2,3556.01,362297.7,69.37,100.0,2.95,0.74,92.61,77.28,84.85,73.86,14.33,100.0,Optimal
UNI2511,Central,Undergraduate,26113.06,3706.37,312736.34,63.04,99.82,3.3,0.85,128.96,70.09,68.63,96.54,25.25,99.11,Optimal
UNI2512,West,Vocational,15997.5,1966.8,229493.91,54.72,100.0,1.49,0.53,40.61,63.75,42.67,49.93,7.65,98.4,Suboptimal
UNI2513,East,Vocational,17458.67,1344.25,149925.95,30.94,98.25,4.3,0.72,37.65,47.33,51.56,18.81,4.14,97.8,Optimal
UNI2514,Central,Vocational,3000.0,1203.14,36012.66,37.4,96.72,0.5,0.06,16.91,48.84,29.94,52.69,1.0,97.12,Suboptimal
UNI2515,West,Vocational,13840.33,1981.56,10000.0,34.59,96.16,3.26,0.48,36.04,65.23,61.33,73.91,10.62,99.98,Suboptimal
UNI2516,East,Vocational,7297.12,1382.17,10000.0,44.27,96.65,2.25,0.39,47.55,57.31,41.83,79.0,8.97,97.89,Suboptimal
UNI2517,East,Undergraduate,17188.21,1685.29,136743.19,27.59,95.95,2.73,0.44,72.41,93.61,100.0,89.06,11.68,99.33,Optimal
UNI2518,East,Vocational,12227.18,1490.58,130510.02,26.82,96.69,2.61,1.02,97.54,100.0,66.48,83.03,19.29,98.19,Optimal
UNI2519,East,Vocational,3000.0,200.0,10000.0,15.49,95.64,0.7,0.15,5.03,46.06,43.91,42.05,3.44,96.05,Suboptimal
UNI2520,East,Undergraduate,19353.69,2700.7,232117.05,61.42,96.84,2.64,0.44,86.92,90.6,76.5,65.59,12.07,98.43,Optimal
UNI2521,East,Undergraduate,22845.94,2159.69,266109.6,60.95,98.06,3.74,0.79,74.68,80.97,51.56,80.65,9.25,97.03,Optimal
UNI2522,East,Undergraduate,22301.52,1106.2,85933.07,53.41,97.69,3.21,0.16,78.31,55.74,95.94,92.74,22.08,100.0,Optimal
UNI2523,Central,Undergraduate,13840.45,3441.12,305059.85,36.17,100.0,4.44,0.52,71.09,32.95,52.75,60.96,4.93,98.69,Suboptimal
UNI2524,East,Vocational,3000.0,200.0,207411.43,28.84,96.52,3.29,0.64,14.67,52.09,51.21,70.26,14.92,99.72,Suboptimal
UNI2525,East,Undergraduate,6518.65,1075.76,151189.35,51.77,95.91,3.32,0.63,82.97,69.09,66.76,62.37,4.43,97.9,Suboptimal
UNI2526,Central,Vocational,8617.88,1073.0,169987.0,68.79,99.11,3.41,0.87,69.25,72.22,69.21,63.96,17.41,100.0,Optimal
UNI2527,East,Undergraduate,34955.68,1987.98,234144.37,59.84,98.67,5.01,1.05,93.56,94.59,84.82,93.78,10.72,100.0,Optimal
UNI2528,East,Vocational,3000.0,2039.42,113439.02,69.06,99.66,3.84,0.65,63.38,67.32,5.0,58.88,11.22,99.02,Suboptimal
UNI2529,East,Undergraduate,30865.58,3366.6,206229.53,49.13,99.68,3.77,0.66,82.33,56.31,75.85,74.23,16.03,98.04,Optimal
UNI2530,East,Vocational,3000.0,662.86,10000.0,36.3,98.57,2.24,0.62,31.04,100.0,67.16,78.36,15.86,96.72,Suboptimal
UNI2531,Central,Undergraduate,32675.58,3605.31,222049.34,40.04,99.0,8.05,0.58,90.86,52.08,73.39,84.45,9.77,98.83,Suboptimal
UNI2532,East,Undergraduate,3000.0,2423.81,364789.82,49.98,97.02,2.58,0.58,102.66,99.46,52.63,67.92,20.39,98.35,Suboptimal
UNI2533,East,Vocational,7604.55,200.0,156636.18,59.05,100.0,2.79,0.32,21.01,58.95,50.03,58.49,18.1,98.27,Suboptimal
UNI2534,West,Vocational,14888.51,1710.04,125034.06,20.49,93.03,2.69,0.32,13.87,46.81,39.88,41.77,4.35,97.13,Suboptimal
UNI2535,West,Undergraduate,28860.78,3589.0,298727.46,69.99,99.17,3.8,0.69,89.28,72.82,48.91,71.39,12.75,100.0,Optimal
UNI2536,East,Vocational,3000.0,989.04,10000.0,51.23,97.78,2.37,0.05,39.69,50.75,62.39,78.3,14.03,97.24,Optimal
UNI2537,East,Vocational,3000.0,200.0,10000.0,33.43,100.0,1.41,0.05,42.21,90.39,87.25,80.73,2.61,97.82,Optimal
UNI2538,Central,Vocational,6174.21,1127.42,10000.0,57.69,96.94,3.43,0.56,47.96,63.04,45.85,81.59,18.29,100.0,Suboptimal
UNI2539,West,Vocational,25665.92,390.5,10000.0,70.88,98.71,3.9,0.36,67.58,58.24,68.68,80.91,15.7,100.0,Optimal
UNI2540,West,Undergraduate,16436.0,2522.99,291887.02,54.71,96.17,3.86,0.53,76.35,61.38,69.52,77.95,12.18,97.13,Optimal
UNI2541,East,Vocational,11545.41,1367.82,164721.35,55.41,96.0,6.72,0.28,52.36,50.89,47.47,48.48,1.0,97.39,Suboptimal
UNI2542,East,Vocational,12090.41,236.97,224481.56,21.12,97.91,1.73,0.37,24.57,39.17,44.17,51.05,7.36,97.32,Suboptimal
UNI2543,East,Vocational,11311.5,399.71,154209.38,67.59,100.0,5.33,0.94,97.97,61.88,69.43,73.16,7.96,100.0,Optimal
UNI2544,West,Vocational,6354.55,2122.47,10000.0,37.72,98.62,2.82,0.36,20.37,59.69,59.35,73.34,2.55,98.87,Suboptimal
UNI2545,West,Undergraduate,12919.21,2050.21,181562.36,30.92,96.76,3.35,0.87,60.82,57.38,50.05,82.46,13.99,99.68,Suboptimal
UNI2546,East,Undergraduate,34713.01,2530.12,205036.38,63.0,100.0,5.36,0.58,76.63,86.6,73.25,79.32,14.94,100.0,Optimal
UNI2547,Central,Vocational,9629.36,1324.9,130147.64,56.12,98.67,2.12,0.78,53.17,81.61,80.51,57.1,15.35,100.0,Optimal
UNI2548,East,Vocational,3000.0,200.0,76608.68,25.97,97.46,2.85,0.67,36.84,73.27,71.49,58.77,16.77,97.59,Suboptimal
UNI2549,Central,Vocational,7752.52,1472.2,44794.7,57.3,100.0,2.96,0.61,80.62,75.94,76.39,64.03,13.02,99.94,Optimal
UNI2550,West,Undergraduate,14103.0,2373.04,301936.86,39.85,95.95,3.84,0.8,89.05,90.37,23.41,70.0,1.96,96.39,Optimal
UNI2551,Central,Undergraduate,24486.11,2475.36,264767.0,57.07,100.0,2.76,0.5,71.45,94.65,85.27,100.0,12.03,97.18,Optimal
UNI2552,East,Vocational,9503.05,200.0,34500.53,39.21,96.29,0.5,0.16,5.0,46.22,40.81,40.56,10.84,98.1,Suboptimal
UNI2553,Central,Vocational,17426.95,2153.34,197036.55,47.54,99.33,1.92,0.86,45.9,71.33,98.72,77.26,14.82,98.57,Optimal
UNI2554,East,Vocational,6548.04,1391.6,150675.04,48.86,99.3,2.88,0.46,33.57,62.08,38.42,54.23,11.86,100.0,Suboptimal
UNI2555,West,Undergraduate,25768.96,3414.79,169165.18,69.05,100.0,3.37,0.56,70.26,100.0,97.82,78.91,14.93,99.51,Optimal
UNI2556,East,Undergraduate,7436.21,1902.48,130150.1,33.41,94.81,2.49,0.15,83.05,67.47,42.23,56.44,12.97,96.12,Suboptimal
UNI2557,West,Vocational,12582.12,1526.67,186699.29,50.18,97.03,3.37,0.38,13.34,78.09,78.41,78.24,16.22,98.97,Suboptimal
UNI2558,East,Vocational,14175.66,1888.06,25471.06,53.85,99.05,4.24,0.59,84.4,62.41,57.7,74.7,7.69,98.03,Optimal
UNI2559,East,Undergraduate,13347.21,681.17,190288.04,53.95,98.46,3.34,0.71,70.68,42.82,61.74,74.29,14.42,98.43,Suboptimal
UNI2560,East,Vocational,3000.0,1515.55,286511.31,48.74,98.98,7.4,0.7,61.19,76.52,53.05,63.84,3.65,100.0,Optimal
UNI2561,East,Undergraduate,24032.1,1643.83,229657.18,53.09,99.62,5.05,1.06,56.25,87.42,64.79,75.51,8.21,97.01,Optimal
UNI2562,East,Vocational,7626.35,1082.83,55709.39,25.38,96.92,5.63,0.3,50.36,74.65,84.66,62.36,11.63,100.0,Suboptimal
UNI2563,Central,Vocational,10161.82,200.0,26735.95,44.78,97.78,2.01,0.05,12.87,75.45,76.05,74.29,13.99,99.78,Optimal
UNI2564,East,Vocational,32363.4,1778.98,146433.43,71.14,96.82,3.72,0.32,57.21,84.58,92.46,88.4,4.77,99.79,Optimal
UNI2565,East,Vocational,20916.88,2265.83,266016.89,53.64,100.0,2.31,0.49,60.37,71.33,82.12,58.11,14.63,100.0,Suboptimal
UNI2566,East,Undergraduate,34650.66,3590.69,383988.23,59.65,99.74,4.01,1.05,80.33,73.13,63.95,72.24,11.52,98.71,Optimal
UNI2567,East,Vocational,3000.0,1896.08,51696.59,25.95,100.0,1.79,0.09,5.0,67.83,68.66,58.56,12.36,98.59,Suboptimal
UNI2568,West,Vocational,21832.53,200.0,211698.22,55.21,100.0,6.51,0.24,87.36,33.58,88.04,66.47,9.71,99.51,Suboptimal
UNI2569,West,Undergraduate,20591.91,1523.7,301008.41,51.98,98.9,3.3,0.84,60.06,71.12,75.87,74.59,9.5,98.02,Optimal
UNI2570,East,Undergraduate,22011.01,4226.85,289245.1,68.4,98.58,3.09,0.79,74.12,55.97,66.3,55.7,10.39,97.89,Optimal
UNI2571,West,Undergraduate,37871.63,2438.56,66370.13,48.64,98.53,1.26,0.15,45.73,65.43,52.39,82.34,13.53,100.0,Optimal
UNI2572,Central,Vocational,4254.91,555.32,187837.57,30.8,97.64,2.68,0.05,46.53,69.39,50.78,59.77,5.71,99.18,Suboptimal
UNI2573,West,Undergraduate,27324.38,2280.19,264201.56,58.39,100.0,2.77,0.5,68.63,71.61,74.77,70.36,2.82,100.0,Optimal
UNI2574,East,Vocational,13228.54,1428.03,10000.0,80.89,97.3,4.73,0.78,38.53,54.04,50.08,70.5,13.41,99.38,Optimal
UNI2575,East,Undergraduate,34642.25,1591.42,510411.88,65.06,100.0,2.99,0.96,110.45,94.06,75.56,79.09,24.19,100.0,Optimal
UNI2576,Central,Undergraduate,10353.91,824.35,137963.84,37.74,97.37,2.43,0.27,28.52,100.0,70.22,76.23,8.56,97.39,Optimal
UNI2577,West,Undergraduate,16570.14,1492.24,118499.85,10.37,98.71,0.69,0.65,50.14,37.08,55.77,47.4,17.06,98.9,Suboptimal
UNI2578,Central,Vocational,3580.47,269.67,14372.0,40.68,99.11,2.16,0.46,50.89,61.79,61.62,29.9,10.9,100.0,Suboptimal
UNI2579,Central,Vocational,16733.5,829.52,174576.33,53.44,97.64,3.07,0.55,79.6,50.02,62.55,47.92,3.22,100.0,Suboptimal
UNI2580,East,Undergraduate,13275.43,3962.64,120981.77,56.55,98.32,2.71,0.23,49.51,82.34,87.41,81.82,13.63,99.28,Optimal
UNI2581,Central,Vocational,20937.17,581.8,11188.8,44.02,99.43,2.08,0.25,23.1,54.39,57.42,35.66,4.42,99.34,Suboptimal
UNI2582,West,Undergraduate,13997.97,1540.74,71063.73,36.64,96.97,3.54,0.86,59.07,63.34,63.81,64.31,11.41,98.31,Suboptimal
UNI2583,East,Vocational,6738.46,1344.32,87003.04,65.94,96.47,5.7,0.46,5.0,77.2,5.0,62.74,10.75,100.0,Suboptimal
UNI2584,Central,Vocational,10748.01,1347.55,31643.05,80.92,98.68,3.21,0.24,66.25,58.59,42.64,63.53,14.71,99.64,Suboptimal
UNI2585,East,Undergraduate,7049.83,1209.61,240715.6,56.23,96.14,1.82,0.4,38.2,26.27,62.33,69.94,11.39,96.67,Suboptimal
UNI2586,Central,Undergraduate,25151.85,2915.28,230508.07,70.96,97.84,3.42,0.62,59.39,81.92,43.08,88.55,1.98,99.95,Optimal
UNI2587,Central,Vocational,10853.67,1965.77,212889.52,77.93,100.0,3.5,0.87,63.13,79.91,70.78,70.88,3.59,99.11,Optimal
UNI2588,West,Vocational,8183.46,200.0,75715.27,69.39,97.24,3.07,0.44,25.85,47.16,64.23,46.03,10.65,98.55,Suboptimal
UNI2589,West,Undergraduate,29154.97,1955.84,206226.85,61.11,99.35,3.81,0.47,51.03,86.01,75.59,94.61,13.46,99.18,Optimal
UNI2590,East,Vocational,31062.2,1611.61,90099.54,47.49,100.0,2.28,1.0,96.14,86.84,54.1,88.68,10.94,97.08,Optimal
UNI2591,East,Vocational,11155.94,751.92,262503.65,66.64,98.05,4.12,0.65,5.0,74.87,53.73,47.27,11.39,98.95,Suboptimal
UNI2592,East,Undergraduate,8778.67,2596.67,326691.72,26.25,100.0,4.82,0.57,52.09,89.57,62.36,57.75,14.84,99.65,Optimal
UNI2593,East,Vocational,9352.42,1537.52,259453.67,25.67,98.03,4.76,0.47,29.67,75.49,74.35,52.54,6.5,98.52,Suboptimal
UNI2594,East,Vocational,3000.0,1387.83,195509.36,38.54,97.38,2.38,0.62,21.75,73.9,20.07,57.2,1.0,100.0,Suboptimal
UNI2595,East,Undergraduate,4630.43,2120.35,147380.93,40.93,95.79,3.56,0.81,90.77,97.78,59.44,83.31,12.72,97.46,Optimal
UNI2596,East,Undergraduate,16817.22,2508.52,36482.43,28.94,96.89,2.72,0.39,47.47,54.64,36.94,82.65,4.11,98.85,Suboptimal
UNI2597,East,Vocational,11178.49,200.0,63586.77,35.74,98.27,3.95,0.71,91.53,85.43,34.61,90.95,15.12,99.43,Optimal
UNI2598,East,Vocational,9144.52,2307.69,247189.44,52.85,100.0,4.48,0.69,54.33,37.3,55.92,75.58,11.43,100.0,Optimal
UNI2599,West,Undergraduate,21988.68,1847.42,133375.62,32.19,95.89,1.91,0.32,27.93,44.35,37.8,70.86,6.02,98.44,Suboptimal
UNI2600,East,Undergraduate,21221.04,1936.39,257639.91,65.39,97.73,4.84,0.68,45.22,73.14,53.05,73.62,19.26,100.0,Optimal
UNI2601,Central,Vocational,10526.85,836.23,10000.0,41.73,99.75,2.61,0.62,27.03,61.38,37.66,60.97,6.59,97.54,Suboptimal
UNI2602,West,Undergraduate,14652.03,2174.13,167699.83,60.09,97.52,2.43,0.63,46.71,48.43,54.01,75.35,3.69,98.64,Suboptimal
UNI2603,Central,Undergraduate,19620.16,2899.45,103534.96,57.72,99.12,5.01,1.09,74.26,54.28,52.6,65.99,9.52,99.22,Optimal
UNI2604,East,Vocational,22464.49,1964.95,96907.45,54.54,97.51,3.55,0.53,47.25,68.53,42.16,78.13,15.66,100.0,Optimal
UNI2605,East,Undergraduate,15033.53,2501.34,325439.38,60.51,97.19,3.95,0.71,95.77,64.26,59.98,59.25,5.64,95.77,Suboptimal
UNI2606,Central,Vocational,13481.12,1400.05,10000.0,48.36,96.97,0.82,0.46,29.76,14.75,80.31,54.15,16.2,97.03,Suboptimal
UNI2607,Central,Vocational,8648.32,1107.28,48022.92,45.98,99.51,4.08,0.79,41.87,64.81,68.65,57.18,1.51,99.3,Suboptimal
UNI2608,East,Vocational,10150.24,1228.66,102568.95,21.22,96.59,2.31,0.77,58.9,60.8,65.01,47.03,2.56,99.74,Suboptimal
UNI2609,East,Undergraduate,31888.31,1481.28,291019.42,65.97,100.0,4.46,0.62,73.31,72.13,58.94,82.39,3.41,98.7,Optimal
UNI2610,Central,Undergraduate,29069.24,2674.18,147496.6,38.69,95.99,1.65,0.3,80.54,67.28,55.01,91.07,10.87,99.45,Optimal
UNI2611,East,Undergraduate,35987.04,1352.81,429743.35,68.88,100.0,4.8,0.62,108.85,63.29,69.41,84.01,17.47,100.0,Optimal
UNI2612,Central,Undergraduate,24804.72,2910.95,120411.98,59.18,100.0,1.34,0.72,70.98,67.7,82.13,89.05,13.89,99.11,Optimal
UNI2613,East,Vocational,12941.16,469.17,10000.0,30.57,99.19,2.88,0.58,27.89,100.0,60.19,93.9,18.09,98.73,Optimal
UNI2614,East,Undergraduate,14481.98,3121.05,106900.75,53.01,97.97,3.77,0.39,96.67,46.18,51.97,57.66,8.82,98.85,Optimal
UNI2615,West,Vocational,3000.0,200.0,10000.0,39.38,100.0,2.71,0.08,5.0,66.1,37.47,59.69,5.62,98.26,Suboptimal
UNI2616,East,Vocational,11335.36,2072.43,255434.54,63.28,100.0,3.78,0.96,65.75,60.55,44.74,74.3,16.05,100.0,Optimal
UNI2617,Central,Vocational,10514.7,291.34,10000.0,47.13,98.24,0.79,0.05,16.97,58.5,42.1,54.04,7.77,98.63,Suboptimal
UNI2618,East,Undergraduate,15401.52,2352.71,74492.05,39.44,97.81,2.95,0.36,77.71,71.23,91.38,86.02,11.64,97.79,Optimal
UNI2619,East,Vocational,21569.13,200.0,83708.16,51.84,97.66,2.63,0.63,14.84,61.46,62.24,74.24,8.53,97.64,Suboptimal
UNI2620,West,Vocational,8957.19,724.98,79473.83,16.56,94.39,2.51,0.21,43.57,69.17,13.48,87.19,14.44,97.61,Suboptimal
UNI2621,East,Vocational,3769.64,200.0,159887.37,27.4,98.62,2.88,0.33,18.32,94.41,57.25,73.93,18.53,97.2,Suboptimal
UNI2622,East,Vocational,26345.39,1575.49,319540.91,67.97,100.0,3.52,1.12,60.84,100.0,89.3,64.41,9.71,99.26,Optimal
UNI2623,West,Vocational,7332.95,200.0,10000.0,55.08,96.02,5.0,0.23,26.53,64.08,49.96,77.49,7.04,97.34,Suboptimal
UNI2624,Central,Vocational,15534.43,1165.5,62717.61,50.77,98.97,2.66,0.06,53.99,56.31,64.79,54.89,10.52,98.29,Suboptimal
UNI2625,Central,Undergraduate,8139.89,1070.69,102475.0,21.67,95.21,0.89,0.62,5.0,39.96,46.52,53.16,15.92,95.95,Suboptimal
UNI2626,East,Undergraduate,23399.91,1429.93,47288.13,20.93,96.35,2.55,0.39,81.77,31.97,48.22,49.86,7.79,96.57,Suboptimal
UNI2627,East,Vocational,9985.65,1979.0,91465.72,66.27,97.94,3.04,0.6,67.21,100.0,74.46,56.17,11.11,98.82,Optimal
UNI2628,Central,Vocational,20699.05,491.25,10000.0,24.46,99.48,2.39,0.34,22.98,49.92,56.27,69.92,8.43,99.27,Suboptimal
UNI2629,East,Vocational,3000.0,1389.54,23979.64,58.82,100.0,2.53,0.44,60.2,55.99,65.63,72.8,14.27,97.66,Suboptimal
UNI2630,East,Undergraduate,26230.7,1132.91,130788.34,73.88,98.29,3.19,0.18,48.13,82.15,97.97,75.3,12.71,97.33,Optimal
UNI2631,West,Vocational,9786.47,731.8,217926.46,44.22,99.32,4.66,0.5,69.84,19.35,57.84,78.16,2.83,100.0,Suboptimal
UNI2632,East,Undergraduate,14374.61,3359.78,366970.91,47.85,96.01,1.61,0.9,98.17,34.13,46.94,73.64,10.41,97.01,Suboptimal
UNI2633,East,Vocational,3000.0,3457.33,267184.23,54.27,98.46,5.63,0.78,108.38,57.3,58.94,89.35,15.67,100.0,Optimal
UNI2634,East,Vocational,3000.0,200.0,10000.0,29.38,97.22,1.0,0.33,5.0,36.4,54.22,24.72,1.0,96.55,Suboptimal
UNI2635,East,Vocational,10570.81,875.24,10000.0,55.43,94.38,2.12,0.41,25.06,61.73,43.83,79.42,2.33,97.35,Optimal
UNI2636,Central,Vocational,3000.0,595.83,10000.0,23.62,97.46,3.57,0.06,5.0,78.38,66.14,62.09,1.0,96.86,Suboptimal
UNI2637,West,Vocational,24764.15,1514.26,46639.33,46.77,100.0,0.5,0.53,37.65,61.56,77.98,94.64,9.71,97.91,Optimal
UNI2638,East,Vocational,8998.94,526.2,10000.0,36.43,97.89,2.93,0.19,69.8,63.48,80.38,63.63,13.58,97.87,Suboptimal
UNI2639,East,Vocational,23855.15,1637.46,265201.63,73.74,99.89,5.77,0.92,74.55,72.0,84.32,72.81,17.6,100.0,Optimal
UNI2640,Central,Undergraduate,20218.3,200.0,325198.05,44.76,98.19,2.9,0.77,94.37,64.06,85.12,78.77,14.88,99.26,Optimal
UNI2641,East,Undergraduate,4255.19,2969.4,254732.3,43.87,95.64,1.51,0.57,74.34,66.32,33.55,51.2,2.2,97.44,Suboptimal
UNI2642,Central,Vocational,19694.28,1385.33,328232.3,70.87,98.35,6.22,0.99,74.93,78.71,53.34,51.79,11.45,99.13,Optimal
UNI2643,West,Vocational,10979.85,281.91,35845.6,34.18,95.94,0.5,0.05,16.82,5.43,17.55,18.17,11.16,97.95,Suboptimal
UNI2644,Central,Undergraduate,23784.22,2282.84,171492.77,66.26,100.0,4.57,0.6,67.13,96.06,58.61,100.0,13.87,97.89,Optimal
UNI2645,East,Undergraduate,17072.6,1034.47,160247.18,67.31,99.41,4.06,0.38,49.02,57.95,72.77,37.89,10.34,97.61,Suboptimal
UNI2646,West,Vocational,26218.47,399.96,10000.0,45.99,97.67,2.28,0.31,5.0,62.95,37.69,39.83,11.7,97.44,Suboptimal
UNI2647,East,Vocational,14033.45,347.94,82189.42,29.68,96.79,2.72,0.43,23.51,66.61,24.96,60.29,9.16,97.41,Suboptimal
UNI2648,West,Undergraduate,20896.34,2431.32,299855.87,47.08,96.7,4.57,0.9,100.49,38.33,57.26,48.88,11.49,97.56,Suboptimal
UNI2649,Central,Vocational,11004.33,1263.54,104878.83,36.22,97.3,3.73,0.23,32.71,45.83,47.05,45.15,13.82,98.69,Suboptimal
UNI2650,Central,Undergraduate,22400.62,2135.91,298672.38,79.29,98.18,2.85,0.75,71.23,64.27,94.05,30.23,2.98,96.7,Suboptimal
UNI2651,West,Vocational,12489.29,1137.18,10000.0,30.98,99.12,1.47,0.35,36.84,38.39,63.26,77.63,19.81,97.57,Optimal
UNI2652,Central,Undergraduate,11638.16,1772.52,407158.31,71.91,100.0,4.66,0.51,109.02,73.9,78.01,64.41,5.09,98.93,Optimal
UNI2653,East,Vocational,5512.35,200.0,10000.0,12.1,95.52,0.5,0.13,5.0,67.92,36.97,66.79,9.05,97.9,Suboptimal
UNI2654,East,Vocational,8904.36,703.3,17387.09,44.18,99.15,2.38,0.32,5.0,66.88,29.11,62.3,9.13,98.92,Suboptimal
UNI2655,Central,Undergraduate,18055.89,1525.8,204204.1,52.99,99.46,0.62,0.99,85.56,83.92,65.69,84.72,12.19,97.78,Optimal
UNI2656,Central,Undergraduate,28474.95,2719.56,470652.26,78.31,99.84,5.93,0.78,119.01,82.2,68.91,80.19,11.49,100.0,Optimal
UNI2657,East,Vocational,3000.0,1337.2,61707.23,56.36,97.36,4.68,0.9,89.76,50.16,39.01,55.67,10.46,99.01,Suboptimal
UNI2658,Central,Undergraduate,10222.18,1909.07,58992.21,76.26,99.4,2.5,0.36,95.87,58.08,33.61,56.27,13.31,100.0,Optimal
UNI2659,Central,Undergraduate,28188.51,1768.01,263997.5,68.41,100.0,1.78,0.27,114.75,77.97,70.58,65.79,12.05,97.82,Optimal
UNI2660,East,Vocational,14382.6,200.0,10000.0,43.39,98.79,1.29,0.05,13.59,42.95,55.03,53.26,9.55,99.39,Optimal
UNI2661,East,Vocational,3000.0,200.0,43606.88,19.86,95.71,3.21,0.53,64.59,73.31,21.1,74.92,12.29,98.49,Suboptimal
UNI2662,East,Undergraduate,4532.15,2553.83,140132.26,24.86,95.85,3.75,0.62,49.7,63.43,69.89,70.91,10.55,97.0,Suboptimal
UNI2663,East,Vocational,20385.28,2339.14,224540.99,52.8,97.35,2.17,0.51,98.45,66.14,63.73,30.7,8.21,100.0,Suboptimal
UNI2664,East,Undergraduate,23719.19,1356.14,345294.33,65.15,99.52,4.77,0.96,100.92,87.91,100.0,90.53,15.31,100.0,Optimal
UNI2665,East,Undergraduate,32291.29,986.37,257933.26,62.24,99.98,4.0,0.67,85.69,60.05,33.31,68.02,24.49,100.0,Optimal
UNI2666,East,Vocational,16506.07,1815.1,10000.0,34.18,96.97,3.29,0.52,62.63,72.6,35.7,56.0,3.24,100.0,Suboptimal
UNI2667,East,Undergraduate,16611.42,3187.06,255799.76,81.74,94.91,2.25,0.53,41.25,83.61,39.63,66.56,14.15,97.79,Suboptimal
UNI2668,Central,Vocational,8680.5,200.0,10514.46,24.22,98.54,3.3,0.28,21.98,36.06,43.13,81.44,1.15,99.82,Suboptimal
UNI2669,East,Undergraduate,18869.13,2616.85,144072.98,50.06,98.04,4.45,0.99,71.61,71.74,88.32,69.72,7.65,99.59,Optimal
UNI2670,West,Undergraduate,14325.94,3749.29,137471.11,47.98,98.13,4.74,1.07,89.34,74.35,53.6,84.14,10.11,99.63,Optimal
UNI2671,West,Vocational,9146.18,595.75,113853.86,56.07,99.03,3.84,0.93,90.84,26.35,43.49,69.13,7.55,99.32,Suboptimal
UNI2672,Central,Vocational,3000.0,2012.09,173269.6,55.55,98.54,4.55,0.3,16.52,18.93,30.89,35.84,4.85,97.38,Suboptimal
UNI2673,West,Undergraduate,14849.36,2411.33,301954.13,49.35,97.65,4.42,0.61,115.5,64.74,96.53,81.03,12.84,97.41,Optimal
UNI2674,West,Vocational,3586.24,200.0,10000.0,29.58,97.85,0.5,0.08,7.69,42.45,20.09,54.12,6.51,99.75,Suboptimal
UNI2675,East,Undergraduate,34224.61,1292.63,202105.32,72.79,100.0,2.24,0.81,59.99,57.86,58.43,59.29,17.97,100.0,Optimal
UNI2676,Central,Undergraduate,26363.39,2895.16,235649.6,54.03,98.48,3.8,0.64,69.45,54.9,54.68,60.26,7.92,97.56,Suboptimal
UNI2677,East,Vocational,16042.0,828.11,10000.0,48.1,97.56,0.5,0.12,13.68,54.88,23.63,70.29,11.4,97.47,Suboptimal
UNI2678,Central,Vocational,24450.06,2515.16,135808.95,72.79,100.0,2.89,0.62,56.07,58.08,83.21,100.0,15.56,98.83,Optimal
UNI2679,Central,Vocational,19106.26,2137.77,10000.0,36.72,98.93,3.55,0.33,33.96,100.0,57.13,78.15,13.81,100.0,Optimal
UNI2680,East,Vocational,7413.51,1533.22,174517.68,34.34,95.36,5.12,0.34,26.91,78.91,64.0,79.69,12.35,98.38,Suboptimal
UNI2681,East,Vocational,7350.1,3357.22,10000.0,47.66,100.0,1.15,0.5,34.64,73.42,54.55,67.96,9.54,99.22,Suboptimal
UNI2682,West,Vocational,21815.69,2325.71,187444.63,54.74,98.85,3.51,0.45,58.1,34.5,41.79,55.0,16.48,98.27,Suboptimal
UNI2683,East,Undergraduate,3000.0,2423.21,103047.86,63.81,97.03,3.35,0.61,41.17,33.6,7.91,66.72,1.17,99.25,Suboptimal
UNI2684,East,Vocational,3000.0,200.0,172459.91,66.97,95.33,2.58,0.05,45.26,75.51,65.65,100.0,29.57,98.04,Optimal
UNI2685,East,Undergraduate,21614.4,1050.62,10000.0,57.6,97.85,3.93,0.47,99.92,85.08,60.54,71.83,17.16,98.83,Optimal
UNI2686,Central,Vocational,3527.75,200.0,267391.38,29.89,96.43,3.04,0.5,73.22,48.42,64.6,83.49,9.99,98.16,Suboptimal
UNI2687,West,Undergraduate,19135.74,2166.16,162339.74,68.8,100.0,6.32,0.52,99.94,54.82,63.5,58.16,12.75,98.85,Optimal
UNI2688,West,Vocational,4083.84,1860.7,10000.0,43.96,95.41,4.1,0.09,5.0,47.66,77.55,43.82,1.0,98.02,Suboptimal
UNI2689,East,Vocational,3000.0,456.61,10000.0,33.94,97.08,4.07,0.23,30.42,61.22,61.71,65.58,16.07,97.89,Suboptimal
UNI2690,East,Vocational,18560.22,200.0,46736.06,50.59,98.02,1.69,0.39,38.32,94.05,65.36,75.62,3.66,99.25,Optimal
UNI2691,East,Undergraduate,31947.03,2032.02,200003.82,64.13,98.69,3.16,0.45,59.06,83.15,66.99,78.44,17.66,100.0,Optimal
UNI2692,Central,Vocational,20628.06,200.0,26046.04,26.22,97.6,0.5,0.06,7.22,62.33,82.65,73.68,6.89,98.5,Optimal
UNI2693,West,Undergraduate,16784.29,3922.2,296959.53,80.62,100.0,4.75,0.94,113.78,66.78,80.08,88.96,12.22,99.87,Optimal
UNI2694,Central,Undergraduate,12969.28,1860.29,239630.65,36.28,100.0,5.04,0.41,120.32,58.07,68.75,95.74,21.09,99.47,Optimal
UNI2695,East,Vocational,4042.41,1043.01,37495.06,47.18,98.34,3.64,0.69,30.23,69.71,76.08,80.84,12.52,99.08,Optimal
UNI2696,Central,Vocational,20703.81,491.48,10000.0,58.62,97.15,2.66,0.23,40.11,60.02,26.3,67.7,1.0,98.75,Suboptimal
UNI2697,East,Undergraduate,25366.73,1960.5,99199.66,64.91,96.31,3.57,0.75,92.36,58.37,46.65,53.25,12.88,100.0,Optimal
UNI2698,Central,Undergraduate,17957.39,2757.34,148246.78,44.99,97.08,1.97,0.55,61.27,63.08,67.2,65.48,4.19,98.02,Optimal
UNI2699,Central,Vocational,19897.26,489.64,49044.76,79.95,97.81,4.8,0.05,61.16,65.18,82.61,76.8,20.16,100.0,Optimal
UNI2700,Central,Vocational,9056.97,200.0,155919.47,36.27,99.48,1.5,0.59,15.03,55.17,85.53,69.81,15.38,97.75,Suboptimal
UNI2701,Central,Vocational,5395.16,1690.5,10000.0,24.16,98.76,4.64,0.74,46.92,70.36,56.89,52.6,4.46,100.0,Suboptimal
UNI2702,West,Vocational,17852.29,1297.47,65513.51,54.82,100.0,3.82,0.6,48.71,56.64,58.7,67.81,12.89,98.18,Suboptimal
UNI2703,East,Vocational,7542.0,1597.0,249054.79,19.15,100.0,2.56,0.68,18.1,52.9,54.6,58.99,7.22,98.31,Suboptimal
UNI2704,East,Vocational,3000.0,525.15,180490.45,32.73,96.98,2.28,0.54,78.23,75.87,51.27,75.96,3.58,99.7,Suboptimal
UNI2705,East,Vocational,13433.67,1457.09,127840.11,48.77,97.55,1.94,0.63,53.81,44.23,52.5,75.04,8.3,97.48,Suboptimal
UNI2706,Central,Undergraduate,19779.39,4602.11,370866.23,52.88,100.0,5.25,0.69,94.52,100.0,51.49,85.85,22.14,100.0,Optimal
UNI2707,Central,Vocational,4076.44,200.0,52400.79,36.86,96.96,0.92,0.27,17.73,34.32,58.7,51.44,8.13,95.08,Suboptimal
UNI2708,Central,Vocational,6007.18,360.17,158561.79,23.34,98.33,3.41,0.22,17.39,84.22,63.96,65.53,14.62,96.85,Suboptimal
UNI2709,Central,Undergraduate,28038.72,1324.99,210935.67,66.67,100.0,3.09,0.58,82.31,77.15,60.33,81.27,16.96,98.82,Optimal
UNI2710,East,Undergraduate,26284.15,3920.08,90767.56,41.07,100.0,3.98,0.8,66.42,84.87,53.32,71.61,11.27,100.0,Optimal
UNI2711,Central,Undergraduate,16215.78,2906.19,266064.45,73.94,99.46,4.05,1.09,54.61,60.71,77.06,93.09,12.35,99.25,Optimal
UNI2712,Central,Undergraduate,9231.64,1595.12,76205.14,26.1,97.74,4.36,0.4,42.7,52.97,100.0,59.09,10.86,96.83,Suboptimal
UNI2713,East,Vocational,16230.41,200.0,54649.1,67.05,98.83,2.13,0.52,34.85,56.57,32.6,69.71,10.54,100.0,Suboptimal
UNI2714,East,Undergraduate,23610.47,1735.13,309655.01,43.37,99.07,4.28,0.57,63.76,88.83,60.69,99.89,11.39,97.44,Optimal
UNI2715,East,Vocational,25086.44,2546.44,137778.6,78.34,99.46,2.81,1.01,73.72,35.13,75.12,63.96,9.48,96.33,Suboptimal
UNI2716,East,Undergraduate,13700.12,272.62,75592.83,39.04,99.45,2.55,0.29,35.8,87.14,56.66,59.68,7.31,100.0,Optimal
UNI2717,West,Vocational,13070.68,200.0,44908.59,17.87,96.83,3.15,0.98,5.0,58.68,68.99,44.57,9.13,98.97,Suboptimal
UNI2718,West,Undergraduate,5320.65,1642.12,110636.25,50.54,95.46,3.14,0.12,125.14,41.24,48.5,69.95,3.62,97.83,Suboptimal
UNI2719,Central,Vocational,11849.29,1422.97,231466.51,61.89,99.69,6.09,1.07,89.4,59.73,73.36,57.46,9.91,99.05,Optimal
UNI2720,East,Undergraduate,25255.25,2570.63,148783.07,75.29,98.31,4.42,0.92,79.85,64.21,65.22,83.17,18.73,100.0,Optimal
UNI2721,Central,Vocational,18916.23,200.0,10000.0,53.89,96.26,1.44,0.05,42.23,26.54,46.4,45.95,3.43,98.17,Suboptimal
UNI2722,Central,Undergraduate,26483.64,3433.1,487895.84,76.14,100.0,5.0,1.35,109.41,47.6,55.32,100.0,13.68,100.0,Optimal
UNI2723,East,Undergraduate,31490.01,2131.81,161635.02,55.58,100.0,2.93,0.63,89.14,84.68,97.99,86.06,11.26,100.0,Optimal
UNI2724,West,Vocational,3000.0,1377.53,79594.75,57.75,98.42,1.91,0.38,44.37,44.64,20.0,45.54,12.8,97.73,Suboptimal
UNI2725,East,Undergraduate,7639.88,1628.18,323655.04,38.43,91.97,1.24,0.15,50.15,57.62,45.61,62.43,16.62,97.73,Suboptimal
UNI2726,East,Vocational,11123.78,1666.04,118397.81,45.99,100.0,3.3,0.51,72.32,76.53,36.06,76.35,8.14,98.32,Suboptimal
UNI2727,East,Vocational,28498.4,1841.92,218314.2,45.58,99.27,2.81,0.45,65.38,83.29,90.27,68.31,19.2,100.0,Optimal
UNI2728,East,Vocational,9998.15,574.23,150466.9,49.83,99.91,4.25,0.66,71.36,44.53,70.54,84.77,20.84,99.64,Optimal
UNI2729,West,Undergraduate,16526.77,1354.97,192903.78,64.08,98.22,3.11,1.13,71.57,88.95,54.05,76.95,8.61,97.28,Optimal
UNI2730,East,Vocational,8129.49,200.0,112519.22,31.61,97.38,2.18,0.44,91.77,84.95,72.77,75.7,14.39,96.44,Optimal
UNI2731,East,Undergraduate,17835.28,845.05,54689.97,62.47,99.61,5.81,0.1,78.86,64.31,38.82,57.99,1.0,99.73,Suboptimal
UNI2732,East,Undergraduate,14722.72,2507.33,260471.34,42.79,96.44,1.01,0.95,128.31,65.38,78.33,72.64,13.76,98.66,Optimal
UNI2733,East,Vocational,21937.59,1645.72,210653.42,80.37,98.99,4.1,0.58,51.18,40.73,66.47,55.63,9.19,100.0,Optimal
UNI2734,East,Vocational,13251.11,313.42,138066.94,39.09,99.19,3.46,0.95,19.07,48.96,52.66,87.29,2.02,97.74,Suboptimal
UNI2735,East,Undergraduate,3000.0,1075.62,420176.33,64.09,98.2,3.04,0.53,104.42,60.83,66.57,58.86,12.79,97.26,Suboptimal
UNI2736,Central,Vocational,9129.99,2654.32,183221.55,35.41,99.99,4.25,0.45,67.38,88.24,59.3,100.0,11.89,98.51,Optimal
UNI2737,East,Vocational,14269.3,1767.61,168760.46,43.38,95.53,3.24,0.28,54.37,62.39,73.74,76.54,9.01,97.2,Suboptimal
UNI2738,West,Undergraduate,30517.39,2644.54,529267.4,67.26,97.19,6.38,1.23,104.98,75.68,75.48,74.65,17.28,99.07,Optimal
UNI2739,East,Vocational,16967.27,745.74,159903.6,54.26,97.28,2.43,0.45,26.54,94.05,44.79,58.34,18.91,97.21,Suboptimal
UNI2740,Central,Undergraduate,14515.43,2961.88,283744.43,69.56,97.19,2.71,1.13,71.38,82.62,81.8,100.0,8.94,99.4,Optimal
UNI2741,West,Vocational,24058.28,533.93,90328.12,51.42,99.42,2.96,0.45,44.77,71.93,26.17,47.89,1.0,98.76,Suboptimal
UNI2742,East,Vocational,11204.02,200.0,36397.47,38.53,96.6,1.52,0.75,33.14,50.87,68.49,67.08,6.73,98.81,Suboptimal
UNI2743,East,Undergraduate,22901.04,1394.75,210511.57,58.9,98.32,2.08,0.19,21.05,67.67,21.56,85.39,1.64,97.68,Suboptimal
UNI2744,West,Vocational,16857.17,2110.05,112662.96,46.17,98.37,4.7,0.17,82.95,78.59,86.84,82.7,19.05,98.07,Optimal
UNI2745,Central,Undergraduate,6251.25,3295.69,319607.25,28.09,100.0,5.76,0.91,71.1,75.94,56.04,72.67,8.06,99.51,Optimal
UNI2746,Central,Vocational,16624.18,839.68,48813.81,20.82,99.05,4.89,0.5,77.46,58.24,61.3,79.32,10.71,98.87,Suboptimal
UNI2747,East,Vocational,12365.09,1533.99,132595.3,32.27,97.78,4.34,0.48,31.72,62.7,37.06,76.87,9.53,99.67,Suboptimal
UNI2748,East,Vocational,7478.76,695.69,209911.15,50.0,100.0,2.61,0.17,36.72,73.46,56.87,52.23,4.26,98.45,Optimal
UNI2749,Central,Undergraduate,3000.0,915.92,150140.89,68.9,97.35,4.13,0.27,81.49,65.83,36.35,75.59,6.37,97.3,Suboptimal
UNI2750,West,Vocational,28900.47,200.0,198191.06,29.76,99.87,2.48,0.45,42.2,60.88,79.63,55.66,1.0,99.74,Optimal
UNI2751,East,Vocational,10651.93,816.24,212360.9,40.4,98.99,6.38,0.72,56.92,41.39,51.26,89.44,5.13,99.36,Suboptimal
UNI2752,West,Undergraduate,31908.41,2895.54,204172.83,55.58,99.12,2.37,0.36,79.88,85.96,94.48,89.73,9.86,97.42,Optimal
UNI2753,Central,Undergraduate,17390.17,3823.05,300166.35,73.18,99.2,5.1,0.97,99.75,62.43,84.16,89.87,6.42,100.0,Optimal
UNI2754,East,Undergraduate,19707.34,2094.36,232016.87,54.87,98.37,2.59,1.0,77.48,58.1,77.41,65.91,9.0,98.89,Optimal
UNI2755,East,Vocational,17091.3,306.98,10000.0,45.49,97.39,3.48,0.41,13.73,49.71,26.74,27.26,2.06,98.26,Suboptimal
UNI2756,East,Undergraduate,13267.26,2800.97,294502.21,40.31,97.27,1.44,0.83,56.49,100.0,100.0,86.65,14.8,99.02,Optimal
UNI2757,East,Vocational,5619.78,1293.9,228530.31,67.4,98.26,0.64,0.07,16.65,51.24,79.89,70.54,1.0,97.57,Optimal
UNI2758,Central,Undergraduate,15309.86,885.66,225702.75,63.06,100.0,1.59,0.67,63.57,89.92,59.53,56.64,7.14,99.66,Optimal
UNI2759,East,Vocational,13892.36,1674.06,248445.26,58.77,99.88,4.43,0.76,94.66,35.97,38.56,52.82,4.49,97.22,Suboptimal
UNI2760,East,Undergraduate,21552.25,2015.83,200293.96,52.1,97.23,3.92,0.45,89.76,75.15,36.33,31.45,8.03,96.2,Suboptimal
UNI2761,Central,Vocational,10069.26,1025.2,287749.51,53.26,99.22,6.7,1.14,41.18,65.96,60.98,59.99,10.05,100.0,Optimal
UNI2762,Central,Undergraduate,22876.07,3281.53,330657.63,76.43,97.97,4.77,0.95,132.94,75.96,67.67,58.34,12.71,99.94,Optimal
UNI2763,Central,Vocational,5328.09,200.0,66729.96,25.77,98.73,3.22,0.22,28.32,71.91,47.84,61.59,1.94,99.56,Suboptimal
UNI2764,Central,Vocational,12109.36,726.74,10000.0,21.02,97.63,3.38,0.54,58.97,57.47,40.25,72.96,11.27,99.72,Suboptimal
UNI2765,East,Vocational,23724.41,898.52,41141.23,45.67,98.52,3.74,0.28,21.69,81.76,57.55,65.13,7.59,97.24,Suboptimal
UNI2766,Central,Vocational,5146.69,200.0,58261.92,47.84,98.0,2.29,0.05,16.9,79.93,96.23,100.0,22.03,99.58,Optimal
UNI2767,East,Vocational,4673.79,200.0,143163.15,34.91,98.14,3.75,0.29,53.97,37.89,53.49,54.38,5.69,97.17,Suboptimal
UNI2768,East,Undergraduate,43419.38,3252.66,370256.86,61.8,99.04,3.02,0.68,65.97,54.96,62.01,78.9,12.89,100.0,Optimal
UNI2769,East,Undergraduate,8570.71,1116.87,16752.77,25.11,95.37,0.5,0.33,62.62,92.68,61.06,75.77,5.08,96.88,Optimal
UNI2770,Central,Undergraduate,16969.89,3534.27,50674.74,63.74,98.4,3.72,0.86,76.1,77.18,30.39,55.93,5.48,100.0,Optimal
UNI2771,Central,Vocational,7201.99,2332.87,128407.73,49.99,97.7,0.64,0.26,15.46,57.6,48.59,79.63,11.65,97.87,Suboptimal
UNI2772,East,Vocational,19097.94,1860.52,181020.84,61.21,100.0,6.33,0.64,38.17,85.95,67.59,66.23,14.15,100.0,Optimal
UNI2773,West,Vocational,3000.0,1530.1,21451.91,26.46,97.71,0.5,0.05,26.2,60.81,62.82,67.03,8.31,97.06,Suboptimal
UNI2774,West,Vocational,18448.99,1995.61,10000.0,28.61,99.28,2.19,0.27,106.9,73.29,62.55,94.93,6.76,98.57,Optimal
UNI2775,East,Undergraduate,18925.09,1267.17,171345.68,30.72,96.71,6.16,0.77,72.87,62.81,24.74,39.64,1.0,96.93,Suboptimal
UNI2776,Central,Vocational,22161.56,200.0,48540.94,48.26,98.85,2.45,0.44,45.55,47.57,62.55,41.92,6.83,100.0,Suboptimal
UNI2777,East,Undergraduate,28972.74,2696.85,278094.12,62.22,100.0,3.42,0.81,55.93,52.95,73.29,72.22,21.28,98.21,Suboptimal
UNI2778,West,Vocational,23943.12,1645.54,73414.59,70.0,100.0,4.75,0.9,87.75,81.91,59.99,100.0,6.0,99.77,Optimal
UNI2779,East,Undergraduate,28593.83,3033.45,106262.83,59.07,99.57,5.38,0.74,80.37,80.24,86.09,72.45,9.22,99.47,Suboptimal
UNI2780,East,Undergraduate,28243.66,2153.61,268951.95,63.02,99.34,5.21,1.04,102.08,74.42,84.74,68.18,6.56,98.93,Optimal
UNI2781,East,Vocational,4900.89,466.89,191951.0,64.53,99.1,1.98,0.45,63.11,34.8,38.16,56.59,6.86,98.25,Suboptimal
UNI2782,East,Vocational,30859.52,1287.28,272503.63,46.01,98.21,4.51,0.42,70.59,51.02,63.46,39.09,18.73,100.0,Optimal
UNI2783,Central,Vocational,14489.25,2127.57,134035.58,59.87,98.76,3.5,0.74,68.8,72.78,79.14,65.98,16.22,100.0,Optimal
UNI2784,Central,Vocational,3000.0,200.0,94973.25,28.87,96.85,1.04,0.34,36.89,41.73,56.87,76.32,10.04,97.55,Suboptimal
UNI2785,East,Vocational,3000.0,1041.53,183893.84,42.11,99.29,3.51,0.62,55.66,100.0,89.02,76.53,13.55,99.3,Optimal
UNI2786,Central,Undergraduate,15569.73,1342.35,405412.49,62.6,100.0,2.12,0.99,103.07,82.72,70.85,73.32,14.34,98.36,Optimal
UNI2787,West,Undergraduate,30479.88,1785.84,168998.62,79.94,96.9,4.06,0.55,47.35,43.25,33.48,58.73,1.65,98.55,Suboptimal
UNI2788,West,Undergraduate,23859.3,215.99,10000.0,43.74,98.38,1.73,0.41,40.5,76.13,53.37,74.7,10.9,96.69,Optimal
UNI2789,Central,Vocational,9926.77,712.16,10000.0,59.15,98.59,0.97,0.5,45.07,54.71,47.46,52.11,10.19,100.0,Suboptimal
UNI2790,East,Vocational,14515.86,488.5,111723.5,40.32,99.94,2.91,0.57,46.47,72.01,55.91,83.84,12.61,98.6,Optimal
UNI2791,East,Undergraduate,14098.9,1885.25,275545.15,30.33,95.77,3.4,0.75,66.01,73.16,50.95,94.83,16.05,97.15,Optimal
UNI2792,West,Undergraduate,10519.95,2749.41,10000.0,30.5,92.66,3.36,0.05,66.35,84.19,49.5,47.56,6.7,93.7,Suboptimal
UNI2793,Central,Undergraduate,32532.68,2408.84,261502.83,62.79,95.73,3.12,1.65,103.73,94.95,95.36,79.57,17.07,97.34,Optimal
UNI2794,Central,Undergraduate,32836.95,1999.66,338415.17,77.5,98.23,3.49,0.35,52.12,76.52,42.75,80.59,23.03,97.1,Optimal
UNI2795,West,Undergraduate,20429.31,3245.73,300257.17,27.66,99.53,4.34,0.72,105.37,78.76,52.77,77.48,12.0,97.43,Optimal
UNI2796,East,Vocational,19013.84,200.0,91110.17,80.64,99.28,2.06,0.42,49.49,77.61,63.48,67.2,7.15,99.78,Optimal
UNI2797,Central,Vocational,11894.3,1312.65,199481.67,43.08,97.3,2.2,0.78,38.68,70.66,78.0,66.79,8.95,100.0,Suboptimal
UNI2798,East,Undergraduate,15666.77,2991.96,133723.23,57.66,99.12,2.92,0.54,75.7,61.76,88.21,48.85,14.04,98.24,Suboptimal
UNI2799,East,Vocational,3000.0,1595.79,240451.83,22.1,98.27,1.66,0.64,55.89,55.91,51.86,49.05,14.3,99.0,Suboptimal
UNI2800,Central,Vocational,4948.91,200.0,151839.0,40.83,98.75,3.07,0.26,5.0,48.11,89.16,68.54,10.11,97.82,Suboptimal
UNI2801,East,Vocational,17422.33,200.0,10000.0,50.91,100.0,3.44,0.05,5.0,54.54,52.59,48.42,1.0,97.24,Suboptimal
UNI2802,West,Undergraduate,24126.73,916.74,194902.82,31.26,97.34,3.33,0.71,82.18,39.02,53.19,48.24,1.0,100.0,Optimal
UNI2803,East,Vocational,12892.65,1429.08,36472.17,14.93,98.07,2.21,0.19,83.26,60.32,44.55,67.63,11.94,98.34,Suboptimal
UNI2804,West,Undergraduate,19842.25,3298.59,289231.51,54.3,98.63,3.99,0.8,89.85,61.85,52.36,87.64,8.44,96.1,Optimal
UNI2805,Central,Vocational,14258.91,799.57,10000.0,34.51,98.38,1.66,0.48,14.13,77.47,60.18,49.17,11.29,98.15,Suboptimal
UNI2806,Central,Undergraduate,7282.59,1898.46,273404.32,70.44,98.7,5.98,1.29,94.26,61.53,38.05,78.07,1.0,98.13,Suboptimal
UNI2807,West,Vocational,8300.86,974.32,10000.0,43.09,98.73,1.35,0.05,5.0,44.83,5.0,67.62,8.83,99.47,Suboptimal
UNI2808,East,Undergraduate,35382.56,2063.84,212485.48,53.9,100.0,1.33,0.65,102.15,75.35,71.89,87.84,19.3,100.0,Optimal
UNI2809,East,Vocational,12622.59,2955.39,135761.29,51.65,100.0,5.17,0.63,57.07,80.58,54.61,54.56,1.0,99.05,Optimal
UNI2810,East,Vocational,6091.27,777.83,10000.0,62.06,98.88,3.44,0.36,51.66,67.85,77.29,66.09,9.66,99.48,Optimal
UNI2811,East,Vocational,21505.1,1419.77,108827.04,51.67,99.4,3.71,1.08,39.03,58.01,40.5,52.95,10.99,100.0,Suboptimal
UNI2812,West,Undergraduate,27919.5,1575.39,150187.31,65.94,99.07,0.5,0.55,91.14,68.48,46.85,93.95,3.07,100.0,Optimal
UNI2813,Central,Vocational,3000.0,1874.29,10000.0,47.4,98.6,2.66,0.05,5.0,48.15,45.56,76.1,9.63,100.0,Suboptimal
UNI2814,East,Undergraduate,27598.7,2916.86,232414.49,64.4,100.0,5.1,0.69,81.87,78.97,57.14,72.28,14.63,99.3,Optimal
UNI2815,East,Undergraduate,13513.68,2607.8,108693.38,55.45,98.2,3.1,0.43,67.22,63.16,100.0,100.0,10.63,99.16,Optimal
UNI2816,Central,Vocational,3000.0,1105.04,216528.23,56.54,100.0,3.17,0.42,35.12,79.85,44.01,70.22,11.68,100.0,Suboptimal
UNI2817,Central,Vocational,6466.52,956.44,42175.73,39.43,99.5,4.0,0.32,48.58,49.83,33.93,70.32,10.27,98.7,Suboptimal
UNI2818,East,Vocational,7462.94,1073.49,112235.83,26.84,96.32,2.57,0.07,38.23,54.27,37.9,58.78,1.0,98.25,Suboptimal
UNI2819,West,Undergraduate,15044.55,2608.82,281453.24,23.12,96.63,4.05,0.95,77.64,58.71,84.98,68.81,3.54,97.37,Optimal
UNI2820,Central,Undergraduate,18050.0,3434.25,230607.07,52.35,95.68,4.56,0.87,99.33,54.59,76.87,72.24,13.72,98.88,Optimal
UNI2821,West,Vocational,3000.0,1238.02,107733.07,51.56,94.78,3.27,0.48,52.9,52.57,75.03,70.67,12.39,97.03,Suboptimal
UNI2822,East,Vocational,3000.0,200.0,169623.07,43.35,97.82,2.89,0.75,39.5,84.45,39.33,46.8,8.33,99.15,Suboptimal
UNI2823,Central,Undergraduate,16165.91,2209.11,179913.04,58.53,96.85,2.35,0.29,31.04,37.04,42.64,87.56,17.5,100.0,Suboptimal
UNI2824,East,Vocational,17625.08,200.0,87759.82,44.72,100.0,1.21,0.52,16.8,89.2,75.24,82.47,19.11,98.33,Optimal
UNI2825,East,Undergraduate,13801.39,2174.97,189218.39,44.25,98.44,3.64,0.37,45.29,49.22,55.54,84.71,17.71,96.94,Optimal
UNI2826,Central,Vocational,7819.25,877.71,158956.73,27.67,97.47,3.61,0.65,51.77,84.12,58.15,79.5,10.48,97.11,Suboptimal
UNI2827,Central,Undergraduate,5990.22,1148.31,237672.53,52.28,96.57,4.84,0.42,84.57,69.19,46.66,68.02,8.32,98.19,Suboptimal
UNI2828,East,Undergraduate,19832.17,2446.07,51003.81,68.12,100.0,4.72,0.76,102.03,86.32,87.18,83.12,17.09,99.06,Optimal
UNI2829,West,Vocational,18472.71,2270.6,10762.17,43.4,100.0,2.32,0.82,38.13,86.09,56.11,88.05,10.02,97.43,Suboptimal
UNI2830,East,Vocational,18824.67,1281.02,46148.17,56.36,97.88,3.56,0.66,42.33,78.32,55.05,82.99,10.02,100.0,Optimal
UNI2831,Central,Undergraduate,13674.05,2496.13,209100.24,28.16,96.23,2.6,0.08,69.82,82.54,57.92,40.96,10.85,96.23,Suboptimal
UNI2832,West,Vocational,3000.0,2847.01,10000.0,49.13,98.3,3.3,0.5,5.0,52.28,58.46,52.66,6.88,97.36,Suboptimal
UNI2833,Central,Undergraduate,10523.6,1937.71,164902.13,44.41,98.05,0.5,0.5,42.1,59.42,59.76,69.83,18.9,99.02,Optimal
UNI2834,West,Vocational,3000.0,200.0,53803.41,51.66,96.73,2.47,0.59,5.0,71.58,90.59,82.5,22.93,98.74,Optimal
UNI2835,Central,Vocational,11009.6,1806.86,52441.17,52.7,100.0,7.16,1.01,64.54,74.17,93.03,84.18,11.84,98.94,Optimal
UNI2836,West,Vocational,9290.4,833.95,10000.0,56.76,100.0,0.5,0.68,21.58,14.78,17.02,67.53,1.89,98.04,Suboptimal
UNI2837,Central,Undergraduate,33285.99,3889.78,369521.65,61.23,97.78,4.75,0.81,87.45,94.33,73.57,88.05,4.18,100.0,Optimal
UNI2838,Central,Undergraduate,12799.21,1755.62,173061.25,14.52,96.31,2.11,0.11,19.47,89.19,50.22,36.23,3.67,98.02,Suboptimal
UNI2839,East,Vocational,24326.74,200.0,10000.0,51.68,97.62,3.4,0.2,24.94,68.2,45.43,78.0,9.84,98.88,Suboptimal
UNI2840,Central,Undergraduate,7491.97,1390.61,109812.12,53.4,96.81,2.4,0.5,85.18,91.65,59.84,92.04,10.43,99.55,Optimal
UNI2841,East,Vocational,14115.62,1714.0,383801.78,54.83,99.03,4.7,0.82,32.38,49.69,69.76,56.49,3.92,100.0,Optimal
UNI2842,West,Undergraduate,3000.0,730.35,148415.52,49.68,96.57,2.1,0.16,67.24,62.11,54.82,75.86,12.41,99.62,Suboptimal
UNI2843,East,Undergraduate,17999.34,200.0,284232.29,49.37,99.31,2.55,0.55,66.62,68.63,55.66,69.56,15.94,98.79,Optimal
UNI2844,East,Vocational,3000.0,609.62,45183.23,24.83,96.77,4.32,0.67,11.69,67.01,59.29,80.02,7.5,98.2,Suboptimal
UNI2845,West,Undergraduate,27803.74,1806.88,207414.41,37.61,98.48,3.9,0.4,89.64,64.57,83.43,72.28,19.23,98.19,Optimal
UNI2846,East,Undergraduate,24892.08,1727.99,395272.81,32.78,98.28,2.52,0.73,100.29,94.68,75.43,94.02,17.48,99.58,Optimal
UNI2847,East,Vocational,17467.15,212.55,118824.71,41.38,97.91,2.34,0.3,30.05,60.52,64.71,75.36,15.58,98.98,Suboptimal
UNI2848,Central,Undergraduate,23737.7,1685.48,270822.31,56.08,99.2,2.25,0.57,49.32,56.22,30.13,74.86,9.78,100.0,Suboptimal
UNI2849,East,Undergraduate,7874.91,2146.41,198150.68,58.8,97.03,1.37,0.4,61.39,79.56,82.97,87.39,16.61,98.52,Optimal
UNI2850,East,Vocational,5430.25,1366.5,87609.76,21.21,99.41,4.93,0.27,44.13,77.8,87.15,90.03,19.68,96.91,Optimal
UNI2851,Central,Vocational,10727.55,2223.77,49328.84,43.99,95.17,4.13,0.75,32.76,68.12,81.57,90.76,19.65,97.67,Optimal
UNI2852,East,Undergraduate,31022.04,2077.06,105096.09,75.79,98.34,3.09,0.46,79.67,71.34,36.68,83.07,14.73,98.44,Optimal
UNI2853,East,Undergraduate,29484.8,1746.98,285030.53,62.29,98.38,4.01,0.68,123.03,57.89,67.06,92.83,17.35,100.0,Optimal
UNI2854,East,Undergraduate,26678.23,1842.29,420282.98,69.29,99.73,4.6,0.66,81.19,99.26,86.77,68.99,11.06,100.0,Optimal
UNI2855,East,Undergraduate,17370.99,2315.49,286843.08,56.71,95.83,4.41,0.87,103.15,83.75,56.72,62.89,17.06,99.1,Optimal
UNI2856,East,Vocational,8661.54,1604.5,33125.96,46.7,97.45,1.06,0.49,41.85,74.4,79.89,84.33,10.52,97.6,Optimal
UNI2857,East,Undergraduate,31837.64,2102.73,226702.82,44.0,98.17,5.07,0.95,55.05,64.38,51.58,77.38,6.9,99.27,Optimal
UNI2858,Central,Undergraduate,39608.83,3620.28,391533.87,59.29,100.0,3.79,0.82,99.64,96.97,76.13,94.86,17.76,99.42,Optimal
UNI2859,Central,Undergraduate,29337.4,2749.91,174706.86,73.97,98.11,5.2,0.8,84.39,76.48,85.45,65.38,6.94,100.0,Optimal
UNI2860,East,Undergraduate,18220.37,3122.97,46212.17,26.35,98.42,1.59,0.58,88.42,82.89,25.57,69.23,2.37,99.77,Optimal
UNI2861,East,Undergraduate,14051.36,1727.43,225862.94,50.18,98.37,1.09,0.79,85.2,61.65,57.75,59.71,5.47,97.4,Suboptimal
UNI2862,West,Vocational,7551.61,200.0,10000.0,27.69,96.28,2.25,0.42,36.52,73.86,54.02,67.95,9.61,96.9,Suboptimal
UNI2863,Central,Vocational,10001.41,1611.4,71904.77,47.49,98.8,2.99,0.27,67.27,50.96,80.05,75.73,11.6,98.25,Optimal
UNI2864,East,Undergraduate,14305.23,1934.45,110218.92,48.02,95.43,2.56,0.47,49.24,52.61,61.83,69.39,15.52,97.51,Suboptimal
UNI2865,Central,Vocational,8738.61,489.39,141226.41,45.18,95.15,1.66,0.39,58.92,76.61,60.39,47.93,15.01,96.17,Suboptimal
UNI2866,East,Vocational,13730.06,794.91,200036.63,51.42,99.3,4.24,0.24,61.82,74.5,75.25,82.74,16.66,98.92,Optimal
UNI2867,West,Vocational,28420.09,1980.64,94542.48,57.83,100.0,4.16,0.23,78.7,62.05,76.33,80.7,12.64,99.73,Optimal
